40.7128 -74.0060
37.7749 -122.4194
13568
24.5553 -81.7828 1
City1 24.5553 -81.7828 2.5
24.7133 -81.0906 1
City2 24.7133 -81.0906 3.0
24.7206 -81.0189 1
City3 24.7206 -81.0189 3.3
24.9239 -80.6281 1
City4 24.9239 -80.6281 4.3
25.0111 -80.5153 1
City5 25.0111 -80.5153 4.0
25.4475 -80.4794 1
City6 25.4475 -80.4794 3.9
25.4683 -80.4778 1
City7 25.4683 -80.4778 2.6
25.4950 -80.4294 1
City8 25.4950 -80.4294 3.6
25.5622 -80.3825 1
City9 25.5622 -80.3825 3.0
25.5803 -80.3469 1
City10 25.5803 -80.3469 2.8
25.5972 -80.3808 1
City11 25.5972 -80.3808 2.6
25.6047 -80.3539 1
City12 25.6047 -80.3539 2.6
25.6147 -80.3108 1
City13 25.6147 -80.3108 3.9
25.6311 -80.3692 1
City14 25.6311 -80.3692 2.8
25.6789 -80.3175 1
City15 25.6789 -80.3175 4.0
25.6933 -80.1631 1
City16 25.6933 -80.1631 3.3
25.7072 -80.2936 1
City17 25.7072 -80.2936 2.6
25.7072 -80.3258 1
City18 25.7072 -80.3258 3.4
25.7211 -80.2686 1
City19 25.7211 -80.2686 3.3
25.7264 -80.3556 1
City20 25.7264 -80.3556 3.5
25.7544 -80.3275 1
City21 25.7544 -80.3275 4.2
25.7631 -80.2964 1
City22 25.7631 -80.2964 3.7
25.7739 -80.1939 1
City23 25.7739 -80.1939 2.9
25.7903 -80.1303 1
City24 25.7903 -80.1303 3.8
25.8100 -80.3025 1
City25 25.8100 -80.3025 3.5
25.8219 -80.2897 1
City26 25.8219 -80.2897 4.0
25.8403 -80.3267 1
City27 25.8403 -80.3267 2.6
25.8458 -80.1542 1
City28 25.8458 -80.1542 3.4
25.8550 -80.1933 1
City29 25.8550 -80.1933 4.2
25.8572 -80.2783 1
City30 25.8572 -80.2783 3.8
25.8628 -80.1931 1
City31 25.8628 -80.1931 3.1
25.8647 -80.3247 1
City32 25.8647 -80.3247 3.0
25.8703 -80.2992 1
City33 25.8703 -80.2992 4.3
25.8781 -80.1258 1
City34 25.8781 -80.1258 4.1
25.8822 -80.1808 1
City35 25.8822 -80.1808 4.3
25.8872 -80.1314 1
City36 25.8872 -80.1314 2.8
25.8897 -80.1869 1
City37 25.8897 -80.1869 3.7
25.8914 -80.1272 1
City38 25.8914 -80.1272 3.3
25.9014 -97.4972 1
City39 25.9014 -97.4972 3.4
25.9019 -80.2506 1
City40 25.9019 -80.2506 4.1
25.9306 -80.3286 1
City41 25.9306 -80.3286 4.2
25.9328 -80.1628 1
City42 25.9328 -80.1628 3.8
25.9403 -80.2458 1
City43 25.9403 -80.2458 4.3
25.9481 -80.1508 1
City44 25.9481 -80.1508 3.9
25.9503 -80.1231 1
City45 25.9503 -80.1231 3.8
25.9619 -80.1769 1
City46 25.9619 -80.1769 3.1
25.9647 -80.1225 1
City47 25.9647 -80.1225 3.6
25.9647 -80.2417 1
City48 25.9647 -80.2417 2.7
25.9722 -81.7292 1
City49 25.9722 -81.7292 3.2
25.9808 -80.1486 1
City50 25.9808 -80.1486 4.2
25.9869 -80.2325 1
City51 25.9869 -80.2325 4.4
25.9875 -80.1750 1
City52 25.9875 -80.1750 3.8
26.0028 -80.2242 1
City53 26.0028 -80.2242 3.0
26.0108 -80.1497 1
City54 26.0108 -80.1497 3.8
26.0519 -80.1442 1
City55 26.0519 -80.1442 3.2
26.0569 -80.2719 1
City56 26.0569 -80.2719 2.5
26.0644 -80.2322 1
City57 26.0644 -80.2322 3.8
26.0714 -97.4761 1
City58 26.0714 -97.4761 3.9
26.0731 -97.2083 1
City59 26.0731 -97.2083 4.3
26.0883 -81.7264 1
City60 26.0883 -81.7264 3.4
26.0919 -97.9569 1
City61 26.0919 -97.9569 3.1
26.1000 -98.2628 1
City62 26.1000 -98.2628 3.5
26.1006 -97.2900 1
City63 26.1006 -97.2900 2.9
26.1033 -97.1644 1
City64 26.1033 -97.1644 2.5
26.1219 -80.1436 1
City65 26.1219 -80.1436 3.6
26.1272 -80.2333 1
City66 26.1272 -80.2333 2.9
26.1322 -97.6308 1
City67 26.1322 -97.6308 2.8
26.1400 -80.2136 1
City68 26.1400 -80.2136 3.9
26.1417 -81.7950 1
City69 26.1417 -81.7950 3.8
26.1494 -97.9133 1
City70 26.1494 -97.9133 3.9
26.1586 -97.8236 1
City71 26.1586 -97.8236 3.6
26.1592 -97.9906 1
City72 26.1592 -97.9906 3.3
26.1600 -80.1392 1
City73 26.1600 -80.1392 3.7
26.1661 -80.2086 1
City74 26.1661 -80.2086 3.4
26.1700 -98.0517 1
City75 26.1700 -98.0517 3.4
26.1833 -98.1228 1
City76 26.1833 -98.1228 4.3
26.1903 -97.6958 1
City77 26.1903 -97.6958 3.6
26.1917 -80.0967 1
City78 26.1917 -80.0967 4.0
26.1944 -98.1833 1
City79 26.1944 -98.1833 2.6
26.2022 -80.0942 1
City80 26.2022 -80.0942 3.2
26.2031 -98.2297 1
City81 26.2031 -98.2297 3.9
26.2156 -98.3250 1
City82 26.2156 -98.3250 2.9
26.2189 -81.7919 1
City83 26.2189 -81.7919 3.2
26.2256 -97.7578 1
City84 26.2256 -97.7578 3.8
26.2350 -97.5817 1
City85 26.2350 -97.5817 3.9
26.2375 -80.1250 1
City86 26.2375 -80.1250 4.3
26.2442 -80.2067 1
City87 26.2442 -80.2067 4.3
26.2467 -98.4811 1
City88 26.2467 -98.4811 4.2
26.2483 -97.7336 1
City89 26.2483 -97.7336 2.8
26.2564 -97.8247 1
City90 26.2564 -97.8247 3.7
26.2614 -81.8094 1
City91 26.2614 -81.8094 2.9
26.2825 -80.1072 1
City92 26.2825 -80.1072 3.0
26.2869 -98.3131 1
City93 26.2869 -98.3131 2.5
26.2931 -97.9928 1
City94 26.2931 -97.9928 4.0
26.2936 -80.0792 1
City95 26.2936 -80.0792 4.4
26.2936 -97.9603 1
City96 26.2936 -97.9603 4.0
26.2983 -97.9283 1
City97 26.2983 -97.9283 3.3
26.3014 -98.1631 1
City98 26.3014 -98.1631 4.1
26.3181 -80.1000 1
City99 26.3181 -80.1000 4.2
26.3306 -81.8269 1
City100 26.3306 -81.8269 4.1
26.3394 -81.7789 1
City101 26.3394 -81.7789 4.0
26.3583 -80.0833 1
City102 26.3583 -80.0833 3.0
26.3728 -97.9714 1
City103 26.3728 -97.9714 3.8
26.3794 -98.8200 1
City104 26.3794 -98.8200 2.8
26.3992 -80.0658 1
City105 26.3992 -80.0658 3.5
26.4047 -99.0156 1
City106 26.4047 -99.0156 3.8
26.4119 -97.7894 1
City107 26.4119 -97.7894 2.8
26.4183 -81.4175 1
City108 26.4183 -81.4175 3.1
26.4422 -98.0136 1
City109 26.4422 -98.0136 3.4
26.4486 -82.0225 1
City110 26.4486 -82.0225 3.9
26.4517 -81.9483 1
City111 26.4517 -81.9483 3.1
26.4611 -80.0731 1
City112 26.4611 -80.0731 2.7
26.4669 -81.8017 1
City113 26.4669 -81.8017 3.7
26.5250 -80.0667 1
City114 26.5250 -80.0667 3.7
26.5267 -80.0486 1
City115 26.5267 -80.0486 2.7
26.5625 -81.9497 1
City116 26.5625 -81.9497 2.6
26.5661 -80.0536 1
City117 26.5661 -80.0536 3.2
26.5864 -80.0522 1
City118 26.5864 -80.0522 2.9
26.5886 -80.0389 1
City119 26.5886 -80.0389 2.7
26.6156 -80.0572 1
City120 26.6156 -80.0572 2.9
26.6233 -80.1256 1
City121 26.6233 -80.1256 4.4
26.6250 -81.6250 1
City122 26.6250 -81.6250 3.4
26.6403 -81.8725 1
City123 26.6403 -81.8725 2.6
26.6450 -80.0761 1
City124 26.6450 -80.0761 4.0
26.6636 -80.7164 1
City125 26.6636 -80.7164 4.2
26.6669 -81.8803 1
City126 26.6669 -81.8803 3.5
26.6744 -81.8153 1
City127 26.6744 -81.8153 4.3
26.6842 -80.6678 1
City128 26.6842 -80.6678 2.8
26.6908 -80.1203 1
City129 26.6908 -80.1203 4.4
26.7053 -80.0367 1
City130 26.7053 -80.0367 2.8
26.7089 -81.7461 1
City131 26.7089 -81.7461 4.2
26.7150 -80.0536 1
City132 26.7150 -80.0536 3.1
26.7372 -80.9511 1
City133 26.7372 -80.9511 2.8
26.7539 -80.9339 1
City134 26.7539 -80.9339 3.7
26.7600 -80.0739 1
City135 26.7600 -80.0739 3.8
26.7614 -81.4386 1
City136 26.7614 -81.4386 4.1
26.7750 -80.0583 1
City137 26.7750 -80.0583 4.3
26.7778 -80.0358 1
City138 26.7778 -80.0358 3.5
26.8000 -80.0667 1
City139 26.8000 -80.0667 4.0
26.8172 -80.0822 1
City140 26.8172 -80.0822 3.4
26.8197 -80.6656 1
City141 26.8197 -80.6656 3.9
26.8328 -81.0933 1
City142 26.8328 -81.0933 4.3
26.8417 -81.0964 1
City143 26.8417 -81.0964 3.3
26.8794 -80.0536 1
City144 26.8794 -80.0536 3.7
26.8833 -82.2903 1
City145 26.8833 -82.2903 3.8
26.9069 -99.2711 1
City146 26.9069 -99.2711 3.4
26.9097 -82.0542 1
City147 26.9097 -82.0542 3.2
26.9139 -82.3272 1
City148 26.9139 -82.3272 2.8
26.9294 -82.0456 1
City149 26.9294 -82.0456 2.9
26.9339 -80.0944 1
City150 26.9339 -80.0944 4.1
26.9467 -82.0261 1
City151 26.9467 -82.0261 3.4
26.9581 -82.0672 1
City152 26.9581 -82.0672 3.5
26.9614 -81.9842 1
City153 26.9614 -81.9842 3.4
26.9758 -82.0908 1
City154 26.9758 -82.0908 3.1
27.0269 -80.4858 1
City155 27.0269 -80.4858 3.8
27.0500 -82.2500 1
City156 27.0500 -82.2500 3.8
27.0528 -82.4244 1
City157 27.0528 -82.4244 3.7
27.0567 -82.3786 1
City158 27.0567 -82.3786 2.5
27.0592 -80.1367 1
City159 27.0592 -80.1367 4.4
27.0728 -82.4078 1
City160 27.0728 -82.4078 4.0
27.0994 -82.4544 1
City161 27.0994 -82.4544 3.4
27.1189 -82.4444 1
City162 27.1189 -82.4444 3.9
27.1300 -82.4533 1
City163 27.1300 -82.4533 3.0
27.1439 -80.2008 1
City164 27.1439 -80.2008 3.0
27.1675 -80.2664 1
City165 27.1675 -80.2664 3.0
27.1958 -82.4906 1
City166 27.1958 -82.4906 2.6
27.1972 -80.2531 1
City167 27.1972 -80.2531 2.6
27.2156 -81.8586 1
City168 27.2156 -81.8586 2.8
27.2172 -80.2700 1
City169 27.2172 -80.2700 3.8
27.2192 -80.2394 1
City170 27.2192 -80.2394 2.6
27.2217 -82.4981 1
City171 27.2217 -82.4981 3.5
27.2267 -98.1439 1
City172 27.2267 -98.1439 3.7
27.2436 -80.8300 1
City173 27.2436 -80.8300 2.8
27.2517 -80.8142 1
City174 27.2517 -80.8142 4.3
27.2542 -80.2300 1
City175 27.2542 -80.2300 3.0
27.2836 -82.4808 1
City176 27.2836 -82.4808 3.8
27.2928 -81.3631 1
City177 27.2928 -81.3631 4.2
27.3064 -98.6781 1
City178 27.3064 -98.6781 4.3
27.3294 -82.4578 1
City179 27.3294 -82.4578 2.8
27.3361 -82.5308 1
City180 27.3361 -82.5308 3.4
27.3603 -98.1233 1
City181 27.3603 -98.1233 2.7
27.4097 -82.5694 1
City182 27.4097 -82.5694 3.0
27.4122 -82.6592 1
City183 27.4122 -82.6592 3.3
27.4242 -82.5803 1
City184 27.4242 -82.5803 4.3
27.4250 -82.5906 1
City185 27.4250 -82.5906 2.9
27.4464 -80.3258 1
City186 27.4464 -80.3258 2.8
27.4472 -82.5464 1
City187 27.4472 -82.5464 3.3
27.4667 -82.7042 1
City188 27.4667 -82.7042 2.7
27.4689 -82.6864 1
City189 27.4689 -82.6864 4.4
27.4692 -82.5417 1
City190 27.4692 -82.5417 2.9
27.4931 -81.7961 1
City191 27.4931 -81.7961 3.6
27.4953 -81.4411 1
City192 27.4953 -81.4411 3.6
27.4972 -82.7092 1
City193 27.4972 -82.7092 2.6
27.4986 -82.5750 1
City194 27.4986 -82.5750 2.7
27.5061 -99.5072 1
City195 27.5061 -99.5072 4.4
27.5119 -82.6322 1
City196 27.5119 -82.6322 4.4
27.5156 -97.8558 1
City197 27.5156 -97.8558 2.8
27.5211 -82.5725 1
City198 27.5211 -82.5725 4.3
27.5214 -82.5278 1
City199 27.5214 -82.5278 4.1
27.5308 -82.7336 1
City200 27.5308 -82.7336 3.9
27.5356 -82.5614 1
City201 27.5356 -82.5614 2.9
27.5428 -80.4025 1
City202 27.5428 -80.4025 3.4
27.5469 -81.8117 1
City203 27.5469 -81.8117 4.3
27.5858 -97.7989 1
City204 27.5858 -97.7989 3.2
27.5956 -81.5064 1
City205 27.5956 -81.5064 3.8
27.5986 -98.4078 1
City206 27.5986 -98.4078 4.0
27.6381 -81.8242 1
City207 27.6381 -81.8242 2.8
27.6383 -80.3975 1
City208 27.6383 -80.3975 3.7
27.6742 -97.7483 1
City209 27.6742 -97.7483 3.4
27.6750 -80.4094 1
City210 27.6750 -80.4094 4.1
27.7122 -82.2992 1
City211 27.7122 -82.2992 2.7
27.7164 -80.3844 1
City212 27.7164 -80.3844 4.3
27.7206 -82.4333 1
City213 27.7206 -82.4333 3.3
27.7456 -81.5308 1
City214 27.7456 -81.5308 2.6
27.7481 -80.4364 1
City215 27.7481 -80.4364 3.1
27.7481 -82.7036 1
City216 27.7481 -82.7036 2.9
27.7519 -81.8019 1
City217 27.7519 -81.8019 3.1
27.7519 -98.0694 1
City218 27.7519 -98.0694 4.0
27.7547 -82.7378 1
City219 27.7547 -82.7378 4.0
27.7636 -98.2386 1
City220 27.7636 -98.2386 2.8
27.7675 -80.6017 1
City221 27.7675 -80.6017 3.8
27.7689 -82.7692 1
City222 27.7689 -82.7692 4.0
27.7814 -97.9083 1
City223 27.7814 -97.9083 3.6
27.7900 -97.6686 1
City224 27.7900 -97.6686 2.5
27.7950 -81.9806 1
City225 27.7950 -81.9806 3.7
27.7978 -82.7975 1
City226 27.7978 -82.7975 3.9
27.8003 -97.3961 1
City227 27.8003 -97.3961 2.7
27.8083 -82.8114 1
City228 27.8083 -82.8114 2.8
27.8139 -82.7783 1
City229 27.8139 -82.7783 3.2
27.8158 -82.8208 1
City230 27.8158 -82.8208 3.2
27.8258 -82.8292 1
City231 27.8258 -82.8292 3.0
27.8336 -97.0608 1
City232 27.8336 -97.0608 3.1
27.8356 -80.4933 1
City233 27.8356 -80.4933 2.5
27.8425 -82.6997 1
City234 27.8425 -82.6997 3.7
27.8625 -82.8486 1
City235 27.8625 -82.8486 3.1
27.8750 -82.8514 1
City236 27.8750 -82.8514 4.4
27.8769 -97.3236 1
City237 27.8769 -97.3236 2.8
27.8775 -97.2114 1
City238 27.8775 -97.2114 3.6
27.8803 -80.5006 1
City239 27.8803 -80.5006 2.9
27.8825 -98.6175 1
City240 27.8825 -98.6175 2.9
27.8950 -81.9736 1
City241 27.8950 -81.9736 4.0
27.8961 -81.8433 1
City242 27.8961 -81.8433 3.0
27.9011 -81.5861 1
City243 27.9011 -81.5861 2.9
27.9092 -82.7875 1
City244 27.9092 -82.7875 3.2
27.9092 -97.1497 1
City245 27.9092 -97.1497 3.9
27.9142 -82.7056 1
City246 27.9142 -82.7056 2.8
27.9211 -82.8172 1
City247 27.9211 -82.8172 4.0
27.9219 -97.2897 1
City248 27.9219 -97.2897 4.4
27.9228 -82.8433 1
City249 27.9228 -82.8433 3.3
27.9356 -82.8064 1
City250 27.9356 -82.8064 3.8
27.9375 -82.2861 1
City251 27.9375 -82.2861 3.6
27.9456 -81.8006 1
City252 27.9456 -81.8006 3.2
27.9472 -82.4586 1
City253 27.9472 -82.4586 2.7
27.9503 -97.5819 1
City254 27.9503 -97.5819 4.1
27.9525 -81.7272 1
City255 27.9525 -81.7272 3.0
27.9564 -97.9367 1
City256 27.9564 -97.9367 4.0
27.9650 -81.8781 1
City257 27.9650 -81.8781 3.7
27.9656 -82.8003 1
City258 27.9656 -82.8003 3.9
27.9675 -81.9736 1
City259 27.9675 -81.9736 3.0
27.9781 -81.7567 1
City260 27.9781 -81.7567 2.9
27.9786 -81.6142 1
City261 27.9786 -81.6142 4.3
27.9786 -97.3983 1
City262 27.9786 -97.3983 2.8
27.9906 -82.6933 1
City263 27.9906 -82.6933 2.8
27.9936 -81.6903 1
City264 27.9936 -81.6903 4.3
27.9939 -82.2197 1
City265 27.9939 -82.2197 4.0
27.9944 -81.7383 1
City266 27.9944 -81.7383 4.2
28.0033 -80.5658 1
City267 28.0033 -80.5658 3.2
28.0083 -81.9078 1
City268 28.0083 -81.9078 2.8
28.0183 -82.1131 1
City269 28.0183 -82.1131 3.5
28.0194 -82.7719 1
City270 28.0194 -82.7719 2.9
28.0203 -97.0542 1
City271 28.0203 -97.0542 4.0
28.0219 -81.7331 1
City272 28.0219 -81.7331 3.3
28.0222 -81.6194 1
City273 28.0222 -81.6194 3.0
28.0314 -82.0150 1
City274 28.0314 -82.0150 3.7
28.0339 -82.6653 1
City275 28.0339 -82.6653 2.6
28.0342 -80.5889 1
City276 28.0342 -80.5889 3.1
28.0350 -82.3894 1
City277 28.0350 -82.3894 2.6
28.0364 -97.5089 1
City278 28.0364 -97.5089 2.6
28.0408 -99.3542 1
City279 28.0408 -99.3542 4.0
28.0442 -81.6281 1
City280 28.0442 -81.6281 3.7
28.0611 -97.0408 1
City281 28.0611 -97.0408 3.8
28.0650 -81.7889 1
City282 28.0650 -81.7889 3.4
28.0681 -80.5606 1
City283 28.0681 -80.5606 2.5
28.0714 -80.6536 1
City284 28.0714 -80.6536 2.6
28.0719 -80.6803 1
City285 28.0719 -80.6803 3.9
28.0778 -82.7639 1
City286 28.0778 -82.7639 3.8
28.0786 -80.6028 1
City287 28.0786 -80.6028 3.5
28.0850 -80.6667 1
City288 28.0850 -80.6667 2.8
28.0892 -80.5658 1
City289 28.0892 -80.5658 3.8
28.0917 -81.7236 1
City290 28.0917 -81.7236 2.6
28.0942 -97.8278 1
City291 28.0942 -97.8278 3.2
28.1139 -81.6181 1
City292 28.1139 -81.6181 2.8
28.1144 -81.9739 1
City293 28.1144 -81.9739 4.0
28.1206 -82.0233 1
City294 28.1206 -82.0233 4.4
28.1356 -80.6719 1
City295 28.1356 -80.6719 3.8
28.1458 -82.7569 1
City296 28.1458 -82.7569 2.6
28.1486 -80.5886 1
City297 28.1486 -80.5886 4.0
28.1508 -82.4617 1
City298 28.1508 -82.4617 4.1
28.1611 -81.6019 1
City299 28.1611 -81.6019 2.9
28.1758 -80.5903 1
City300 28.1758 -80.5903 2.9
28.1822 -81.8242 1
City301 28.1822 -81.8242 3.3
28.1875 -82.7397 1
City302 28.1875 -82.7397 3.3
28.2164 -82.7225 1
City303 28.2164 -82.7225 3.4
28.2333 -82.1814 1
City304 28.2333 -82.1814 3.8
28.2381 -97.3197 1
City305 28.2381 -97.3197 2.8
28.2439 -82.7194 1
City306 28.2439 -82.7194 4.0
28.2586 -81.4567 1
City307 28.2586 -81.4567 3.8
28.2714 -82.7197 1
City308 28.2714 -82.7197 3.0
28.2917 -81.4078 1
City309 28.2917 -81.4078 2.9
28.3050 -97.2750 1
City310 28.3050 -97.2750 3.0
28.3197 -80.6078 1
City311 28.3197 -80.6078 3.4
28.3322 -98.1172 1
City312 28.3322 -98.1172 3.5
28.3358 -82.2747 1
City313 28.3358 -82.2747 3.3
28.3506 -80.7256 1
City314 28.3506 -80.7256 2.9
28.3644 -82.1961 1
City315 28.3644 -82.1961 3.9
28.3858 -80.7422 1
City316 28.3858 -80.7422 4.1
28.4006 -97.7481 1
City317 28.4006 -97.7481 3.1
28.4056 -80.6050 1
City318 28.4056 -80.6050 3.3
28.4150 -96.7133 1
City319 28.4150 -96.7133 3.0
28.4319 -80.7603 1
City320 28.4319 -80.7603 3.0
28.4367 -99.2347 1
City321 28.4367 -99.2347 3.1
28.4569 -81.3917 1
City322 28.4569 -81.3917 3.7
28.4581 -81.3594 1
City323 28.4581 -81.3594 2.5
28.4600 -98.1822 1
City324 28.4600 -98.1822 3.4
28.4656 -82.1722 1
City325 28.4656 -82.1722 3.1
28.4717 -81.3681 1
City326 28.4717 -81.3681 4.3
28.4858 -81.3725 1
City327 28.4858 -81.3725 2.6
28.4953 -81.5350 1
City328 28.4953 -81.5350 2.8
28.5025 -81.3308 1
City329 28.5025 -81.3308 3.7
28.5072 -82.1706 1
City330 28.5072 -82.1706 4.2
28.5217 -99.8603 1
City331 28.5217 -99.8603 4.3
28.5381 -81.3794 1
City332 28.5381 -81.3794 3.1
28.5381 -81.4606 1
City333 28.5381 -81.4606 3.5
28.5408 -81.3008 1
City334 28.5408 -81.3008 3.5
28.5492 -81.7731 1
City335 28.5492 -81.7731 3.7
28.5544 -81.1067 1
City336 28.5544 -81.1067 3.8
28.5547 -81.6333 1
City337 28.5547 -81.6333 3.1
28.5550 -82.3881 1
City338 28.5550 -82.3881 3.8
28.5578 -81.8514 1
City339 28.5578 -81.8514 3.7
28.5650 -81.5864 1
City340 28.5650 -81.5864 4.1
28.5689 -81.5442 1
City341 28.5689 -81.5442 3.1
28.5731 -99.5683 1
City342 28.5731 -99.5683 3.2
28.5742 -81.7464 1
City343 28.5742 -81.7464 3.4
28.5781 -81.8869 1
City344 28.5781 -81.8869 3.0
28.5908 -81.3944 1
City345 28.5908 -81.3944 3.7
28.5997 -81.3394 1
City346 28.5997 -81.3394 4.3
28.6097 -82.0553 1
City347 28.6097 -82.0553 2.9
28.6119 -80.8078 1
City348 28.6119 -80.8078 2.7
28.6144 -81.3808 1
City349 28.6144 -81.3808 4.4
28.6147 -96.6258 1
City350 28.6147 -96.6258 2.6
28.6192 -81.4428 1
City351 28.6192 -81.4428 3.2
28.6417 -81.1236 1
City352 28.6417 -81.1236 3.2
28.6475 -96.8922 1
City353 28.6475 -96.8922 4.2
28.6489 -81.3514 1
City354 28.6489 -81.3514 4.1
28.6497 -81.9928 1
City355 28.6497 -81.9928 3.5
28.6608 -81.3658 1
City356 28.6608 -81.3658 3.6
28.6614 -81.4192 1
City357 28.6614 -81.4192 3.7
28.6617 -81.5097 1
City358 28.6617 -81.5097 3.2
28.6647 -82.1131 1
City359 28.6647 -82.1131 3.9
28.6650 -80.8450 1
City360 28.6650 -80.8450 3.9
28.6672 -99.1703 1
City361 28.6672 -99.1703 3.7
28.6681 -97.3881 1
City362 28.6681 -97.3881 3.9
28.6697 -81.2083 1
City363 28.6697 -81.2083 3.7
28.6772 -99.8278 1
City364 28.6772 -99.8278 3.0
28.6775 -81.3281 1
City365 28.6775 -81.3281 4.1
28.6794 -96.5600 1
City366 28.6794 -96.5600 4.0
28.6803 -81.5097 1
City367 28.6803 -81.5097 3.5
28.6986 -81.3083 1
City368 28.6986 -81.3083 3.6
28.7078 -96.2172 1
City369 28.7078 -96.2172 4.4
28.7089 -100.4992 1
City370 28.7089 -100.4992 2.7
28.7094 -81.7331 1
City371 28.7094 -81.7331 3.0
28.7308 -81.6014 1
City372 28.7308 -81.6014 3.8
28.7394 -81.1153 1
City373 28.7394 -81.1153 2.6
28.7500 -82.2969 1
City374 28.7500 -82.2969 3.3
28.7556 -82.0950 1
City375 28.7556 -82.0950 4.2
28.7586 -81.3181 1
City376 28.7586 -81.3181 3.7
28.7811 -82.6153 1
City377 28.7811 -82.6153 4.0
28.7994 -82.0703 1
City378 28.7994 -82.0703 3.1
28.8003 -81.2733 1
City379 28.8003 -81.2733 3.6
28.8022 -81.6447 1
City380 28.8022 -81.6447 2.9
28.8039 -81.7258 1
City381 28.8039 -81.7258 2.8
28.8106 -81.8781 1
City382 28.8106 -81.8781 2.7
28.8189 -97.8483 1
City383 28.8189 -97.8483 3.6
28.8356 -82.3306 1
City384 28.8356 -82.3306 3.3
28.8403 -81.7689 1
City385 28.8403 -81.7689 4.2
28.8525 -81.6856 1
City386 28.8525 -81.6856 3.3
28.8611 -81.9067 1
City387 28.8611 -81.9067 2.9
28.8617 -98.7061 1
City388 28.8617 -98.7061 3.1
28.8650 -82.0392 1
City389 28.8650 -82.0392 2.7
28.8831 -97.7128 1
City390 28.8831 -97.7128 4.3
28.8847 -97.9006 1
City391 28.8847 -97.9006 3.0
28.8919 -99.0947 1
City392 28.8919 -99.0947 2.7
28.9003 -81.2639 1
City393 28.9003 -81.2639 2.6
28.9006 -82.3747 1
City394 28.9006 -82.3747 3.9
28.9022 -82.5928 1
City395 28.9022 -82.5928 3.0
28.9172 -81.9231 1
City396 28.9172 -81.9231 2.9
28.9178 -98.5461 1
City397 28.9178 -98.5461 3.4
28.9292 -81.6658 1
City398 28.9292 -81.6658 2.9
28.9408 -99.8494 1
City399 28.9408 -99.8494 3.4
28.9442 -95.2886 1
City400 28.9442 -95.2886 3.1
28.9486 -81.2989 1
City401 28.9486 -81.2989 3.5
28.9539 -95.3594 1
City402 28.9539 -95.3594 3.1
28.9600 -96.0650 1
City403 28.9600 -96.0650 3.2
28.9669 -98.4783 1
City404 28.9669 -98.4783 3.2
28.9783 -96.6458 1
City405 28.9783 -96.6458 4.3
28.9806 -81.2336 1
City406 28.9806 -81.2336 3.2
28.9808 -97.5025 1
City407 28.9808 -97.5025 3.4
28.9825 -95.9692 1
City408 28.9825 -95.9692 3.0
28.9825 -98.0172 1
City409 28.9825 -98.0172 4.3
28.9886 -80.9025 1
City410 28.9886 -80.9025 4.0
29.0028 -95.3317 1
City411 29.0028 -95.3317 2.8
29.0175 -95.8892 1
City412 29.0175 -95.8892 3.0
29.0244 -95.3986 1
City413 29.0244 -95.3986 3.7
29.0256 -80.9272 1
City414 29.0256 -80.9272 3.7
29.0256 -80.9722 1
City415 29.0256 -80.9722 2.7
29.0297 -82.7161 1
City416 29.0297 -82.7161 4.4
29.0300 -82.6689 1
City417 29.0300 -82.6689 3.9
29.0336 -95.4342 1
City418 29.0336 -95.4342 3.1
29.0386 -95.6983 1
City419 29.0386 -95.6983 2.6
29.0403 -96.5133 1
City420 29.0403 -96.5133 2.9
29.0403 -98.5678 1
City421 29.0403 -98.5678 3.5
29.0442 -95.5689 1
City422 29.0442 -95.5689 3.8
29.0489 -82.4611 1
City423 29.0489 -82.4611 4.3
29.0550 -82.0625 1
City424 29.0550 -82.0625 3.8
29.0558 -95.4097 1
City425 29.0558 -95.4097 3.7
29.0694 -98.0817 1
City426 29.0694 -98.0817 3.9
29.0936 -97.2889 1
City427 29.0936 -97.2889 3.5
29.0961 -80.9372 1
City428 29.0961 -80.9372 2.5
29.1192 -81.3517 1
City429 29.1192 -81.3517 3.3
29.1333 -98.1558 1
City430 29.1333 -98.1558 3.3
29.1383 -83.0353 1
City431 29.1383 -83.0353 3.6
29.1397 -98.9050 1
City432 29.1397 -98.9050 3.2
29.1436 -95.6450 1
City433 29.1436 -95.6450 3.2
29.1656 -81.0047 1
City434 29.1656 -81.0047 2.6
29.1692 -95.4317 1
City435 29.1692 -95.4317 3.2
29.1758 -80.9831 1
City436 29.1758 -80.9831 3.9
29.1869 -82.1403 1
City437 29.1869 -82.1403 4.0
29.1894 -98.8622 1
City438 29.1894 -98.8622 2.7
29.1964 -96.2694 1
City439 29.1964 -96.2694 3.1
29.2094 -99.7858 1
City440 29.2094 -99.7858 3.7
29.2106 -81.0231 1
City441 29.2106 -81.0231 3.0
29.2261 -98.6575 1
City442 29.2261 -98.6575 3.8
29.2281 -95.3447 1
City443 29.2281 -95.3447 3.8
29.2367 -97.9597 1
City444 29.2367 -97.9597 2.9
29.2392 -81.4658 1
City445 29.2392 -81.4658 3.9
29.2433 -81.0378 1
City446 29.2433 -81.0378 3.1
29.2672 -97.7642 1
City447 29.2672 -97.7642 4.2
29.2856 -81.0561 1
City448 29.2856 -81.0561 2.6
29.2875 -97.1517 1
City449 29.2875 -97.1517 2.8
29.2947 -95.2786 1
City450 29.2947 -95.2786 3.5
29.3103 -100.4175 1
City451 29.3103 -100.4175 3.2
29.3106 -98.8097 1
City452 29.3106 -98.8097 2.5
29.3114 -96.1025 1
City453 29.3114 -96.1025 3.4
29.3172 -99.4661 1
City454 29.3172 -99.4661 2.8
29.3472 -99.1411 1
City455 29.3472 -99.1411 3.8
29.3481 -95.0158 1
City456 29.3481 -95.0158 4.1
29.3489 -81.0667 1
City457 29.3489 -81.0667 3.0
29.3556 -98.8783 1
City458 29.3556 -98.8783 4.2
29.3561 -98.1153 1
City459 29.3561 -98.1153 3.7
29.3625 -100.8964 1
City460 29.3625 -100.8964 3.9
29.3664 -82.1975 1
City461 29.3664 -82.1975 4.2
29.3789 -90.2600 1
City462 29.3789 -90.2600 3.1
29.3836 -94.9025 1
City463 29.3836 -94.9025 2.8
29.3872 -82.4469 1
City464 29.3872 -82.4469 4.4
29.3992 -95.8375 1
City465 29.3992 -95.8375 4.2
29.4236 -95.2439 1
City466 29.4236 -95.2439 3.1
29.4239 -98.4933 1
City467 29.4239 -98.4933 2.5
29.4289 -97.1703 1
City468 29.4289 -97.1703 3.2
29.4300 -81.5108 1
City469 29.4300 -81.5108 2.7
29.4383 -90.5953 1
City470 29.4383 -90.5953 4.0
29.4419 -90.2992 1
City471 29.4419 -90.2992 2.5
29.4436 -96.9408 1
City472 29.4436 -96.9408 3.4
29.4475 -82.6425 1
City473 29.4475 -82.6425 2.8
29.4506 -95.9944 1
City474 29.4506 -95.9944 3.5
29.4569 -94.6394 1
City475 29.4569 -94.6394 4.4
29.4606 -95.0511 1
City476 29.4606 -95.0511 3.7
29.4625 -95.3578 1
City477 29.4625 -95.3578 3.5
29.4631 -98.3853 1
City478 29.4631 -98.3853 2.9
29.4658 -81.2581 1
City479 29.4658 -81.2581 4.1
29.4747 -81.1272 1
City480 29.4747 -81.1272 2.6
29.4747 -98.4506 1
City481 29.4747 -98.4506 3.6
29.4786 -98.4872 1
City482 29.4786 -98.4872 4.1
29.4803 -89.6939 1
City483 29.4803 -89.6939 4.3
29.4822 -95.4153 1
City484 29.4822 -95.4153 3.0
29.4831 -94.9219 1
City485 29.4831 -94.9219 3.8
29.4847 -98.4656 1
City486 29.4847 -98.4656 3.3
29.4878 -98.5514 1
City487 29.4878 -98.5514 3.5
29.4950 -98.6183 1
City488 29.4950 -98.6183 3.3
29.5000 -81.5917 1
City489 29.5000 -81.5917 3.7
29.5014 -97.4522 1
City490 29.5014 -97.4522 2.8
29.5044 -82.2800 1
City491 29.5044 -82.2800 4.1
29.5067 -94.9922 1
City492 29.5067 -94.9922 4.0
29.5072 -95.0947 1
City493 29.5072 -95.0947 3.1
29.5153 -98.3800 1
City494 29.5153 -98.3800 3.5
29.5178 -98.3158 1
City495 29.5178 -98.3158 3.7
29.5231 -98.5161 1
City496 29.5231 -98.5161 4.4
29.5292 -95.2008 1
City497 29.5292 -95.2008 3.5
29.5297 -82.5192 1
City498 29.5297 -82.5192 4.2
29.5308 -96.0708 1
City499 29.5308 -96.0708 2.9
29.5375 -90.7200 1
City500 29.5375 -90.7200 2.7
29.5425 -90.3381 1
City501 29.5425 -90.3381 4.1
29.5425 -95.0203 1
City502 29.5425 -95.0203 3.5
29.5472 -95.0319 1
City503 29.5472 -95.0319 4.0
29.5478 -98.2908 1
City504 29.5478 -98.2908 4.1
29.5519 -98.2694 1
City505 29.5519 -98.2694 3.7
29.5533 -90.6022 1
City506 29.5533 -90.6022 3.3
29.5569 -95.8083 1
City507 29.5569 -95.8083 2.6
29.5606 -104.3717 1
City508 29.5606 -104.3717 3.4
29.5614 -98.2267 1
City509 29.5614 -98.2267 4.3
29.5633 -95.2858 1
City510 29.5633 -95.2858 2.7
29.5639 -95.0253 1
City511 29.5639 -95.0253 4.1
29.5686 -97.9644 1
City512 29.5686 -97.9644 3.8
29.5711 -98.1400 1
City513 29.5711 -98.1400 2.7
29.5722 -90.3817 1
City514 29.5722 -90.3817 2.5
29.5747 -97.1425 1
City515 29.5747 -97.1425 2.9
29.5819 -95.7606 1
City516 29.5819 -95.7606 3.6
29.5822 -98.4906 1
City517 29.5822 -98.4906 3.5
29.5847 -98.5522 1
City518 29.5847 -98.5522 3.9
29.5894 -96.3333 1
City519 29.5894 -96.3333 3.4
29.5917 -82.0875 1
City520 29.5917 -82.0875 3.4
29.5919 -98.0331 1
City521 29.5919 -98.0331 3.3
29.5956 -90.7194 1
City522 29.5956 -90.7194 2.7
29.6003 -98.4869 1
City523 29.6003 -98.4869 4.0
29.6131 -82.8178 1
City524 29.6131 -82.8178 3.7
29.6158 -95.5575 1
City525 29.6158 -95.5575 4.1
29.6183 -95.5375 1
City526 29.6183 -95.5375 3.3
29.6194 -95.6347 1
City527 29.6194 -95.6347 3.6
29.6200 -95.0097 1
City528 29.6200 -95.0097 3.8
29.6236 -81.8906 1
City529 29.6236 -81.8906 2.7
29.6311 -96.0650 1
City530 29.6311 -96.0650 3.2
29.6342 -83.1253 1
City531 29.6342 -83.1253 4.3
29.6458 -90.5392 1
City532 29.6458 -90.5392 4.3
29.6461 -82.6067 1
City533 29.6461 -82.6067 2.8
29.6483 -81.6378 1
City534 29.6483 -81.6378 2.7
29.6514 -82.3250 1
City535 29.6514 -82.3250 4.3
29.6581 -81.5986 1
City536 29.6581 -81.5986 3.8
29.6622 -94.8900 1
City537 29.6622 -94.8900 3.5
29.6628 -95.2353 1
City538 29.6628 -95.2353 3.6
29.6656 -95.0192 1
City539 29.6656 -95.0192 3.9
29.6661 -91.1019 1
City540 29.6661 -91.1019 4.2
29.6667 -90.1083 1
City541 29.6667 -90.1083 3.1
29.6692 -100.0119 1
City542 29.6692 -100.0119 2.6
29.6792 -95.9769 1
City543 29.6792 -95.9769 3.2
29.6803 -97.6472 1
City544 29.6803 -97.6472 3.2
29.6817 -96.9028 1
City545 29.6817 -96.9028 4.2
29.6875 -97.1083 1
City546 29.6875 -97.1083 3.1
29.6894 -91.2708 1
City547 29.6894 -91.2708 3.4
29.6897 -95.8994 1
City548 29.6897 -95.8994 4.2
29.6908 -95.2089 1
City549 29.6908 -95.2089 3.5
29.6931 -91.3019 1
City550 29.6931 -91.3019 4.2
29.6944 -91.2189 1
City551 29.6944 -91.2189 3.6
29.6992 -91.2067 1
City552 29.6992 -91.2067 3.3
29.7028 -96.7803 1
City553 29.7028 -96.7803 3.5
29.7028 -98.1242 1
City554 29.7028 -98.1242 2.8
29.7050 -95.1236 1
City555 29.7050 -95.1236 2.6
29.7056 -95.4586 1
City556 29.7056 -95.4586 3.1
29.7058 -95.4367 1
City557 29.7058 -95.4367 3.4
29.7064 -96.5394 1
City558 29.7064 -96.5394 4.0
29.7178 -81.5083 1
City559 29.7178 -81.5083 3.3
29.7178 -95.4336 1
City560 29.7178 -95.4336 3.2
29.7231 -90.1236 1
City561 29.7231 -90.1236 3.0
29.7256 -84.9833 1
City562 29.7256 -84.9833 4.2
29.7264 -99.0733 1
City563 29.7264 -99.0733 2.8
29.7272 -90.5989 1
City564 29.7272 -90.5989 3.8
29.7353 -94.9772 1
City565 29.7353 -94.9772 3.6
29.7364 -84.8786 1
City566 29.7364 -84.8786 2.7
29.7486 -96.6008 1
City567 29.7486 -96.6008 4.1
29.7597 -95.5169 1
City568 29.7597 -95.5169 2.5
29.7631 -95.3631 1
City569 29.7631 -95.3631 4.3
29.7672 -95.2336 1
City570 29.7672 -95.2336 4.3
29.7672 -95.5297 1
City571 29.7672 -95.5297 3.4
29.7703 -95.4953 1
City572 29.7703 -95.4953 3.6
29.7728 -94.6825 1
City573 29.7728 -94.6825 4.2
29.7758 -95.1144 1
City574 29.7758 -95.1144 3.5
29.7772 -95.5169 1
City575 29.7772 -95.5169 4.2
29.7781 -95.1717 1
City576 29.7781 -95.1717 3.9
29.7806 -96.1569 1
City577 29.7806 -96.1569 2.8
29.7856 -95.8242 1
City578 29.7856 -95.8242 3.1
29.7858 -82.0317 1
City579 29.7858 -82.0317 2.7
29.7858 -95.9508 1
City580 29.7858 -95.9508 3.0
29.7894 -82.1675 1
City581 29.7894 -82.1675 3.6
29.7897 -94.3831 1
City582 29.7897 -94.3831 3.8
29.7928 -96.1006 1
City583 29.7928 -96.1006 3.5
29.7944 -98.7317 1
City584 29.7944 -98.7317 3.9
29.7956 -82.4944 1
City585 29.7956 -82.4944 3.0
29.7956 -90.8228 1
City586 29.7956 -90.8228 3.7
29.7958 -91.5014 1
City587 29.7958 -91.5014 3.8
29.7975 -93.3250 1
City588 29.7975 -93.3250 3.5
29.8186 -95.0558 1
City589 29.8186 -95.0558 3.6
29.8200 -94.3839 1
City590 29.8200 -94.3839 3.7
29.8236 -90.4750 1
City591 29.8236 -90.4750 3.4
29.8267 -82.5969 1
City592 29.8267 -82.5969 3.9
29.8372 -90.9561 1
City593 29.8372 -90.9561 3.4
29.8378 -91.5442 1
City594 29.8378 -91.5442 2.9
29.8475 -94.8906 1
City595 29.8475 -94.8906 3.9
29.8531 -84.6644 1
City596 29.8531 -84.6644 3.1
29.8547 -89.9906 1
City597 29.8547 -89.9906 3.2
29.8678 -95.1281 1
City598 29.8678 -95.1281 3.3
29.8797 -95.0628 1
City599 29.8797 -95.0628 3.4
29.8831 -97.9411 1
City600 29.8831 -97.9411 4.2
29.8847 -97.6697 1
City601 29.8847 -97.6697 3.3
29.8875 -95.5628 1
City602 29.8875 -95.5628 2.6
29.8956 -89.8978 1
City603 29.8956 -89.8978 3.7
29.8986 -93.9286 1
City604 29.8986 -93.9286 4.1
29.8992 -90.1003 1
City605 29.8992 -90.1003 2.8
29.9022 -95.5022 1
City606 29.9022 -95.5022 3.2
29.9033 -90.0772 1
City607 29.9033 -90.0772 2.8
29.9053 -96.8764 1
City608 29.9053 -96.8764 3.8
29.9058 -90.1422 1
City609 29.9058 -90.1422 2.7
29.9061 -90.3561 1
City610 29.9061 -90.3561 3.8
29.9100 -90.0325 1
City611 29.9100 -90.0325 3.0
29.9108 -91.6633 1
City612 29.9108 -91.6633 3.2
29.9117 -95.0619 1
City613 29.9117 -95.0619 3.6
29.9144 -90.0539 1
City614 29.9144 -90.0539 2.9
29.9175 -93.9242 1
City615 29.9175 -93.9242 3.6
29.9183 -90.2108 1
City616 29.9183 -90.2108 3.4
29.9319 -90.3664 1
City617 29.9319 -90.3664 3.7
29.9322 -95.3800 1
City618 29.9322 -95.3800 4.1
29.9361 -90.6786 1
City619 29.9361 -90.6786 2.8
29.9403 -90.2031 1
City620 29.9403 -90.2031 3.4
29.9403 -91.0247 1
City621 29.9403 -91.0247 2.6
29.9425 -89.9633 1
City622 29.9425 -89.9633 2.7
29.9428 -90.3517 1
City623 29.9428 -90.3517 4.3
29.9439 -82.1100 1
City624 29.9439 -82.1100 2.9
29.9478 -85.4181 1
City625 29.9478 -85.4181 3.2
29.9481 -91.9886 1
City626 29.9481 -91.9886 4.0
29.9481 -93.9169 1
City627 29.9481 -93.9169 3.7
29.9500 -96.2569 1
City628 29.9500 -96.2569 2.7
29.9542 -90.0053 1
City629 29.9542 -90.0053 3.1
29.9544 -90.0750 1
City630 29.9544 -90.0750 2.8
29.9581 -92.0358 1
City631 29.9581 -92.0358 3.5
29.9589 -82.9283 1
City632 29.9589 -82.9283 2.7
29.9650 -91.2031 1
City633 29.9650 -91.2031 2.8
29.9675 -98.9047 1
City634 29.9675 -98.9047 3.4
29.9742 -93.9922 1
City635 29.9742 -93.9922 2.5
29.9764 -90.4089 1
City636 29.9764 -90.4089 2.8
29.9778 -90.3878 1
City637 29.9778 -90.3878 4.2
29.9794 -81.8106 1
City638 29.9794 -81.8106 3.4
29.9839 -90.1528 1
City639 29.9839 -90.1528 3.8
29.9889 -97.8769 1
City640 29.9889 -97.8769 4.3
29.9911 -93.9583 1
City641 29.9911 -93.9583 2.6
29.9917 -81.6783 1
City642 29.9917 -81.6783 4.2
29.9939 -90.2417 1
City643 29.9939 -90.2417 2.9
29.9978 -92.2847 1
City644 29.9978 -92.2847 4.3
29.9989 -90.4122 1
City645 29.9989 -90.4122 4.0
30.0033 -91.8186 1
City646 30.0033 -91.8186 4.1
30.0108 -90.7194 1
City647 30.0108 -90.7194 3.2
30.0156 -100.2050 1
City648 30.0156 -100.2050 2.7
30.0206 -93.8456 1
City649 30.0206 -93.8456 2.8
30.0225 -82.3397 1
City650 30.0225 -82.3397 3.1
30.0258 -92.5083 1
City651 30.0258 -92.5083 2.9
30.0272 -94.5914 1
City652 30.0272 -94.5914 2.7
30.0356 -94.4242 1
City653 30.0356 -94.4242 3.5
30.0403 -90.6989 1
City654 30.0403 -90.6989 3.6
30.0439 -82.0719 1
City655 30.0439 -82.0719 3.8
30.0464 -94.8850 1
City656 30.0464 -94.8850 3.2
30.0472 -90.6897 1
City657 30.0472 -90.6897 3.3
30.0472 -99.1400 1
City658 30.0472 -99.1400 2.8
30.0478 -94.3356 1
City659 30.0478 -94.3356 3.6
30.0528 -83.1750 1
City660 30.0528 -83.1750 3.0
30.0536 -90.5517 1
City661 30.0536 -90.5517 3.9
30.0558 -90.6192 1
City662 30.0558 -90.6192 2.7
30.0564 -91.7369 1
City663 30.0564 -91.7369 3.6
30.0564 -95.9267 1
City664 30.0564 -95.9267 3.5
30.0664 -90.4800 1
City665 30.0664 -90.4800 2.9
30.0772 -99.2400 1
City666 30.0772 -99.2400 4.1
30.0806 -92.6714 1
City667 30.0806 -92.6714 3.7
30.0819 -93.7581 1
City668 30.0819 -93.7581 3.9
30.0850 -97.8400 1
City669 30.0850 -97.8400 3.6
30.0858 -94.1017 1
City670 30.0858 -94.1017 2.9
30.0928 -93.7364 1
City671 30.0928 -93.7364 2.6
30.0931 -95.9875 1
City672 30.0931 -95.9875 4.1
30.0972 -96.0781 1
City673 30.0972 -96.0781 4.4
30.0978 -98.4211 1
City674 30.0978 -98.4211 4.3
30.0994 -91.9900 1
City675 30.0994 -91.9900 4.1
30.1008 -90.9928 1
City676 30.1008 -90.9928 3.5
30.1025 -94.0517 1
City677 30.1025 -94.0517 3.8
30.1089 -94.8581 1
City678 30.1089 -94.8581 3.1
30.1103 -97.3150 1
City679 30.1103 -97.3150 3.4
30.1125 -85.2006 1
City680 30.1125 -85.2006 3.3
30.1131 -94.6428 1
City681 30.1131 -94.6428 3.7
30.1172 -83.5819 1
City682 30.1172 -83.5819 3.2
30.1217 -92.4981 1
City683 30.1217 -92.4981 2.9
30.1308 -85.6033 1
City684 30.1308 -85.6033 3.6
30.1314 -94.0153 1
City685 30.1314 -94.0153 3.2
30.1400 -94.4108 1
City686 30.1400 -94.4108 3.7
30.1422 -102.3936 1
City687 30.1422 -102.3936 3.7
30.1469 -91.9611 1
City688 30.1469 -91.9611 3.7
30.1522 -94.7389 1
City689 30.1522 -94.7389 2.7
30.1528 -85.5700 1
City690 30.1528 -85.5700 4.1
30.1586 -85.6603 1
City691 30.1586 -85.6603 4.3
30.1658 -81.7067 1
City692 30.1658 -81.7067 2.8
30.1667 -96.3975 1
City693 30.1667 -96.3975 4.2
30.1686 -93.3758 1
City694 30.1686 -93.3758 3.2
30.1697 -91.1469 1
City695 30.1697 -91.1469 4.0
30.1708 -85.6253 1
City696 30.1708 -85.6253 4.0
30.1758 -84.3753 1
City697 30.1758 -84.3753 4.3
30.1764 -85.8056 1
City698 30.1764 -85.8056 4.3
30.1806 -92.4642 1
City699 30.1806 -92.4642 4.0
30.1817 -93.2736 1
City700 30.1817 -93.2736 3.7
30.1825 -96.9361 1
City701 30.1825 -96.9361 4.0
30.1842 -90.8592 1
City702 30.1842 -90.8592 3.5
30.1894 -82.6394 1
City703 30.1894 -82.6394 4.4
30.1897 -92.5825 1
City704 30.1897 -92.5825 2.9
30.1906 -93.5811 1
City705 30.1906 -93.5811 4.2
30.1922 -82.6147 1
City706 30.1922 -82.6147 2.5
30.2008 -85.6269 1
City707 30.2008 -85.6269 4.2
30.2139 -92.3744 1
City708 30.2139 -92.3744 2.8
30.2142 -91.8319 1
City709 30.2142 -91.8319 4.4
30.2172 -91.0961 1
City710 30.2172 -91.0961 2.8
30.2222 -92.6569 1
City711 30.2222 -92.6569 3.9
30.2239 -92.0197 1
City712 30.2239 -92.0197 2.8
30.2256 -97.8033 1
City713 30.2256 -97.8033 3.2
30.2264 -93.2172 1
City714 30.2264 -93.2172 3.7
30.2328 -95.1608 1
City715 30.2328 -95.1608 4.0
30.2347 -92.2683 1
City716 30.2347 -92.2683 2.8
30.2356 -92.0944 1
City717 30.2356 -92.0944 2.7
30.2356 -92.1853 1
City718 30.2356 -92.1853 2.7
30.2358 -92.8225 1
City719 30.2358 -92.8225 4.3
30.2364 -93.3772 1
City720 30.2364 -93.3772 3.1
30.2367 -93.0136 1
City721 30.2367 -93.0136 4.3
30.2383 -90.9200 1
City722 30.2383 -90.9200 4.1
30.2419 -93.2506 1
City723 30.2419 -93.2506 3.4
30.2453 -85.6483 1
City724 30.2453 -85.6483 2.8
30.2458 -87.7008 1
City725 30.2458 -87.7008 3.0
30.2500 -103.2500 1
City726 30.2500 -103.2500 3.6
30.2531 -94.1897 1
City727 30.2531 -94.1897 3.8
30.2669 -97.7428 1
City728 30.2669 -97.7428 3.1
30.2733 -91.8992 1
City729 30.2733 -91.8992 4.0
30.2750 -89.7811 1
City730 30.2750 -89.7811 4.2
30.2750 -98.8717 1
City731 30.2750 -98.8717 3.6
30.2767 -97.7908 1
City732 30.2767 -97.7908 3.7
30.2767 -98.4117 1
City733 30.2767 -98.4117 2.9
30.2772 -91.2236 1
City734 30.2772 -91.2236 3.9
30.2819 -82.1222 1
City735 30.2819 -82.1222 4.3
30.2867 -89.3761 1
City736 30.2867 -89.3761 3.8
30.2889 -91.2342 1
City737 30.2889 -91.2342 4.2
30.2892 -85.6406 1
City738 30.2892 -85.6406 4.0
30.2944 -81.3933 1
City739 30.2944 -81.3933 4.1
30.2950 -90.7950 1
City740 30.2950 -90.7950 2.9
30.2975 -93.7433 1
City741 30.2975 -93.7433 3.5
30.2978 -97.8017 1
City742 30.2978 -97.8017 3.6
30.3025 -81.9756 1
City743 30.3025 -81.9756 4.2
30.3025 -93.1906 1
City744 30.3025 -93.1906 3.7
30.3078 -104.0186 1
City745 30.3078 -104.0186 3.9
30.3086 -89.2869 1
City746 30.3086 -89.2869 3.3
30.3117 -81.3967 1
City747 30.3117 -81.3967 3.0
30.3117 -95.4558 1
City748 30.3117 -95.4558 4.3
30.3131 -91.7903 1
City749 30.3131 -91.7903 2.9
30.3133 -89.9431 1
City750 30.3133 -89.9431 3.2
30.3139 -84.2475 1
City751 30.3139 -84.2475 4.3
30.3156 -89.2475 1
City752 30.3156 -89.2475 3.3
30.3169 -92.0489 1
City753 30.3169 -92.0489 2.8
30.3294 -82.7592 1
City754 30.3294 -82.7592 3.9
30.3311 -92.4956 1
City755 30.3311 -92.4956 3.4
30.3319 -81.6558 1
City756 30.3319 -81.6558 3.0
30.3342 -81.3989 1
City757 30.3342 -81.3989 3.9
30.3406 -97.5567 1
City758 30.3406 -97.5567 3.6
30.3458 -96.5281 1
City759 30.3458 -96.5281 2.6
30.3489 -94.1778 1
City760 30.3489 -94.1778 3.3
30.3494 -97.3700 1
City761 30.3494 -97.3700 4.4
30.3503 -89.1528 1
City762 30.3503 -89.1528 4.0
30.3536 -91.2653 1
City763 30.3536 -91.2653 4.0
30.3547 -94.0725 1
City764 30.3547 -94.0725 3.9
30.3569 -87.1639 1
City765 30.3569 -87.1639 3.0
30.3581 -90.0656 1
City766 30.3581 -90.0656 3.5
30.3583 -103.6606 1
City767 30.3583 -103.6606 3.0
30.3586 -90.5861 1
City768 30.3586 -90.5861 4.3
30.3656 -88.5561 1
City769 30.3656 -88.5561 4.0
30.3672 -89.0928 1
City770 30.3672 -89.0928 3.1
30.3678 -97.9914 1
City771 30.3678 -97.9914 3.0
30.3714 -94.3122 1
City772 30.3714 -94.3122 2.8
30.3758 -84.3008 1
City773 30.3758 -84.3008 3.3
30.3758 -89.7483 1
City774 30.3758 -89.7483 4.1
30.3839 -87.2750 1
City775 30.3839 -87.2750 2.9
30.3856 -88.6117 1
City776 30.3856 -88.6117 4.1
30.3878 -96.0875 1
City777 30.3878 -96.0875 3.0
30.3933 -86.4958 1
City778 30.3933 -86.4958 4.1
30.3942 -91.2536 1
City779 30.3942 -91.2536 4.1
30.3958 -88.8853 1
City780 30.3958 -88.8853 2.6
30.3975 -91.9314 1
City781 30.3975 -91.9314 3.7
30.4028 -92.2150 1
City782 30.4028 -92.2150 3.1
30.4031 -88.2483 1
City783 30.4031 -88.2483 2.8
30.4042 -90.1569 1
City784 30.4042 -90.1569 4.3
30.4056 -86.6189 1
City785 30.4056 -86.6189 2.7
30.4064 -87.6836 1
City786 30.4064 -87.6836 2.7
30.4097 -86.6631 1
City787 30.4097 -86.6631 4.4
30.4108 -81.7081 1
City788 30.4108 -81.7081 3.0
30.4108 -91.4336 1
City789 30.4108 -91.4336 2.9
30.4111 -88.8278 1
City790 30.4111 -88.8278 4.3
30.4111 -92.0683 1
City791 30.4111 -92.0683 4.0
30.4114 -88.5344 1
City792 30.4114 -88.5344 2.9
30.4189 -97.0114 1
City793 30.4189 -97.0114 2.7
30.4208 -87.3075 1
City794 30.4208 -87.3075 2.7
30.4211 -87.2169 1
City795 30.4211 -87.2169 2.6
30.4247 -95.4797 1
City796 30.4247 -95.4797 3.5
30.4250 -87.2519 1
City797 30.4250 -87.2519 3.2
30.4261 -88.8908 1
City798 30.4261 -88.8908 3.8
30.4264 -87.2797 1
City799 30.4264 -87.2797 4.3
30.4303 -88.8422 1
City800 30.4303 -88.8422 3.1
30.4319 -84.9758 1
City801 30.4319 -84.9758 3.7
30.4381 -84.2808 1
City802 30.4381 -84.2808 4.1
30.4386 -90.4414 1
City803 30.4386 -90.4414 3.4
30.4392 -97.6197 1
City804 30.4392 -97.6197 2.9
30.4403 -88.5436 1
City805 30.4403 -88.5436 2.7
30.4408 -86.6136 1
City806 30.4408 -86.6136 2.6
30.4428 -87.2225 1
City807 30.4428 -87.2225 3.7
30.4433 -85.0453 1
City808 30.4433 -85.0453 2.9
30.4439 -85.6886 1
City809 30.4439 -85.6886 3.8
30.4503 -93.4331 1
City810 30.4503 -93.4331 3.4
30.4506 -91.1544 1
City811 30.4506 -91.1544 3.6
30.4519 -91.2100 1
City812 30.4519 -91.2100 4.3
30.4556 -86.6383 1
City813 30.4556 -86.6383 3.1
30.4614 -87.3150 1
City814 30.4614 -87.3150 2.8
30.4686 -87.2361 1
City815 30.4686 -87.2361 3.0
30.4692 -83.4131 1
City816 30.4692 -83.4131 2.8
30.4692 -83.6303 1
City817 30.4692 -83.6303 3.1
30.4703 -91.9783 1
City818 30.4703 -91.9783 3.3
30.4739 -87.9192 1
City819 30.4739 -87.9192 3.8
30.4753 -90.1008 1
City820 30.4753 -90.1008 3.8
30.4761 -88.3422 1
City821 30.4761 -88.3422 2.9
30.4783 -90.0375 1
City822 30.4783 -90.0375 2.9
30.4811 -92.6956 1
City823 30.4811 -92.6956 4.0
30.4850 -92.5958 1
City824 30.4850 -92.5958 3.3
30.4853 -92.8506 1
City825 30.4853 -92.8506 4.2
30.4867 -90.9561 1
City826 30.4867 -90.9561 3.9
30.4875 -87.6997 1
City827 30.4875 -87.6997 3.9
30.4892 -99.7717 1
City828 30.4892 -99.7717 3.8
30.4911 -91.5194 1
City829 30.4911 -91.5194 3.9
30.4942 -92.4175 1
City830 30.4942 -92.4175 2.6
30.4978 -94.9964 1
City831 30.4978 -94.9964 3.8
30.4981 -86.1361 1
City832 30.4981 -86.1361 3.7
30.5019 -90.7478 1
City833 30.5019 -90.7478 3.7
30.5042 -90.4611 1
City834 30.5042 -90.4611 4.4
30.5042 -90.5822 1
City835 30.5042 -90.5822 3.0
30.5050 -97.8200 1
City836 30.5050 -97.8200 4.2
30.5081 -97.6786 1
City837 30.5081 -97.6786 2.9
30.5100 -87.2125 1
City838 30.5100 -87.2125 3.0
30.5181 -82.9483 1
City839 30.5181 -82.9483 3.9
30.5183 -92.1847 1
City840 30.5183 -92.1847 3.1
30.5186 -87.2728 1
City841 30.5186 -87.2728 3.9
30.5228 -87.9033 1
City842 30.5228 -87.9033 3.3
30.5253 -89.6794 1
City843 30.5253 -89.6794 3.8
30.5333 -92.0814 1
City844 30.5333 -92.0814 3.2
30.5367 -91.7528 1
City845 30.5367 -91.7528 3.6
30.5375 -95.4831 1
City846 30.5375 -95.4831 3.2
30.5425 -97.5464 1
City847 30.5425 -97.5464 4.1
30.5450 -83.8703 1
City848 30.5450 -83.8703 4.2
30.5453 -87.7517 1
City849 30.5453 -87.7517 2.9
30.5475 -88.1753 1
City850 30.5475 -88.1753 3.7
30.5536 -87.7119 1
City851 30.5536 -87.7119 3.4
30.5589 -91.5558 1
City852 30.5589 -91.5558 3.2
30.5600 -91.9539 1
City853 30.5600 -91.9539 4.3
30.5619 -81.8308 1
City854 30.5619 -81.8308 4.0
30.5667 -100.6431 1
City855 30.5667 -100.6431 3.5
30.5692 -84.7433 1
City856 30.5692 -84.7433 3.2
30.5706 -97.4092 1
City857 30.5706 -97.4092 3.2
30.5772 -90.4831 1
City858 30.5772 -90.4831 2.5
30.5781 -98.2725 1
City859 30.5781 -98.2725 2.9
30.5786 -97.8528 1
City860 30.5786 -97.8528 4.1
30.5814 -87.2914 1
City861 30.5814 -87.2914 3.2
30.5869 -84.5833 1
City862 30.5869 -84.5833 3.7
30.5881 -91.1681 1
City863 30.5881 -91.1681 4.0
30.5900 -88.1708 1
City864 30.5900 -88.1708 4.2
30.5903 -97.2967 1
City865 30.5903 -97.2967 3.4
30.5922 -95.1292 1
City866 30.5922 -95.1292 3.6
30.5958 -91.6164 1
City867 30.5958 -91.6164 3.7
30.5986 -87.0311 1
City868 30.5986 -87.0311 3.3
30.5992 -87.1611 1
City869 30.5992 -87.1611 2.8
30.6033 -87.9036 1
City870 30.6033 -87.9036 3.0
30.6039 -83.0981 1
City871 30.6039 -83.0981 4.1
30.6136 -97.2053 1
City872 30.6136 -97.2053 3.9
30.6161 -92.0569 1
City873 30.6161 -92.0569 2.8
30.6169 -84.6600 1
City874 30.6169 -84.6600 3.3
30.6181 -87.7531 1
City875 30.6181 -87.7531 4.2
30.6200 -92.7625 1
City876 30.6200 -92.7625 3.5
30.6228 -85.7122 1
City877 30.6228 -85.7122 4.1
30.6236 -84.4147 1
City878 30.6236 -84.4147 3.2
30.6278 -96.3342 1
City879 30.6278 -96.3342 3.3
30.6317 -81.6067 1
City880 30.6317 -81.6067 3.5
30.6322 -87.0397 1
City881 30.6322 -87.0397 4.2
30.6325 -97.6769 1
City882 30.6325 -97.6769 3.6
30.6336 -92.4192 1
City883 30.6336 -92.4192 2.8
30.6353 -90.5008 1
City884 30.6353 -90.5008 3.1
30.6483 -91.1564 1
City885 30.6483 -91.1564 3.5
30.6581 -98.4403 1
City886 30.6581 -98.4403 3.6
30.6603 -93.8925 1
City887 30.6603 -93.8925 2.6
30.6694 -81.4628 1
City888 30.6694 -81.4628 3.8
30.6878 -92.2714 1
City889 30.6878 -92.2714 4.3
30.6908 -81.9175 1
City890 30.6908 -81.9175 4.0
30.6928 -91.7439 1
City891 30.6928 -91.7439 2.9
30.6936 -85.3922 1
City892 30.6936 -85.3922 4.2
30.6942 -88.0431 1
City893 30.6942 -88.0431 4.2
30.7014 -91.4361 1
City894 30.7014 -91.4361 4.4
30.7050 -84.8431 1
City895 30.7050 -84.8431 3.5
30.7075 -84.9244 1
City896 30.7075 -84.9244 3.7
30.7100 -101.2003 1
City897 30.7100 -101.2003 4.3
30.7108 -94.9328 1
City898 30.7108 -94.9328 4.1
30.7122 -85.0203 1
City899 30.7122 -85.0203 4.2
30.7172 -91.1414 1
City900 30.7172 -91.1414 3.0
30.7175 -97.4425 1
City901 30.7175 -97.4425 3.7
30.7214 -86.1156 1
City902 30.7214 -86.1156 3.4
30.7233 -95.5506 1
City903 30.7233 -95.5506 3.6
30.7239 -87.3142 1
City904 30.7239 -87.3142 2.6
30.7383 -91.5942 1
City905 30.7383 -91.5942 2.6
30.7386 -88.0789 1
City906 30.7386 -88.0789 3.6
30.7436 -98.0553 1
City907 30.7436 -98.0553 3.5
30.7472 -83.2208 1
City908 30.7472 -83.2208 2.7
30.7489 -84.4839 1
City909 30.7489 -84.4839 3.3
30.7542 -93.5403 1
City910 30.7542 -93.5403 2.7
30.7581 -98.2281 1
City911 30.7581 -98.2281 2.9
30.7592 -98.6747 1
City912 30.7592 -98.6747 3.8
30.7619 -86.5706 1
City913 30.7619 -86.5706 3.2
30.7636 -88.0747 1
City914 30.7636 -88.0747 4.1
30.7647 -90.5117 1
City915 30.7647 -90.5117 2.8
30.7731 -85.8142 1
City916 30.7731 -85.8142 3.3
30.7742 -85.2269 1
City917 30.7742 -85.2269 3.7
30.7750 -94.4153 1
City918 30.7750 -94.4153 2.7
30.7817 -85.5386 1
City919 30.7817 -85.5386 4.2
30.7836 -92.4253 1
City920 30.7836 -92.4253 4.0
30.7847 -83.5600 1
City921 30.7847 -83.5600 3.4
30.7908 -89.8486 1
City922 30.7908 -89.8486 3.0
30.7917 -83.7900 1
City923 30.7917 -83.7900 3.6
30.7917 -85.6797 1
City924 30.7917 -85.6797 2.6
30.7947 -97.4253 1
City925 30.7947 -97.4253 4.2
30.7969 -85.3767 1
City926 30.7969 -85.3767 3.8
30.7997 -81.6900 1
City927 30.7997 -81.6900 3.1
30.8158 -92.6603 1
City928 30.8158 -92.6603 2.8
30.8206 -88.0706 1
City929 30.8206 -88.0706 3.1
30.8231 -88.3614 1
City930 30.8231 -88.3614 4.3
30.8303 -82.0100 1
City931 30.8303 -82.0100 3.6
30.8306 -90.6717 1
City932 30.8306 -90.6717 3.0
30.8325 -83.2786 1
City933 30.8325 -83.2786 3.1
30.8372 -91.2175 1
City934 30.8372 -91.2175 2.8
30.8400 -89.5342 1
City935 30.8400 -89.5342 4.4
30.8411 -97.7933 1
City936 30.8411 -97.7933 3.7
30.8461 -93.2889 1
City937 30.8461 -93.2889 3.4
30.8469 -90.1531 1
City938 30.8469 -90.1531 3.5
30.8483 -93.7572 1
City939 30.8483 -93.7572 4.2
30.8531 -88.0561 1
City940 30.8531 -88.0561 3.7
30.8531 -96.9767 1
City941 30.8531 -96.9767 2.7
30.8558 -82.0211 1
City942 30.8558 -82.0211 2.9
30.8600 -100.6006 1
City943 30.8600 -100.6006 3.4
30.8656 -91.0156 1
City944 30.8656 -91.0156 3.6
30.8700 -85.1619 1
City945 30.8700 -85.1619 2.9
30.8772 -84.2014 1
City946 30.8772 -84.2014 3.2
30.8781 -97.4014 1
City947 30.8781 -97.4014 2.6
30.8783 -96.5928 1
City948 30.8783 -96.5928 3.9
30.8828 -84.3239 1
City949 30.8828 -84.3239 3.5
30.8828 -87.7731 1
City950 30.8828 -87.7731 3.6
30.8917 -88.0397 1
City951 30.8917 -88.0397 2.8
30.8939 -102.8789 1
City952 30.8939 -102.8789 3.9
30.9036 -84.5756 1
City953 30.9036 -84.5756 4.2
30.9078 -94.4219 1
City954 30.9078 -94.4219 3.9
30.9139 -101.8975 1
City955 30.9139 -101.8975 2.7
30.9175 -99.7861 1
City956 30.9175 -99.7861 3.3
30.9197 -93.2822 1
City957 30.9197 -93.2822 4.1
30.9200 -91.1156 1
City958 30.9200 -91.1156 3.7
30.9200 -93.9964 1
City959 30.9200 -93.9964 2.6
30.9250 -88.5900 1
City960 30.9250 -88.5900 2.9
30.9381 -90.5089 1
City961 30.9381 -90.5089 2.5
30.9450 -95.3753 1
City962 30.9450 -95.3753 4.1
30.9469 -97.5383 1
City963 30.9469 -97.5383 2.8
30.9497 -95.9114 1
City964 30.9497 -95.9114 2.8
30.9528 -87.1514 1
City965 30.9528 -87.1514 3.3
30.9531 -92.1825 1
City966 30.9531 -92.1825 3.9
30.9567 -85.5167 1
City967 30.9567 -85.5167 3.3
30.9575 -85.1622 1
City968 30.9575 -85.1622 3.9
30.9597 -83.7381 1
City969 30.9597 -83.7381 2.7
30.9636 -81.7228 1
City970 30.9636 -81.7228 3.7
30.9656 -86.4597 1
City971 30.9656 -86.4597 3.5
30.9736 -84.0531 1
City972 30.9736 -84.0531 3.8
30.9764 -92.5850 1
City973 30.9764 -92.5850 3.4
30.9778 -96.6736 1
City974 30.9778 -96.6736 3.3
30.9814 -86.3075 1
City975 30.9814 -86.3075 3.8
30.9833 -91.8000 1
City976 30.9833 -91.8000 3.3
30.9839 -92.0533 1
City977 30.9839 -92.0533 3.7
30.9842 -103.7442 1
City978 30.9842 -103.7442 3.9
30.9911 -83.3728 1
City979 30.9911 -83.3728 4.1
30.9967 -94.8269 1
City980 30.9967 -94.8269 3.6
31.0000 -87.2608 1
City981 31.0000 -87.2608 3.7
31.0011 -89.4522 1
City982 31.0011 -89.4522 3.6
31.0050 -86.3281 1
City983 31.0050 -86.3281 2.8
31.0067 -90.4722 1
City984 31.0067 -90.4722 3.1
31.0103 -86.3497 1
City985 31.0103 -86.3497 3.4
31.0111 -83.8664 1
City986 31.0111 -83.8664 3.3
31.0147 -92.2872 1
City987 31.0147 -92.2872 2.9
31.0236 -87.4939 1
City988 31.0236 -87.4939 3.7
31.0258 -96.4850 1
City989 31.0258 -96.4850 2.8
31.0294 -96.1144 1
City990 31.0294 -96.1144 3.9
31.0328 -85.8639 1
City991 31.0328 -85.8639 2.9
31.0344 -91.9756 1
City992 31.0344 -91.9756 4.2
31.0364 -82.7472 1
City993 31.0364 -82.7472 3.7
31.0397 -104.8303 1
City994 31.0397 -104.8303 3.6
31.0403 -84.8792 1
City995 31.0403 -84.8792 2.5
31.0408 -83.0753 1
City996 31.0408 -83.0753 4.4
31.0486 -85.3050 1
City997 31.0486 -85.3050 3.9
31.0547 -95.1256 1
City998 31.0547 -95.1256 4.1
31.0558 -97.4642 1
City999 31.0558 -97.4642 3.5
31.0578 -92.0489 1
City1000 31.0578 -92.0489 3.3
31.0594 -92.1211 1
City1001 31.0594 -92.1211 4.1
31.0636 -98.1814 1
City1002 31.0636 -98.1814 4.2
31.0681 -83.6239 1
City1003 31.0681 -83.6239 4.3
31.0722 -84.0892 1
City1004 31.0722 -84.0892 3.1
31.0728 -96.9783 1
City1005 31.0728 -96.9783 3.8
31.0744 -83.1994 1
City1006 31.0744 -83.1994 2.7
31.0786 -97.6053 1
City1007 31.0786 -97.6053 3.4
31.0894 -91.0683 1
City1008 31.0894 -91.0683 3.3
31.0906 -88.2281 1
City1009 31.0906 -88.2281 3.9
31.0931 -87.0628 1
City1010 31.0931 -87.0628 2.8
31.0944 -92.4003 1
City1011 31.0944 -92.4003 4.1
31.0981 -97.3425 1
City1012 31.0981 -97.3425 2.5
31.1022 -85.6969 1
City1013 31.1022 -85.6969 3.9
31.1044 -91.2994 1
City1014 31.1044 -91.2994 2.7
31.1050 -87.0722 1
City1015 31.1050 -87.0722 3.9
31.1081 -85.5944 1
City1016 31.1081 -85.5944 2.7
31.1086 -88.8272 1
City1017 31.1086 -88.8272 3.5
31.1128 -86.0461 1
City1018 31.1128 -86.0461 3.8
31.1147 -93.2714 1
City1019 31.1147 -93.2714 4.2
31.1158 -90.1419 1
City1020 31.1158 -90.1419 4.0
31.1169 -97.7275 1
City1021 31.1169 -97.7275 4.1
31.1239 -97.9028 1
City1022 31.1239 -97.9028 4.1
31.1267 -95.4453 1
City1023 31.1267 -95.4453 2.6
31.1275 -84.1519 1
City1024 31.1275 -84.1519 4.0
31.1278 -92.0661 1
City1025 31.1278 -92.0661 4.3
31.1358 -102.2239 1
City1026 31.1358 -102.2239 3.4
31.1369 -83.4236 1
City1027 31.1369 -83.4236 2.7
31.1392 -85.5192 1
City1028 31.1392 -85.5192 3.3
31.1431 -89.4097 1
City1029 31.1431 -89.4097 3.5
31.1431 -90.4586 1
City1030 31.1431 -90.4586 3.1
31.1433 -93.2608 1
City1031 31.1433 -93.2608 3.8
31.1497 -81.4917 1
City1032 31.1497 -81.4917 3.6
31.1556 -88.5578 1
City1033 31.1556 -88.5578 2.5
31.1583 -94.4261 1
City1034 31.1583 -94.4261 2.8
31.1650 -96.6767 1
City1035 31.1650 -96.6767 2.5
31.1692 -88.9200 1
City1036 31.1692 -88.9200 3.9
31.1711 -84.7333 1
City1037 31.1711 -84.7333 3.2
31.1797 -83.7892 1
City1038 31.1797 -83.7892 4.1
31.1808 -82.1350 1
City1039 31.1808 -82.1350 3.4
31.1828 -85.2364 1
City1040 31.1828 -85.2364 2.8
31.1869 -94.7808 1
City1041 31.1869 -94.7808 2.5
31.1914 -101.4600 1
City1042 31.1914 -101.4600 4.2
31.1956 -98.7178 1
City1043 31.1956 -98.7178 3.9
31.1972 -91.0217 1
City1044 31.1972 -91.0217 4.0
31.2022 -89.0347 1
City1045 31.2022 -89.0347 4.2
31.2033 -97.0364 1
City1046 31.2033 -97.0364 3.4
31.2042 -81.9814 1
City1047 31.2042 -81.9814 4.3
31.2067 -97.3025 1
City1048 31.2067 -97.3025 2.6
31.2072 -83.2503 1
City1049 31.2072 -83.2503 4.3
31.2133 -82.3542 1
City1050 31.2133 -82.3542 3.6
31.2158 -86.1711 1
City1051 31.2158 -86.1711 3.7
31.2161 -99.8453 1
City1052 31.2161 -99.8453 2.6
31.2169 -98.3931 1
City1053 31.2169 -98.3931 4.1
31.2228 -90.4603 1
City1054 31.2228 -90.4603 3.6
31.2231 -85.3906 1
City1055 31.2231 -85.3906 3.8
31.2311 -84.2106 1
City1056 31.2311 -84.2106 2.6
31.2356 -85.7228 1
City1057 31.2356 -85.7228 2.9
31.2436 -90.4531 1
City1058 31.2436 -90.4531 3.3
31.2478 -93.9742 1
City1059 31.2478 -93.9742 2.7
31.2517 -89.8375 1
City1060 31.2517 -89.8375 4.3
31.2617 -100.8169 1
City1061 31.2617 -100.8169 2.6
31.2689 -83.6872 1
City1062 31.2689 -83.6872 3.3
31.2714 -83.4650 1
City1063 31.2714 -83.4650 3.8
31.2775 -94.5764 1
City1064 31.2775 -94.5764 4.2
31.2794 -86.3256 1
City1065 31.2794 -86.3256 2.6
31.2822 -89.2756 1
City1066 31.2822 -89.2756 2.6
31.2825 -86.2556 1
City1067 31.2825 -86.2556 3.4
31.2836 -90.4683 1
City1068 31.2836 -90.4683 3.6
31.2925 -85.1117 1
City1069 31.2925 -85.1117 2.7
31.2975 -82.8525 1
City1070 31.2975 -82.8525 4.2
31.2989 -85.3444 1
City1071 31.2989 -85.3444 3.3
31.2989 -87.0225 1
City1072 31.2989 -87.0225 3.3
31.3058 -82.2422 1
City1073 31.3058 -82.2422 3.3
31.3061 -96.8978 1
City1074 31.3061 -96.8978 3.6
31.3081 -97.3611 1
City1075 31.3081 -97.3611 4.2
31.3100 -85.7131 1
City1076 31.3100 -85.7131 3.8
31.3111 -92.4450 1
City1077 31.3111 -92.4450 4.4
31.3114 -85.5531 1
City1078 31.3114 -85.5531 4.0
31.3128 -84.3358 1
City1079 31.3128 -84.3358 3.4
31.3181 -95.4564 1
City1080 31.3181 -95.4564 2.8
31.3189 -85.4939 1
City1081 31.3189 -85.4939 4.4
31.3194 -83.9172 1
City1082 31.3194 -83.9172 2.5
31.3222 -92.4342 1
City1083 31.3222 -92.4342 4.0
31.3269 -89.2903 1
City1084 31.3269 -89.2903 4.3
31.3381 -94.7289 1
City1085 31.3381 -94.7289 4.4
31.3392 -102.8514 1
City1086 31.3392 -102.8514 3.4
31.3403 -110.9336 1
City1087 31.3403 -110.9336 2.5
31.3406 -83.0461 1
City1088 31.3406 -83.0461 2.9
31.3406 -93.8467 1
City1089 31.3406 -93.8467 4.2
31.3408 -83.5936 1
City1090 31.3408 -83.5936 3.6
31.3444 -109.5447 1
City1091 31.3444 -109.5447 3.2
31.3464 -89.2600 1
City1092 31.3464 -89.2600 3.2
31.3511 -85.3422 1
City1093 31.3511 -85.3422 3.2
31.3528 -86.5392 1
City1094 31.3528 -86.5392 3.6
31.3569 -109.5611 1
City1095 31.3569 -109.5611 2.8
31.3614 -96.1439 1
City1096 31.3614 -96.1439 3.2
31.3644 -89.3061 1
City1097 31.3644 -89.3061 3.4
31.3700 -81.4342 1
City1098 31.3700 -81.4342 3.0
31.3775 -84.9342 1
City1099 31.3775 -84.9342 2.8
31.3794 -84.1611 1
City1100 31.3794 -84.1611 3.4
31.3850 -83.2231 1
City1101 31.3850 -83.2231 4.0
31.3856 -85.9294 1
City1102 31.3856 -85.9294 2.9
31.3864 -97.2153 1
City1103 31.3864 -97.2153 3.8
31.3903 -92.6692 1
City1104 31.3903 -92.6692 3.9
31.3903 -97.6842 1
City1105 31.3903 -97.6842 3.1
31.3972 -102.3497 1
City1106 31.3972 -102.3497 2.9
31.4128 -83.3292 1
City1107 31.4128 -83.3292 3.6
31.4144 -86.0678 1
City1108 31.4144 -86.0678 3.5
31.4153 -92.4117 1
City1109 31.4153 -92.4117 4.4
31.4172 -89.5422 1
City1110 31.4172 -89.5422 3.6
31.4217 -85.3378 1
City1111 31.4217 -85.3378 2.5
31.4228 -103.4928 1
City1112 31.4228 -103.4928 3.5
31.4333 -87.4014 1
City1113 31.4333 -87.4014 4.2
31.4350 -97.7436 1
City1114 31.4350 -97.7436 3.3
31.4394 -83.5194 1
City1115 31.4394 -83.5194 4.1
31.4397 -84.7250 1
City1116 31.4397 -84.7250 4.3
31.4436 -93.4572 1
City1117 31.4436 -93.4572 3.4
31.4439 -97.4089 1
City1118 31.4439 -97.4089 3.3
31.4481 -109.9278 1
City1119 31.4481 -109.9278 3.8
31.4497 -98.5706 1
City1120 31.4497 -98.5706 3.6
31.4503 -83.5086 1
City1121 31.4503 -83.5086 3.8
31.4589 -85.6406 1
City1122 31.4589 -85.6406 2.7
31.4611 -103.3933 1
City1123 31.4611 -103.3933 2.8
31.4622 -97.1956 1
City1124 31.4622 -97.1956 3.1
31.4628 -90.8500 1
City1125 31.4628 -90.8500 4.4
31.4636 -100.4367 1
City1126 31.4636 -100.4367 3.1
31.4650 -88.2544 1
City1127 31.4650 -88.2544 3.3
31.4675 -97.1144 1
City1128 31.4675 -97.1144 4.3
31.4717 -83.6469 1
City1129 31.4717 -83.6469 2.7
31.4722 -90.8967 1
City1130 31.4722 -90.8967 3.8
31.4747 -96.9231 1
City1131 31.4747 -96.9231 4.4
31.4856 -84.5139 1
City1132 31.4856 -84.5139 2.7
31.4861 -82.0172 1
City1133 31.4861 -82.0172 2.7
31.4917 -95.4783 1
City1134 31.4917 -95.4783 3.0
31.5022 -106.1581 1
City1135 31.5022 -106.1581 3.2
31.5044 -91.0689 1
City1136 31.5044 -91.0689 2.9
31.5086 -82.8500 1
City1137 31.5086 -82.8500 2.8
31.5089 -87.8944 1
City1138 31.5089 -87.8944 2.5
31.5128 -83.7878 1
City1139 31.5128 -83.7878 3.7
31.5172 -82.6350 1
City1140 31.5172 -82.6350 3.2
31.5189 -92.7067 1
City1141 31.5189 -92.7067 3.9
31.5214 -97.1536 1
City1142 31.5214 -97.1536 3.4
31.5242 -96.5336 1
City1143 31.5242 -96.5336 3.1
31.5278 -87.3247 1
City1144 31.5278 -87.3247 2.9
31.5297 -94.1058 1
City1145 31.5297 -94.1058 3.2
31.5306 -83.8356 1
City1146 31.5306 -83.8356 3.2
31.5342 -97.4428 1
City1147 31.5342 -97.4428 3.6
31.5392 -82.4625 1
City1148 31.5392 -82.4625 4.2
31.5394 -110.7556 1
City1149 31.5394 -110.7556 3.5
31.5422 -86.7150 1
City1150 31.5422 -86.7150 2.8
31.5422 -96.8333 1
City1151 31.5422 -96.8333 4.0
31.5492 -97.1464 1
City1152 31.5492 -97.1464 4.1
31.5536 -90.1072 1
City1153 31.5536 -90.1072 3.2
31.5544 -110.3031 1
City1154 31.5544 -110.3031 2.9
31.5581 -84.7383 1
City1155 31.5581 -84.7383 4.1
31.5603 -91.4031 1
City1156 31.5603 -91.4031 3.5
31.5653 -91.4258 1
City1157 31.5653 -91.4258 3.7
31.5686 -93.4839 1
City1158 31.5686 -93.4839 3.3
31.5700 -103.0006 1
City1159 31.5700 -103.0006 3.5
31.5717 -85.2506 1
City1160 31.5717 -85.2506 3.8
31.5783 -84.1558 1
City1161 31.5783 -84.1558 3.9
31.5789 -90.4406 1
City1162 31.5789 -90.4406 3.4
31.5811 -92.5328 1
City1163 31.5811 -92.5328 4.4
31.5828 -102.9203 1
City1164 31.5828 -102.9203 4.2
31.5847 -95.8489 1
City1165 31.5847 -95.8489 3.6
31.5850 -106.2722 1
City1166 31.5850 -106.2722 3.3
31.5922 -106.2236 1
City1167 31.5922 -106.2236 3.4
31.5939 -97.1086 1
City1168 31.5939 -97.1086 2.9
31.5942 -83.2506 1
City1169 31.5942 -83.2506 3.3
31.5942 -102.8922 1
City1170 31.5942 -102.8922 2.5
31.5972 -100.1819 1
City1171 31.5972 -100.1819 3.0
31.5983 -89.8669 1
City1172 31.5983 -89.8669 3.1
31.6000 -85.7189 1
City1173 31.6000 -85.7189 4.4
31.6033 -94.6553 1
City1174 31.6033 -94.6553 3.1
31.6039 -89.1956 1
City1175 31.6039 -89.1956 2.9
31.6072 -81.8856 1
City1176 31.6072 -81.8856 3.6
31.6089 -85.0472 1
City1177 31.6089 -85.0472 3.0
31.6250 -82.8869 1
City1178 31.6250 -82.8869 2.6
31.6250 -95.5792 1
City1179 31.6250 -95.5792 3.7
31.6264 -91.8181 1
City1180 31.6264 -91.8181 2.7
31.6269 -96.2836 1
City1181 31.6269 -96.2836 2.7
31.6278 -110.3333 1
City1182 31.6278 -110.3333 3.6
31.6292 -97.1025 1
City1183 31.6292 -97.1025 3.3
31.6300 -91.5544 1
City1184 31.6300 -91.5544 3.4
31.6314 -93.6439 1
City1185 31.6314 -93.6439 3.4
31.6339 -88.3133 1
City1186 31.6339 -88.3133 3.3
31.6369 -86.7419 1
City1187 31.6369 -86.7419 4.3
31.6453 -89.5553 1
City1188 31.6453 -89.5553 4.3
31.6503 -95.0725 1
City1189 31.6503 -95.0725 4.0
31.6528 -93.2019 1
City1190 31.6528 -93.2019 2.9
31.6592 -97.4719 1
City1191 31.6592 -97.4719 3.8
31.6672 -92.8906 1
City1192 31.6672 -92.8906 3.3
31.6747 -88.6461 1
City1193 31.6747 -88.6461 3.7
31.6753 -93.0444 1
City1194 31.6753 -93.0444 3.9
31.6797 -96.4819 1
City1195 31.6797 -96.4819 4.1
31.6831 -92.1336 1
City1196 31.6831 -92.1336 3.6
31.6925 -106.2069 1
City1197 31.6925 -106.2069 2.7
31.6939 -89.1306 1
City1198 31.6939 -89.1306 3.1
31.7011 -90.3975 1
City1199 31.7011 -90.3975 3.7
31.7036 -98.1236 1
City1200 31.7036 -98.1236 2.7
31.7058 -83.6533 1
City1201 31.7058 -83.6533 4.1
31.7078 -81.7425 1
City1202 31.7078 -81.7425 3.0
31.7086 -85.6106 1
City1203 31.7086 -85.6106 3.8
31.7086 -87.7772 1
City1204 31.7086 -87.7772 4.2
31.7114 -91.0606 1
City1205 31.7114 -91.0606 3.6
31.7128 -110.0669 1
City1206 31.7128 -110.0669 3.7
31.7147 -83.2528 1
City1207 31.7147 -83.2528 2.7
31.7164 -86.2639 1
City1208 31.7164 -86.2639 3.2
31.7169 -99.1322 1
City1209 31.7169 -99.1322 3.6
31.7200 -85.8161 1
City1210 31.7200 -85.8161 3.0
31.7225 -91.5431 1
City1211 31.7225 -91.5431 4.3
31.7244 -96.1650 1
City1212 31.7244 -96.1650 3.9
31.7319 -84.1708 1
City1213 31.7319 -84.1708 3.1
31.7333 -87.2047 1
City1214 31.7333 -87.2047 3.4
31.7381 -99.9469 1
City1215 31.7381 -99.9469 3.2
31.7419 -98.9453 1
City1216 31.7419 -98.9453 3.1
31.7511 -103.1594 1
City1217 31.7511 -103.1594 4.3
31.7539 -96.6497 1
City1218 31.7539 -96.6497 3.7
31.7561 -84.6153 1
City1219 31.7561 -84.6153 3.8
31.7586 -106.4864 1
City1220 31.7586 -106.4864 2.9
31.7606 -93.0861 1
City1221 31.7606 -93.0861 3.4
31.7711 -84.7894 1
City1222 31.7711 -84.7894 3.2
31.7719 -91.8214 1
City1223 31.7719 -91.8214 3.8
31.7733 -84.4467 1
City1224 31.7733 -84.4467 4.1
31.7739 -81.6328 1
City1225 31.7739 -81.6328 2.8
31.7781 -82.3486 1
City1226 31.7781 -82.3486 3.0
31.7822 -97.5764 1
City1227 31.7822 -97.5764 4.0
31.7833 -85.5558 1
City1228 31.7833 -85.5558 3.2
31.7839 -81.6078 1
City1229 31.7839 -81.6078 4.2
31.7864 -89.0322 1
City1230 31.7864 -89.0322 3.9
31.7878 -96.4622 1
City1231 31.7878 -96.4622 3.6
31.7883 -87.7272 1
City1232 31.7883 -87.7272 3.9
31.7958 -95.1500 1
City1233 31.7958 -95.1500 3.2
31.8022 -97.0914 1
City1234 31.8022 -97.0914 3.8
31.8086 -85.9700 1
City1235 31.8086 -85.9700 4.3
31.8144 -94.8403 1
City1236 31.8144 -94.8403 3.9
31.8192 -92.3297 1
City1237 31.8192 -92.3297 3.2
31.8197 -93.5142 1
City1238 31.8197 -93.5142 4.0
31.8214 -93.0294 1
City1239 31.8214 -93.0294 3.8
31.8242 -94.4908 1
City1240 31.8242 -94.4908 4.4
31.8272 -99.4261 1
City1241 31.8272 -99.4261 3.1
31.8294 -86.6178 1
City1242 31.8294 -86.6178 4.3
31.8308 -84.3644 1
City1243 31.8308 -84.3644 3.0
31.8361 -100.9844 1
City1244 31.8361 -100.9844 3.1
31.8456 -102.3672 1
City1245 31.8456 -102.3672 2.9
31.8464 -91.6561 1
City1246 31.8464 -91.6561 4.3
31.8467 -81.5961 1
City1247 31.8467 -81.5961 3.8
31.8575 -103.0922 1
City1248 31.8575 -103.0922 4.3
31.8600 -88.6994 1
City1249 31.8600 -88.6994 2.5
31.8603 -90.3958 1
City1250 31.8603 -90.3958 4.0
31.8636 -92.2958 1
City1251 31.8636 -92.2958 4.1
31.8736 -89.7336 1
City1252 31.8736 -89.7336 3.2
31.8781 -85.4497 1
City1253 31.8781 -85.4497 2.9
31.8867 -88.9839 1
City1254 31.8867 -88.9839 3.2
31.8872 -100.2914 1
City1255 31.8872 -100.2914 3.7
31.8911 -85.1456 1
City1256 31.8911 -85.1456 4.3
31.8922 -100.4844 1
City1257 31.8922 -100.4844 4.3
31.8933 -93.1181 1
City1258 31.8933 -93.1181 2.6
31.8939 -96.7144 1
City1259 31.8939 -96.7144 2.7
31.8972 -98.6033 1
City1260 31.8972 -98.6033 3.8
31.9003 -84.2519 1
City1261 31.9003 -84.2519 4.1
31.9028 -92.2431 1
City1262 31.9028 -92.2431 4.4
31.9036 -94.3950 1
City1263 31.9036 -94.3950 4.3
31.9119 -111.8806 1
City1264 31.9119 -111.8806 3.1
31.9133 -87.7358 1
City1265 31.9133 -87.7358 3.5
31.9231 -97.6564 1
City1266 31.9231 -97.6564 3.2
31.9253 -92.6394 1
City1267 31.9253 -92.6394 3.2
31.9292 -82.6797 1
City1268 31.9292 -82.6797 3.8
31.9364 -81.9286 1
City1269 31.9364 -81.9286 3.1
31.9381 -81.3036 1
City1270 31.9381 -81.3036 4.2
31.9436 -94.2439 1
City1271 31.9436 -94.2439 3.7
31.9508 -83.4564 1
City1272 31.9508 -83.4564 2.6
31.9564 -99.9619 1
City1273 31.9564 -99.9619 3.5
31.9608 -90.9839 1
City1274 31.9608 -90.9839 3.2
31.9617 -89.8700 1
City1275 31.9617 -89.8700 3.5
31.9633 -83.7825 1
City1276 31.9633 -83.7825 3.3
31.9636 -95.2703 1
City1277 31.9636 -95.2703 3.9
31.9656 -94.0536 1
City1278 31.9656 -94.0536 4.0
31.9678 -110.2939 1
City1279 31.9678 -110.2939 3.1
31.9753 -93.9978 1
City1280 31.9753 -93.9978 4.0
31.9789 -89.2872 1
City1281 31.9789 -89.2872 3.5
31.9808 -91.6556 1
City1282 31.9808 -91.6556 3.6
31.9828 -98.0333 1
City1283 31.9828 -98.0333 3.5
31.9844 -86.5786 1
City1284 31.9844 -86.5786 4.4
31.9872 -90.3569 1
City1285 31.9872 -90.3569 3.0
31.9894 -83.2003 1
City1286 31.9894 -83.2003 4.2
31.9908 -87.2906 1
City1287 31.9908 -87.2906 3.4
31.9919 -83.3069 1
City1288 31.9919 -83.3069 3.0
31.9972 -102.0775 1
City1289 31.9972 -102.0775 3.8
32.0000 -80.8458 1
City1290 32.0000 -80.8458 2.6
32.0039 -106.6053 1
City1291 32.0039 -106.6053 3.1
32.0108 -97.1297 1
City1292 32.0108 -97.1297 2.7
32.0147 -93.3419 1
City1293 32.0147 -93.3419 4.3
32.0167 -92.9092 1
City1294 32.0167 -92.9092 3.7
32.0172 -83.0628 1
City1295 32.0172 -83.0628 4.2
32.0217 -93.7142 1
City1296 32.0217 -93.7142 4.1
32.0264 -92.1389 1
City1297 32.0264 -92.1389 3.7
32.0333 -81.0500 1
City1298 32.0333 -81.0500 3.1
32.0333 -89.5222 1
City1299 32.0333 -89.5222 3.1
32.0339 -84.3928 1
City1300 32.0339 -84.3928 3.5
32.0356 -82.5083 1
City1301 32.0356 -82.5083 3.7
32.0375 -93.7000 1
City1302 32.0375 -93.7000 3.0
32.0400 -88.7281 1
City1303 32.0400 -88.7281 2.6
32.0492 -91.6581 1
City1304 32.0492 -91.6581 2.8
32.0497 -92.1092 1
City1305 32.0497 -92.1092 2.6
32.0525 -95.5061 1
City1306 32.0525 -95.5061 3.2
32.0678 -82.9008 1
City1307 32.0678 -82.9008 3.9
32.0722 -84.2328 1
City1308 32.0722 -84.2328 4.0
32.0725 -91.2408 1
City1309 32.0725 -91.2408 3.2
32.0736 -82.9147 1
City1310 32.0736 -82.9147 3.5
32.0800 -96.8064 1
City1311 32.0800 -96.8064 3.7
32.0833 -81.1000 1
City1312 32.0833 -81.1000 2.6
32.0850 -98.3417 1
City1313 32.0850 -98.3417 2.6
32.0853 -93.2200 1
City1314 32.0853 -93.2200 3.8
32.0867 -82.1181 1
City1315 32.0867 -82.1181 4.1
32.0878 -84.6675 1
City1316 32.0878 -84.6675 2.7
32.0883 -95.4717 1
City1317 32.0883 -95.4717 4.0
32.0894 -88.2219 1
City1318 32.0894 -88.2219 3.9
32.0914 -83.7956 1
City1319 32.0914 -83.7956 2.9
32.0919 -96.7156 1
City1320 32.0919 -96.7156 4.4
32.0953 -96.4686 1
City1321 32.0953 -96.4686 3.1
32.0958 -98.9633 1
City1322 32.0958 -98.9633 4.0
32.0961 -90.2942 1
City1323 32.0961 -90.2942 3.8
32.1094 -90.6233 1
City1324 32.1094 -90.6233 3.4
32.1100 -83.5011 1
City1325 32.1100 -83.5011 3.9
32.1142 -81.1542 1
City1326 32.1142 -81.1542 4.0
32.1153 -81.2472 1
City1327 32.1153 -81.2472 2.8
32.1244 -96.9450 1
City1328 32.1244 -96.9450 3.7
32.1261 -99.1650 1
City1329 32.1261 -99.1650 4.2
32.1292 -101.7881 1
City1330 32.1292 -101.7881 3.9
32.1322 -81.2992 1
City1331 32.1322 -81.2992 3.1
32.1331 -96.2275 1
City1332 32.1331 -96.2275 3.8
32.1358 -81.6222 1
City1333 32.1358 -81.6222 3.0
32.1397 -95.3200 1
City1334 32.1397 -95.3200 3.9
32.1439 -96.0908 1
City1335 32.1439 -96.0908 3.2
32.1442 -85.7150 1
City1336 32.1442 -85.7150 2.7
32.1444 -95.1203 1
City1337 32.1444 -95.1203 2.9
32.1469 -82.7781 1
City1338 32.1469 -82.7781 2.6
32.1489 -81.1633 1
City1339 32.1489 -81.1633 3.5
32.1531 -94.7992 1
City1340 32.1531 -94.7992 2.9
32.1533 -90.1311 1
City1341 32.1533 -90.1311 3.4
32.1558 -81.9339 1
City1342 32.1558 -81.9339 3.5
32.1572 -94.3372 1
City1343 32.1572 -94.3372 3.6
32.1594 -97.1497 1
City1344 32.1594 -97.1497 4.0
32.1614 -81.9042 1
City1345 32.1614 -81.9042 3.4
32.1631 -91.7206 1
City1346 32.1631 -91.7206 3.5
32.1686 -88.2825 1
City1347 32.1686 -88.2825 3.5
32.1694 -96.0122 1
City1348 32.1694 -96.0122 4.0
32.1811 -82.1092 1
City1349 32.1811 -82.1092 2.6
32.1839 -86.5803 1
City1350 32.1839 -86.5803 4.0
32.1839 -96.8844 1
City1351 32.1839 -96.8844 4.1
32.1872 -82.5658 1
City1352 32.1872 -82.5658 3.8
32.1975 -83.1778 1
City1353 32.1975 -83.1778 2.8
32.1994 -110.9678 1
City1354 32.1994 -110.9678 4.1
32.2019 -83.9086 1
City1355 32.2019 -83.9086 3.5
32.2042 -82.3219 1
City1356 32.2042 -82.3219 2.8
32.2047 -95.8553 1
City1357 32.2047 -95.8553 3.4
32.2094 -99.7964 1
City1358 32.2094 -99.7964 3.2
32.2136 -98.6703 1
City1359 32.2136 -98.6703 2.8
32.2161 -80.7528 1
City1360 32.2161 -80.7528 3.6
32.2175 -82.4136 1
City1361 32.2175 -82.4136 3.9
32.2206 -98.2019 1
City1362 32.2206 -98.2019 4.4
32.2217 -110.9258 1
City1363 32.2217 -110.9258 3.4
32.2253 -95.0575 1
City1364 32.2253 -95.0575 2.6
32.2267 -95.2253 1
City1365 32.2267 -95.2253 3.1
32.2333 -97.3742 1
City1366 32.2333 -97.3742 3.6
32.2344 -97.7550 1
City1367 32.2344 -97.7550 3.6
32.2369 -80.8606 1
City1368 32.2369 -80.8606 2.6
32.2381 -84.3092 1
City1369 32.2381 -84.3092 3.8
32.2386 -94.9403 1
City1370 32.2386 -94.9403 3.3
32.2411 -92.7158 1
City1371 32.2411 -92.7158 2.7
32.2417 -85.4164 1
City1372 32.2417 -85.4164 3.4
32.2428 -94.4553 1
City1373 32.2428 -94.4553 3.8
32.2503 -101.4783 1
City1374 32.2503 -101.4783 3.5
32.2528 -109.8314 1
City1375 32.2528 -109.8314 3.3
32.2592 -90.4225 1
City1376 32.2592 -90.4225 4.1
32.2614 -83.7367 1
City1377 32.2614 -83.7367 3.6
32.2664 -87.6253 1
City1378 32.2664 -87.6253 3.2
32.2686 -107.7581 1
City1379 32.2686 -107.7581 3.8
32.2700 -106.8003 1
City1380 32.2700 -106.8003 3.9
32.2731 -89.9858 1
City1381 32.2731 -89.9858 3.6
32.2744 -94.9783 1
City1382 32.2744 -94.9783 3.2
32.2767 -92.7233 1
City1383 32.2767 -92.7233 2.5
32.2783 -95.7494 1
City1384 32.2783 -95.7494 3.0
32.2817 -93.8239 1
City1385 32.2817 -93.8239 3.3
32.2836 -83.4722 1
City1386 32.2836 -83.4722 4.3
32.2861 -104.0953 1
City1387 32.2861 -104.0953 2.7
32.2869 -81.0808 1
City1388 32.2869 -81.0808 3.6
32.2936 -84.0611 1
City1389 32.2936 -84.0611 2.7
32.2958 -81.2356 1
City1390 32.2958 -81.2356 3.7
32.2964 -101.3058 1
City1391 32.2964 -101.3058 3.4
32.2986 -90.1847 1
City1392 32.2986 -90.1847 3.1
32.3050 -84.0275 1
City1393 32.3050 -84.0275 3.7
32.3053 -84.7728 1
City1394 32.3053 -84.7728 3.5
32.3061 -87.7981 1
City1395 32.3061 -87.7981 3.1
32.3061 -92.4503 1
City1396 32.3061 -92.4503 3.0
32.3069 -96.0064 1
City1397 32.3069 -96.0064 3.8
32.3078 -95.4797 1
City1398 32.3078 -95.4797 3.5
32.3089 -91.7747 1
City1399 32.3089 -91.7747 3.0
32.3094 -90.1389 1
City1400 32.3094 -90.1389 4.2
32.3122 -106.7778 1
City1401 32.3122 -106.7778 4.2
32.3128 -89.7983 1
City1402 32.3128 -89.7983 3.9
32.3131 -97.0114 1
City1403 32.3131 -97.0114 3.8
32.3158 -94.5164 1
City1404 32.3158 -94.5164 3.0
32.3175 -89.0256 1
City1405 32.3175 -89.0256 4.3
32.3186 -102.5453 1
City1406 32.3186 -102.5453 3.7
32.3189 -84.5172 1
City1407 32.3189 -84.5172 3.5
32.3203 -96.2128 1
City1408 32.3203 -96.2128 4.4
32.3211 -89.1633 1
City1409 32.3211 -89.1633 4.4
32.3283 -93.2797 1
City1410 32.3283 -93.2797 2.6
32.3292 -96.6250 1
City1411 32.3292 -96.6250 3.6
32.3300 -90.6056 1
City1412 32.3300 -90.6056 3.9
32.3344 -96.1511 1
City1413 32.3344 -96.1511 2.7
32.3361 -81.3917 1
City1414 32.3361 -81.3917 4.3
32.3414 -90.3217 1
City1415 32.3414 -90.3217 3.9
32.3431 -89.3286 1
City1416 32.3431 -89.3286 3.5
32.3475 -97.3864 1
City1417 32.3475 -97.3864 4.3
32.3492 -90.4600 1
City1418 32.3492 -90.4600 3.3
32.3503 -108.7081 1
City1419 32.3503 -108.7081 3.3
32.3511 -95.3008 1
City1420 32.3511 -95.3008 4.2
32.3525 -90.8778 1
City1421 32.3525 -90.8778 3.0
32.3536 -89.6544 1
City1422 32.3536 -89.6544 4.4
32.3642 -88.7036 1
City1423 32.3642 -88.7036 3.7
32.3644 -89.4742 1
City1424 32.3644 -89.4742 2.6
32.3664 -96.1006 1
City1425 32.3664 -96.1006 3.5
32.3667 -86.3000 1
City1426 32.3667 -86.3000 3.0
32.3694 -84.1881 1
City1427 32.3694 -84.1881 3.1
32.3717 -112.8600 1
City1428 32.3717 -112.8600 2.7
32.3769 -82.5925 1
City1429 32.3769 -82.5925 2.9
32.3789 -80.6928 1
City1430 32.3789 -80.6928 3.9
32.3794 -81.6633 1
City1431 32.3794 -81.6633 2.5
32.3808 -106.4789 1
City1432 32.3808 -106.4789 2.9
32.3864 -96.8481 1
City1433 32.3864 -96.8481 3.3
32.3867 -83.3547 1
City1434 32.3867 -83.3547 3.3
32.3881 -98.9789 1
City1435 32.3881 -98.9789 2.5
32.3881 -100.8642 1
City1436 32.3881 -100.8642 3.3
32.3939 -99.3939 1
City1437 32.3939 -99.3939 2.5
32.3967 -97.3236 1
City1438 32.3967 -97.3236 3.0
32.3969 -82.0603 1
City1439 32.3969 -82.0603 2.7
32.3969 -90.8564 1
City1440 32.3969 -90.8564 3.4
32.4014 -98.8172 1
City1441 32.4014 -98.8172 3.8
32.4058 -99.4933 1
City1442 32.4058 -99.4933 3.8
32.4064 -97.2114 1
City1443 32.4064 -97.2114 3.0
32.4067 -88.7772 1
City1444 32.4067 -88.7772 2.6
32.4072 -87.0211 1
City1445 32.4072 -87.0211 4.1
32.4083 -91.1867 1
City1446 32.4083 -91.1867 4.2
32.4111 -100.7119 1
City1447 32.4111 -100.7119 3.5
32.4172 -88.6478 1
City1448 32.4172 -88.6478 3.8
32.4206 -104.2283 1
City1449 32.4206 -104.2283 2.8
32.4239 -85.6917 1
City1450 32.4239 -85.6917 4.0
32.4283 -90.1322 1
City1451 32.4283 -90.1322 3.8
32.4311 -96.6675 1
City1452 32.4311 -96.6675 2.6
32.4314 -80.6700 1
City1453 32.4314 -80.6700 3.0
32.4322 -83.0614 1
City1454 32.4322 -83.0614 3.1
32.4333 -97.1022 1
City1455 32.4333 -97.1022 3.0
32.4339 -86.6547 1
City1456 32.4339 -86.6547 3.3
32.4356 -80.7242 1
City1457 32.4356 -80.7242 4.4
32.4367 -111.2247 1
City1458 32.4367 -111.2247 3.4
32.4372 -103.1586 1
City1459 32.4372 -103.1586 2.5
32.4389 -89.1083 1
City1460 32.4389 -89.1083 2.9
32.4419 -82.2153 1
City1461 32.4419 -82.2153 3.9
32.4419 -97.7939 1
City1462 32.4419 -97.7939 4.2
32.4425 -96.2297 1
City1463 32.4425 -96.2297 3.9
32.4453 -94.9483 1
City1464 32.4453 -94.9483 3.3
32.4458 -100.5383 1
City1465 32.4458 -100.5383 3.4
32.4486 -81.7833 1
City1466 32.4486 -81.7833 3.2
32.4486 -99.7328 1
City1467 32.4486 -99.7328 2.6
32.4489 -97.5264 1
City1468 32.4489 -97.5264 3.7
32.4494 -87.5142 1
City1469 32.4494 -87.5142 4.4
32.4561 -83.9403 1
City1470 32.4561 -83.9403 3.8
32.4575 -91.4931 1
City1471 32.4575 -91.4931 2.7
32.4575 -99.8711 1
City1472 32.4575 -99.8711 4.4
32.4581 -83.7317 1
City1473 32.4581 -83.7317 2.7
32.4608 -84.9878 1
City1474 32.4608 -84.9878 2.6
32.4614 -97.3878 1
City1475 32.4614 -97.3878 4.4
32.4617 -90.1153 1
City1476 32.4617 -90.1153 3.8
32.4639 -86.4597 1
City1477 32.4639 -86.4597 3.6
32.4697 -98.6786 1
City1478 32.4697 -98.6786 3.3
32.4706 -100.0125 1
City1479 32.4706 -100.0125 3.4
32.4708 -85.0008 1
City1480 32.4708 -85.0008 3.5
32.4708 -100.4056 1
City1481 32.4708 -100.4056 4.3
32.4772 -91.7547 1
City1482 32.4772 -91.7547 4.1
32.4786 -94.0594 1
City1483 32.4786 -94.0594 3.8
32.4797 -86.3619 1
City1484 32.4797 -86.3619 3.9
32.4806 -80.9806 1
City1485 32.4806 -80.9806 3.2
32.4822 -96.9942 1
City1486 32.4822 -96.9942 3.3
32.4861 -88.2964 1
City1487 32.4861 -88.2964 2.9
32.4956 -84.9919 1
City1488 32.4956 -84.9919 2.6
32.5006 -94.7403 1
City1489 32.5006 -94.7403 3.6
32.5042 -94.5739 1
City1490 32.5042 -94.5739 4.1
32.5092 -92.1192 1
City1491 32.5092 -92.1192 3.1
32.5117 -86.3767 1
City1492 32.5117 -86.3767 4.4
32.5156 -95.4092 1
City1493 32.5156 -95.4092 3.9
32.5158 -92.1917 1
City1494 32.5158 -92.1917 3.8
32.5158 -93.7319 1
City1495 32.5158 -93.7319 3.3
32.5175 -87.8364 1
City1496 32.5175 -87.8364 4.2
32.5175 -96.8042 1
City1497 32.5175 -96.8042 3.8
32.5183 -92.1475 1
City1498 32.5183 -92.1475 3.9
32.5231 -92.6378 1
City1499 32.5231 -92.6378 3.3
32.5247 -95.6369 1
City1500 32.5247 -95.6369 2.9
32.5250 -93.7500 1
City1501 32.5250 -93.7500 3.1
32.5264 -96.8861 1
City1502 32.5264 -96.8861 4.0
32.5275 -92.7139 1
City1503 32.5275 -92.7139 4.2
32.5294 -94.9028 1
City1504 32.5294 -94.9028 4.0
32.5300 -92.5142 1
City1505 32.5300 -92.5142 2.9
32.5306 -82.5894 1
City1506 32.5306 -82.5894 3.7
32.5325 -93.5039 1
City1507 32.5325 -93.5039 3.6
32.5339 -96.6653 1
City1508 32.5339 -96.6653 3.1
32.5344 -92.7883 1
City1509 32.5344 -92.7883 3.1
32.5356 -93.4108 1
City1510 32.5356 -93.4108 3.5
32.5358 -85.8933 1
City1511 32.5358 -85.8933 3.9
32.5381 -81.9325 1
City1512 32.5381 -81.9325 3.9
32.5403 -82.9039 1
City1513 32.5403 -82.9039 2.7
32.5419 -97.3206 1
City1514 32.5419 -97.3206 3.5
32.5431 -90.3092 1
City1515 32.5431 -90.3092 3.4
32.5436 -86.2119 1
City1516 32.5436 -86.2119 3.7
32.5439 -93.0528 1
City1517 32.5439 -93.0528 4.3
32.5447 -94.3672 1
City1518 32.5447 -94.3672 3.9
32.5481 -82.8719 1
City1519 32.5481 -82.8719 4.3
32.5489 -92.9200 1
City1520 32.5489 -92.9200 3.2
32.5497 -85.8700 1
City1521 32.5497 -85.8700 2.9
32.5519 -98.4978 1
City1522 32.5519 -98.4978 2.9
32.5536 -83.8875 1
City1523 32.5536 -83.8875 3.5
32.5564 -95.8631 1
City1524 32.5564 -95.8631 2.8
32.5569 -84.2383 1
City1525 32.5569 -84.2383 4.0
32.5597 -84.0964 1
City1526 32.5597 -84.0964 3.9
32.5606 -85.6725 1
City1527 32.5606 -85.6725 3.4
32.5631 -97.1414 1
City1528 32.5631 -97.1414 4.3
32.5789 -97.3622 1
City1529 32.5789 -97.3622 3.1
32.5808 -93.8925 1
City1530 32.5808 -93.8925 3.8
32.5828 -82.1553 1
City1531 32.5828 -82.1553 4.3
32.5836 -95.1086 1
City1532 32.5836 -95.1086 2.9
32.5839 -117.1122 1
City1533 32.5839 -117.1122 3.1
32.5842 -88.1872 1
City1534 32.5842 -88.1872 2.6
32.5883 -95.2039 1
City1535 32.5883 -95.2039 3.4
32.5883 -96.5083 1
City1536 32.5883 -96.5083 3.2
32.5889 -96.3086 1
City1537 32.5889 -96.3086 3.2
32.5889 -96.6850 1
City1538 32.5889 -96.6850 4.4
32.5897 -96.8567 1
City1539 32.5897 -96.8567 2.5
32.5908 -92.6478 1
City1540 32.5908 -92.6478 4.3
32.5919 -96.7558 1
City1541 32.5919 -96.7558 4.3
32.5936 -94.8553 1
City1542 32.5936 -94.8553 4.0
32.5964 -114.7089 1
City1543 32.5964 -114.7089 3.6
32.5972 -82.3339 1
City1544 32.5972 -82.3339 3.8
32.5997 -110.6303 1
City1545 32.5997 -110.6303 4.1
32.6039 -91.4778 1
City1546 32.6039 -91.4778 3.4
32.6056 -83.2456 1
City1547 32.6056 -83.2456 3.9
32.6097 -85.4808 1
City1548 32.6097 -85.4808 2.7
32.6108 -110.7703 1
City1549 32.6108 -110.7703 3.1
32.6119 -99.8139 1
City1550 32.6119 -99.8139 3.0
32.6125 -90.0367 1
City1551 32.6125 -90.0367 3.5
32.6153 -93.2867 1
City1552 32.6153 -93.2867 3.1
32.6208 -83.6000 1
City1553 32.6208 -83.6000 3.2
32.6278 -96.4556 1
City1554 32.6278 -96.4556 3.7
32.6308 -97.2889 1
City1555 32.6308 -97.2889 2.9
32.6322 -87.3192 1
City1556 32.6322 -87.3192 3.5
32.6353 -86.0344 1
City1557 32.6353 -86.0344 3.9
32.6394 -96.5381 1
City1558 32.6394 -96.5381 4.3
32.6400 -117.0833 1
City1559 32.6400 -117.0833 3.4
32.6408 -90.3647 1
City1560 32.6408 -90.3647 3.9
32.6453 -85.3783 1
City1561 32.6453 -85.3783 3.1
32.6467 -97.2256 1
City1562 32.6467 -97.2256 3.1
32.6492 -96.7128 1
City1563 32.6492 -96.7128 3.9
32.6517 -96.9081 1
City1564 32.6517 -96.9081 3.6
32.6536 -83.7597 1
City1565 32.6536 -83.7597 3.8
32.6550 -79.9406 1
City1566 32.6550 -79.9406 3.9
32.6592 -83.6189 1
City1567 32.6592 -83.6189 2.8
32.6631 -95.4881 1
City1568 32.6631 -95.4881 4.2
32.6653 -107.1525 1
City1569 32.6653 -107.1525 3.9
32.6728 -114.1461 1
City1570 32.6728 -114.1461 3.1
32.6731 -97.4603 1
City1571 32.6731 -97.4603 2.8
32.6733 -95.7092 1
City1572 32.6733 -95.7092 4.1
32.6775 -84.5394 1
City1573 32.6775 -84.5394 3.9
32.6781 -117.0983 1
City1574 32.6781 -117.0983 4.2
32.6789 -115.4981 1
City1575 32.6789 -115.4981 3.4
32.6833 -84.7383 1
City1576 32.6833 -84.7383 3.8
32.6858 -117.1822 1
City1577 32.6858 -117.1822 4.1
32.6875 -83.3467 1
City1578 32.6875 -83.3467 4.1
32.6875 -93.9608 1
City1579 32.6875 -93.9608 3.1
32.6900 -80.8508 1
City1580 32.6900 -80.8508 3.7
32.6947 -93.7417 1
City1581 32.6947 -93.7417 4.1
32.6958 -97.6019 1
City1582 32.6958 -97.6019 3.6
32.6961 -92.0858 1
City1583 32.6961 -92.0858 2.6
32.6981 -95.8850 1
City1584 32.6981 -95.8850 3.9
32.6989 -92.6567 1
City1585 32.6989 -92.6567 3.5
32.6992 -108.1314 1
City1586 32.6992 -108.1314 4.4
32.7025 -103.1356 1
City1587 32.7025 -103.1356 2.8
32.7028 -97.1550 1
City1588 32.7028 -97.1550 2.6
32.7044 -87.5958 1
City1589 32.7044 -87.5958 3.9
32.7092 -96.0081 1
City1590 32.7092 -96.0081 4.2
32.7142 -97.1561 1
City1591 32.7142 -97.1561 3.2
32.7153 -117.1564 1
City1592 32.7153 -117.1564 4.0
32.7169 -116.8753 1
City1593 32.7169 -116.8753 3.3
32.7189 -102.6444 1
City1594 32.7189 -102.6444 3.2
32.7214 -109.1047 1
City1595 32.7214 -109.1047 4.0
32.7217 -84.0133 1
City1596 32.7217 -84.0133 4.1
32.7225 -110.6400 1
City1597 32.7225 -110.6400 4.1
32.7233 -99.2969 1
City1598 32.7233 -99.2969 2.7
32.7253 -97.3206 1
City1599 32.7253 -97.3206 2.7
32.7253 -114.6236 1
City1600 32.7253 -114.6236 4.3
32.7286 -94.9422 1
City1601 32.7286 -94.9422 3.7
32.7286 -96.6225 1
City1602 32.7286 -96.6225 3.4
32.7292 -82.7200 1
City1603 32.7292 -82.7200 2.7
32.7308 -115.5289 1
City1604 32.7308 -115.5289 2.7
32.7342 -80.2419 1
City1605 32.7342 -80.2419 3.2
32.7358 -96.2750 1
City1606 32.7358 -96.2750 4.0
32.7361 -96.8867 1
City1607 32.7361 -96.8867 3.2
32.7375 -101.9506 1
City1608 32.7375 -101.9506 2.9
32.7425 -117.0306 1
City1609 32.7425 -117.0306 3.1
32.7439 -93.9714 1
City1610 32.7439 -93.9714 3.9
32.7447 -97.4133 1
City1611 32.7447 -97.4133 2.9
32.7458 -96.9975 1
City1612 32.7458 -96.9975 3.0
32.7481 -96.4717 1
City1613 32.7481 -96.4717 4.2
32.7503 -81.6369 1
City1614 32.7503 -81.6369 2.8
32.7547 -81.2422 1
City1615 32.7547 -81.2422 2.7
32.7556 -98.9019 1
City1616 32.7556 -98.9019 3.0
32.7558 -111.5542 1
City1617 32.7558 -111.5542 4.0
32.7564 -99.8958 1
City1618 32.7564 -99.8958 2.6
32.7572 -94.3450 1
City1619 32.7572 -94.3450 2.9
32.7572 -97.4106 1
City1620 32.7572 -97.4106 3.5
32.7578 -84.8750 1
City1621 32.7578 -84.8750 3.7
32.7592 -97.7969 1
City1622 32.7592 -97.7969 2.8
32.7594 -97.4581 1
City1623 32.7594 -97.4581 3.6
32.7617 -108.1300 1
City1624 32.7617 -108.1300 3.9
32.7631 -80.2503 1
City1625 32.7631 -80.2503 3.9
32.7675 -88.6508 1
City1626 32.7675 -88.6508 2.8
32.7678 -117.0222 1
City1627 32.7678 -117.0222 3.2
32.7700 -108.2797 1
City1628 32.7700 -108.2797 4.3
32.7714 -89.1167 1
City1629 32.7714 -89.1167 2.8
32.7733 -92.4056 1
City1630 32.7733 -92.4056 4.3
32.7750 -91.7925 1
City1631 32.7750 -91.7925 3.4
32.7764 -79.9311 1
City1632 32.7764 -79.9311 3.4
32.7786 -91.9142 1
City1633 32.7786 -91.9142 3.0
32.7794 -108.1497 1
City1634 32.7794 -108.1497 3.3
32.7833 -96.8000 1
City1635 32.7833 -96.8000 3.0
32.7853 -80.0353 1
City1636 32.7853 -80.0353 4.2
32.7872 -84.5619 1
City1637 32.7872 -84.5619 3.0
32.7883 -86.8717 1
City1638 32.7883 -86.8717 3.3
32.7889 -85.1450 1
City1639 32.7889 -85.1450 3.2
32.7917 -93.0556 1
City1640 32.7917 -93.0556 2.6
32.7919 -115.5622 1
City1641 32.7919 -115.5622 2.9
32.7928 -95.6342 1
City1642 32.7928 -95.6342 4.2
32.7931 -115.6903 1
City1643 32.7931 -115.6903 4.3
32.7939 -79.8628 1
City1644 32.7939 -79.8628 4.2
32.7947 -116.9617 1
City1645 32.7947 -116.9617 2.6
32.7958 -95.4508 1
City1646 32.7958 -95.4508 2.8
32.7961 -85.1839 1
City1647 32.7961 -85.1839 3.0
32.7964 -96.5606 1
City1648 32.7964 -96.5606 3.3
32.7994 -97.2689 1
City1649 32.7994 -97.2689 2.5
32.8000 -94.7206 1
City1650 32.8000 -94.7206 3.5
32.8003 -85.6536 1
City1651 32.8003 -85.6536 3.7
32.8039 -81.9494 1
City1652 32.8039 -81.9494 4.1
32.8042 -91.1700 1
City1653 32.8042 -91.1700 2.8
32.8047 -97.4447 1
City1654 32.8047 -97.4447 3.3
32.8058 -97.4028 1
City1655 32.8058 -97.4028 4.0
32.8083 -98.1125 1
City1656 32.8083 -98.1125 3.8
32.8111 -83.1728 1
City1657 32.8111 -83.1728 3.0
32.8111 -115.3794 1
City1658 32.8111 -115.3794 4.1
32.8139 -96.9486 1
City1659 32.8139 -96.9486 3.1
32.8158 -97.2278 1
City1660 32.8158 -97.2278 4.0
32.8189 -82.2350 1
City1661 32.8189 -82.2350 3.0
32.8192 -93.4175 1
City1662 32.8192 -93.4175 3.2
32.8203 -85.1722 1
City1663 32.8203 -85.1722 3.6
32.8219 -92.6578 1
City1664 32.8219 -92.6578 3.3
32.8233 -97.1703 1
City1665 32.8233 -97.1703 3.0
32.8267 -83.0794 1
City1666 32.8267 -83.0794 4.3
32.8281 -88.4764 1
City1667 32.8281 -88.4764 4.2
32.8311 -85.7636 1
City1668 32.8311 -85.7636 3.9
32.8339 -109.7069 1
City1669 32.8339 -109.7069 2.6
32.8342 -97.2286 1
City1670 32.8342 -97.2286 4.1
32.8344 -85.2297 1
City1671 32.8344 -85.2297 3.0
32.8364 -96.4747 1
City1672 32.8364 -96.4747 4.0
32.8383 -116.9731 1
City1673 32.8383 -116.9731 3.9
32.8386 -86.6294 1
City1674 32.8386 -86.6294 2.7
32.8403 -85.1833 1
City1675 32.8403 -85.1833 3.3
32.8406 -83.6325 1
City1676 32.8406 -83.6325 3.0
32.8406 -87.8875 1
City1677 32.8406 -87.8875 3.7
32.8422 -104.4028 1
City1678 32.8422 -104.4028 3.7
32.8439 -97.1428 1
City1679 32.8439 -97.1428 3.4
32.8467 -85.2100 1
City1680 32.8467 -85.2100 2.6
32.8475 -115.5686 1
City1681 32.8475 -115.5686 3.8
32.8492 -109.7586 1
City1682 32.8492 -109.7586 3.6
32.8503 -81.0794 1
City1683 32.8503 -81.0794 3.8
32.8517 -80.0367 1
City1684 32.8517 -80.0367 3.3
32.8519 -100.4653 1
City1685 32.8519 -100.4653 3.4
32.8544 -79.9750 1
City1686 32.8544 -79.9750 3.4
32.8550 -90.4056 1
City1687 32.8550 -90.4056 2.7
32.8564 -97.3386 1
City1688 32.8564 -97.3386 2.6
32.8572 -116.9214 1
City1689 32.8572 -116.9214 3.0
32.8578 -97.2544 1
City1690 32.8578 -97.2544 3.8
32.8597 -84.6200 1
City1691 32.8597 -84.6200 3.3
32.8600 -97.3636 1
City1692 32.8600 -97.3636 4.4
32.8667 -82.4042 1
City1693 32.8667 -82.4042 3.8
32.8678 -84.3306 1
City1694 32.8678 -84.3306 4.0
32.8686 -85.1906 1
City1695 32.8686 -85.1906 4.3
32.8708 -81.1097 1
City1696 32.8708 -81.1097 2.9
32.8714 -93.9872 1
City1697 32.8714 -93.9872 3.1
32.8744 -95.7653 1
City1698 32.8744 -95.7653 2.6
32.8764 -87.7425 1
City1699 32.8764 -87.7425 3.6
32.8778 -85.1833 1
City1700 32.8778 -85.1833 4.3
32.8794 -111.7567 1
City1701 32.8794 -111.7567 3.6
32.8808 -97.1547 1
City1702 32.8808 -97.1547 3.5
32.8819 -83.3325 1
City1703 32.8819 -83.3325 4.1
32.8833 -81.6583 1
City1704 32.8833 -81.6583 4.2
32.8836 -89.9714 1
City1705 32.8836 -89.9714 2.5
32.8847 -100.1261 1
City1706 32.8847 -100.1261 2.5
32.8881 -84.3267 1
City1707 32.8881 -84.3267 4.0
32.8928 -93.4483 1
City1708 32.8928 -93.4483 2.5
32.8936 -96.0292 1
City1709 32.8936 -96.0292 3.3
32.8950 -97.5456 1
City1710 32.8950 -97.5456 3.9
32.8961 -109.8269 1
City1711 32.8961 -109.8269 3.4
32.8997 -85.4011 1
City1712 32.8997 -85.4011 4.1
32.8997 -94.5561 1
City1713 32.8997 -94.5561 4.3
32.9014 -92.2419 1
City1714 32.9014 -92.2419 4.3
32.9028 -96.5636 1
City1715 32.9028 -96.5636 3.3
32.9050 -80.6669 1
City1716 32.9050 -80.6669 4.3
32.9050 -93.6967 1
City1717 32.9050 -93.6967 3.4
32.9064 -90.8781 1
City1718 32.9064 -90.8781 4.2
32.9103 -96.1353 1
City1719 32.9103 -96.1353 4.4
32.9156 -86.7158 1
City1720 32.9156 -86.7158 3.1
32.9183 -80.0222 1
City1721 32.9183 -80.0222 4.3
32.9192 -91.6769 1
City1722 32.9192 -91.6769 3.7
32.9253 -81.1875 1
City1723 32.9253 -81.1875 3.5
32.9264 -96.8958 1
City1724 32.9264 -96.8958 3.7
32.9311 -96.4594 1
City1725 32.9311 -96.4594 4.0
32.9328 -84.3494 1
City1726 32.9328 -84.3494 2.7
32.9342 -97.0778 1
City1727 32.9342 -97.0778 2.9
32.9344 -97.2514 1
City1728 32.9344 -97.2514 3.9
32.9358 -82.8117 1
City1729 32.9358 -82.8117 2.7
32.9372 -87.1647 1
City1730 32.9372 -87.1647 3.8
32.9411 -97.1339 1
City1731 32.9411 -97.1339 2.6
32.9439 -85.9539 1
City1732 32.9439 -85.9539 3.3
32.9439 -103.3481 1
City1733 32.9439 -103.3481 3.6
32.9442 -102.5644 1
City1734 32.9442 -102.5644 3.9
32.9444 -87.1386 1
City1735 32.9444 -87.1386 2.9
32.9453 -99.8025 1
City1736 32.9453 -99.8025 4.3
32.9478 -112.7161 1
City1737 32.9478 -112.7161 3.7
32.9481 -96.7294 1
City1738 32.9481 -96.7294 3.2
32.9536 -96.8900 1
City1739 32.9536 -96.8900 3.0
32.9544 -97.0147 1
City1740 32.9544 -97.0147 2.8
32.9572 -95.2900 1
City1741 32.9572 -95.2900 3.2
32.9572 -105.7419 1
City1742 32.9572 -105.7419 2.5
32.9589 -81.2367 1
City1743 32.9589 -81.2367 2.8
32.9594 -117.2644 1
City1744 32.9594 -117.2644 2.9
32.9597 -86.7467 1
City1745 32.9597 -86.7467 2.5
32.9617 -96.8289 1
City1746 32.9617 -96.8289 3.4
32.9619 -93.1400 1
City1747 32.9619 -93.1400 3.6
32.9628 -117.0350 1
City1748 32.9628 -117.0350 3.1
32.9636 -101.8322 1
City1749 32.9636 -101.8322 3.5
32.9644 -102.8286 1
City1750 32.9644 -102.8286 4.1
32.9689 -93.4506 1
City1751 32.9689 -93.4506 4.0
32.9700 -89.9122 1
City1752 32.9700 -89.9122 4.3
32.9719 -110.7758 1
City1753 32.9719 -110.7758 3.8
32.9739 -90.8244 1
City1754 32.9739 -90.8244 2.5
32.9750 -81.7578 1
City1755 32.9750 -81.7578 3.1
32.9750 -96.3322 1
City1756 32.9750 -96.3322 3.7
32.9761 -96.5950 1
City1757 32.9761 -96.5950 3.3
32.9778 -105.9414 1
City1758 32.9778 -105.9414 2.7
32.9778 -111.5169 1
City1759 32.9778 -111.5169 3.5
32.9783 -88.5700 1
City1760 32.9783 -88.5700 4.2
32.9786 -115.5294 1
City1761 32.9786 -115.5294 3.9
32.9808 -80.0328 1
City1762 32.9808 -80.0328 3.9
32.9814 -82.8103 1
City1763 32.9814 -82.8103 3.1
32.9836 -84.5828 1
City1764 32.9836 -84.5828 4.3
32.9856 -80.1100 1
City1765 32.9856 -80.1100 3.9
32.9875 -110.7703 1
City1766 32.9875 -110.7703 3.0
32.9911 -117.2703 1
City1767 32.9911 -117.2703 2.6
32.9922 -89.0661 1
City1768 32.9922 -89.0661 3.9
32.9950 -97.5425 1
City1769 32.9950 -97.5425 3.3
32.9953 -94.9656 1
City1770 32.9953 -94.9656 2.5
32.9975 -87.6300 1
City1771 32.9975 -87.6300 3.4
32.9983 -94.6306 1
City1772 32.9983 -94.6306 4.3
33.0014 -82.4114 1
City1773 33.0014 -82.4114 4.1
33.0039 -97.2256 1
City1774 33.0039 -97.2256 4.2
33.0047 -110.7847 1
City1775 33.0047 -110.7847 3.7
33.0067 -80.1556 1
City1776 33.0067 -80.1556 2.8
33.0078 -81.3086 1
City1777 33.0078 -81.3086 4.1
33.0122 -94.3653 1
City1778 33.0122 -94.3653 3.4
33.0136 -92.7250 1
City1779 33.0136 -92.7250 4.2
33.0144 -97.0967 1
City1780 33.0144 -97.0967 3.7
33.0150 -96.6128 1
City1781 33.0150 -96.6128 4.3
33.0161 -92.7242 1
City1782 33.0161 -92.7242 4.0
33.0183 -80.1758 1
City1783 33.0183 -80.1758 3.0
33.0197 -96.6986 1
City1784 33.0197 -96.6986 3.4
33.0203 -117.2019 1
City1785 33.0203 -117.2019 3.2
33.0308 -85.0611 1
City1786 33.0308 -85.0611 3.0
33.0314 -111.3867 1
City1787 33.0314 -111.3867 4.0
33.0317 -94.7217 1
City1788 33.0317 -94.7217 2.9
33.0342 -83.9383 1
City1789 33.0342 -83.9383 3.0
33.0369 -117.2911 1
City1790 33.0369 -117.2911 2.6
33.0372 -115.6206 1
City1791 33.0372 -115.6206 3.0
33.0392 -85.0314 1
City1792 33.0392 -85.0314 4.4
33.0394 -92.1825 1
City1793 33.0394 -92.1825 4.1
33.0483 -116.6300 1
City1794 33.0483 -116.6300 2.6
33.0508 -109.2956 1
City1795 33.0508 -109.2956 2.9
33.0544 -84.1558 1
City1796 33.0544 -84.1558 3.3
33.0569 -110.9100 1
City1797 33.0569 -110.9100 4.1
33.0572 -91.5733 1
City1798 33.0572 -91.5733 3.0
33.0575 -89.5875 1
City1799 33.0575 -89.5875 3.2
33.0606 -95.4719 1
City1800 33.0606 -95.4719 3.7
33.0656 -86.0533 1
City1801 33.0656 -86.0533 3.4
33.0656 -96.2275 1
City1802 33.0656 -96.2275 3.9
33.0678 -109.3594 1
City1803 33.0678 -109.3594 3.0
33.0681 -117.3025 1
City1804 33.0681 -117.3025 2.9
33.0739 -106.0181 1
City1805 33.0739 -106.0181 3.5
33.0750 -89.8544 1
City1806 33.0750 -89.8544 4.4
33.0767 -111.7386 1
City1807 33.0767 -111.7386 3.1
33.0786 -86.8817 1
City1808 33.0786 -86.8817 2.7
33.0786 -109.3647 1
City1809 33.0786 -109.3647 2.7
33.0786 -116.6011 1
City1810 33.0786 -116.6011 4.0
33.0800 -83.2322 1
City1811 33.0800 -83.2322 3.1
33.0847 -97.2958 1
City1812 33.0847 -97.2958 2.9
33.0897 -82.0158 1
City1813 33.0897 -82.0158 4.1
33.0917 -97.0464 1
City1814 33.0917 -97.0464 2.8
33.0956 -80.3156 1
City1815 33.0956 -80.3156 3.6
33.0981 -93.6547 1
City1816 33.0981 -93.6547 3.1
33.1003 -93.4608 1
City1817 33.1003 -93.4608 3.2
33.1006 -86.8642 1
City1818 33.1006 -86.8642 3.0
33.1028 -86.7536 1
City1819 33.1028 -86.7536 2.9
33.1031 -96.6703 1
City1820 33.1031 -96.6703 2.9
33.1053 -88.5608 1
City1821 33.1053 -88.5608 3.3
33.1075 -92.3347 1
City1822 33.1075 -92.3347 4.0
33.1094 -91.2619 1
City1823 33.1094 -91.2619 3.1
33.1131 -90.0531 1
City1824 33.1131 -90.0531 4.3
33.1136 -94.1642 1
City1825 33.1136 -94.1642 3.3
33.1150 -104.3264 1
City1826 33.1150 -104.3264 4.3
33.1181 -87.1250 1
City1827 33.1181 -87.1250 3.3
33.1192 -97.0253 1
City1828 33.1192 -97.0253 3.4
33.1192 -117.0856 1
City1829 33.1192 -117.0856 3.0
33.1211 -97.1831 1
City1830 33.1211 -97.1831 3.3
33.1214 -85.5664 1
City1831 33.1214 -85.5664 2.7
33.1236 -89.0550 1
City1832 33.1236 -89.0550 3.1
33.1256 -115.5133 1
City1833 33.1256 -115.5133 4.0
33.1281 -91.9611 1
City1834 33.1281 -91.9611 2.6
33.1283 -107.2522 1
City1835 33.1283 -107.2522 2.7
33.1294 -88.1514 1
City1836 33.1294 -88.1514 2.8
33.1333 -100.2269 1
City1837 33.1333 -100.2269 4.0
33.1372 -95.8392 1
City1838 33.1372 -95.8392 4.1
33.1386 -110.1244 1
City1839 33.1386 -110.1244 3.5
33.1408 -91.9939 1
City1840 33.1408 -91.9939 3.0
33.1433 -117.1653 1
City1841 33.1433 -117.1653 2.7
33.1481 -95.9511 1
City1842 33.1481 -95.9511 4.2
33.1486 -94.1500 1
City1843 33.1486 -94.1500 4.4
33.1506 -96.8233 1
City1844 33.1506 -96.8233 4.0
33.1511 -85.3722 1
City1845 33.1511 -85.3722 3.0
33.1575 -99.7333 1
City1846 33.1575 -99.7333 3.1
33.1575 -105.7736 1
City1847 33.1575 -105.7736 4.0
33.1581 -117.3497 1
City1848 33.1581 -117.3497 4.2
33.1611 -98.3853 1
City1849 33.1611 -98.3853 3.3
33.1633 -96.3597 1
City1850 33.1633 -96.3597 3.1
33.1650 -97.0292 1
City1851 33.1650 -97.0292 4.3
33.1656 -91.9414 1
City1852 33.1656 -91.9414 4.3
33.1667 -101.7933 1
City1853 33.1667 -101.7933 3.8
33.1689 -90.8539 1
City1854 33.1689 -90.8539 2.6
33.1731 -84.9150 1
City1855 33.1731 -84.9150 4.3
33.1731 -86.2517 1
City1856 33.1731 -86.2517 4.0
33.1781 -86.6072 1
City1857 33.1781 -86.6072 3.3
33.1786 -99.1772 1
City1858 33.1786 -99.1772 3.6
33.1800 -96.4978 1
City1859 33.1800 -96.4978 4.3
33.1806 -94.7439 1
City1860 33.1806 -94.7439 4.3
33.1811 -102.2739 1
City1861 33.1811 -102.2739 4.3
33.1828 -90.2228 1
City1862 33.1828 -90.2228 4.0
33.1842 -90.4892 1
City1863 33.1842 -90.4892 4.3
33.1844 -99.8933 1
City1864 33.1844 -99.8933 3.5
33.1886 -95.2211 1
City1865 33.1886 -95.2211 3.8
33.1908 -101.3778 1
City1866 33.1908 -101.3778 3.7
33.1939 -98.7383 1
City1867 33.1939 -98.7383 3.0
33.1958 -80.0133 1
City1868 33.1958 -80.0133 3.7
33.1958 -117.3786 1
City1869 33.1958 -117.3786 3.8
33.1972 -104.3725 1
City1870 33.1972 -104.3725 3.1
33.1975 -96.6150 1
City1871 33.1975 -96.6150 3.2
33.2000 -117.2417 1
City1872 33.2000 -117.2417 4.3
33.2031 -94.6800 1
City1873 33.2031 -94.6800 3.4
33.2075 -82.3919 1
City1874 33.2075 -82.3919 3.6
33.2075 -92.6661 1
City1875 33.2075 -92.6661 4.0
33.2097 -87.5692 1
City1876 33.2097 -87.5692 3.8
33.2100 -84.7444 1
City1877 33.2100 -84.7444 3.5
33.2100 -97.7544 1
City1878 33.2100 -97.7544 2.6
33.2144 -80.4481 1
City1879 33.2144 -80.4481 4.1
33.2183 -98.1583 1
City1880 33.2183 -98.1583 2.7
33.2183 -117.0333 1
City1881 33.2183 -117.0333 4.3
33.2281 -91.7975 1
City1882 33.2281 -91.7975 4.3
33.2289 -87.5772 1
City1883 33.2289 -87.5772 3.5
33.2333 -82.5956 1
City1884 33.2333 -82.5956 3.7
33.2342 -86.4836 1
City1885 33.2342 -86.4836 4.0
33.2342 -97.5858 1
City1886 33.2342 -97.5858 3.1
33.2344 -88.5822 1
City1887 33.2344 -88.5822 3.6
33.2347 -84.8358 1
City1888 33.2347 -84.8358 3.3
33.2361 -96.8008 1
City1889 33.2361 -96.8008 3.5
33.2378 -91.5114 1
City1890 33.2378 -91.5114 4.1
33.2400 -115.5181 1
City1891 33.2400 -115.5181 3.9
33.2436 -84.2289 1
City1892 33.2436 -84.2289 4.4
33.2442 -86.8164 1
City1893 33.2442 -86.8164 4.0
33.2447 -81.3589 1
City1894 33.2447 -81.3589 3.6
33.2467 -84.2642 1
City1895 33.2467 -84.2642 3.2
33.2469 -95.8997 1
City1896 33.2469 -95.8997 2.5
33.2481 -100.5733 1
City1897 33.2481 -100.5733 3.0
33.2511 -80.8158 1
City1898 33.2511 -80.8158 3.8
33.2558 -116.3742 1
City1899 33.2558 -116.3742 2.6
33.2569 -103.3172 1
City1900 33.2569 -103.3172 4.3
33.2611 -93.8853 1
City1901 33.2611 -93.8853 3.9
33.2614 -97.2378 1
City1902 33.2614 -97.2378 2.7
33.2619 -90.5922 1
City1903 33.2619 -90.5922 3.7
33.2653 -84.2817 1
City1904 33.2653 -84.2817 3.1
33.2667 -89.2908 1
City1905 33.2667 -89.2908 4.0
33.2669 -93.2392 1
City1906 33.2669 -93.2392 2.9
33.2697 -90.8797 1
City1907 33.2697 -90.8797 4.0
33.2736 -85.8361 1
City1908 33.2736 -85.8361 2.9
33.2756 -82.9764 1
City1909 33.2756 -82.9764 3.3
33.2775 -85.0981 1
City1910 33.2775 -85.0981 3.2
33.2781 -86.3550 1
City1911 33.2781 -86.3550 3.8
33.2858 -96.5725 1
City1912 33.2858 -96.5725 3.0
33.2939 -111.0956 1
City1913 33.2939 -111.0956 3.7
33.2942 -96.1944 1
City1914 33.2942 -96.1944 3.6
33.2944 -83.9661 1
City1915 33.2944 -83.9661 4.3
33.2958 -97.7986 1
City1916 33.2958 -97.7986 2.9
33.2961 -86.8436 1
City1917 33.2961 -86.8436 4.1
33.2969 -81.0350 1
City1918 33.2969 -81.0350 2.7
33.2975 -91.4936 1
City1919 33.2975 -91.4936 4.4
33.3022 -84.5539 1
City1920 33.3022 -84.5539 3.6
33.3042 -96.9858 1
City1921 33.3042 -96.9858 2.6
33.3047 -83.6833 1
City1922 33.3047 -83.6833 3.1
33.3061 -111.8406 1
City1923 33.3061 -111.8406 2.9
33.3089 -85.4847 1
City1924 33.3089 -85.4847 3.4
33.3100 -89.1728 1
City1925 33.3100 -89.1728 2.8
33.3106 -85.7544 1
City1926 33.3106 -85.7544 3.0
33.3139 -82.0969 1
City1927 33.3139 -82.0969 3.6
33.3158 -92.6628 1
City1928 33.3158 -92.6628 3.2
33.3200 -87.9028 1
City1929 33.3200 -87.9028 4.0
33.3208 -90.2322 1
City1930 33.3208 -90.2322 3.8
33.3225 -80.4139 1
City1931 33.3225 -80.4139 2.6
33.3225 -81.1425 1
City1932 33.3225 -81.1425 4.4
33.3244 -96.7842 1
City1933 33.3244 -96.7842 3.9
33.3267 -83.3886 1
City1934 33.3267 -83.3886 2.9
33.3286 -91.2817 1
City1935 33.3286 -91.2817 4.2
33.3289 -92.5383 1
City1936 33.3289 -92.5383 2.8
33.3289 -105.6039 1
City1937 33.3289 -105.6039 3.1
33.3317 -105.6725 1
City1938 33.3317 -105.6725 4.2
33.3319 -89.7411 1
City1939 33.3319 -89.7411 2.7
33.3328 -94.3425 1
City1940 33.3328 -94.3425 3.5
33.3369 -102.2061 1
City1941 33.3369 -102.2061 3.1
33.3428 -118.3269 1
City1942 33.3428 -118.3269 3.0
33.3439 -86.4381 1
City1943 33.3439 -86.4381 2.6
33.3453 -110.4525 1
City1944 33.3453 -110.4525 3.3
33.3458 -84.1092 1
City1945 33.3458 -84.1092 4.3
33.3478 -93.2097 1
City1946 33.3478 -93.2097 3.8
33.3486 -80.6831 1
City1947 33.3486 -80.6831 3.8
33.3489 -96.5483 1
City1948 33.3489 -96.5483 4.2
33.3506 -84.7767 1
City1949 33.3506 -84.7767 3.9
33.3514 -93.2956 1
City1950 33.3514 -93.2956 4.0
33.3528 -111.7883 1
City1951 33.3528 -111.7883 3.2
33.3536 -90.5925 1
City1952 33.3536 -90.5925 3.9
33.3578 -81.2708 1
City1953 33.3578 -81.2708 2.8
33.3583 -93.5775 1
City1954 33.3583 -93.5775 3.3
33.3583 -97.6944 1
City1955 33.3583 -97.6944 3.1
33.3625 -95.1044 1
City1956 33.3625 -95.1044 3.9
33.3631 -97.1736 1
City1957 33.3631 -97.1736 2.9
33.3647 -92.7247 1
City1958 33.3647 -92.7247 3.9
33.3653 -93.4950 1
City1959 33.3653 -93.4950 3.1
33.3703 -112.5831 1
City1960 33.3703 -112.5831 2.5
33.3706 -96.0686 1
City1961 33.3706 -96.0686 3.9
33.3706 -98.7525 1
City1962 33.3706 -98.7525 4.3
33.3708 -111.9622 1
City1963 33.3708 -111.9622 3.6
33.3733 -95.6881 1
City1964 33.3733 -95.6881 4.2
33.3764 -117.2503 1
City1965 33.3764 -117.2503 4.3
33.3767 -79.2947 1
City1966 33.3767 -79.2947 2.6
33.3783 -88.0153 1
City1967 33.3783 -88.0153 3.4
33.3794 -96.2472 1
City1968 33.3794 -96.2472 2.6
33.3806 -84.7997 1
City1969 33.3806 -84.7997 3.6
33.3869 -84.2831 1
City1970 33.3869 -84.2831 3.1
33.3942 -104.5225 1
City1971 33.3942 -104.5225 2.8
33.3942 -110.7858 1
City1972 33.3942 -110.7858 3.4
33.3944 -80.3475 1
City1973 33.3944 -80.3475 2.9
33.3964 -96.9603 1
City1974 33.3964 -96.9603 4.2
33.3967 -84.5958 1
City1975 33.3967 -84.5958 3.0
33.3992 -110.8681 1
City1976 33.3992 -110.8681 3.5
33.4017 -86.9544 1
City1977 33.4017 -86.9544 4.4
33.4025 -81.4203 1
City1978 33.4025 -81.4203 4.1
33.4053 -90.8975 1
City1979 33.4053 -90.8975 3.8
33.4069 -82.6622 1
City1980 33.4069 -82.6622 4.1
33.4100 -91.0617 1
City1981 33.4100 -91.0617 3.7
33.4111 -93.0694 1
City1982 33.4111 -93.0694 3.1
33.4111 -110.8419 1
City1983 33.4111 -110.8419 3.3
33.4131 -82.3853 1
City1984 33.4131 -82.3853 4.2
33.4144 -82.3128 1
City1985 33.4144 -82.3128 4.1
33.4147 -111.9086 1
City1986 33.4147 -111.9086 4.1
33.4150 -111.5489 1
City1987 33.4150 -111.5489 4.3
33.4153 -88.6439 1
City1988 33.4153 -88.6439 4.0
33.4181 -99.8186 1
City1989 33.4181 -99.8186 3.8
33.4208 -82.1622 1
City1990 33.4208 -82.1622 3.0
33.4214 -81.6858 1
City1991 33.4214 -81.6858 3.8
33.4214 -96.5769 1
City1992 33.4214 -96.5769 3.6
33.4222 -111.8219 1
City1993 33.4222 -111.8219 2.7
33.4247 -95.9461 1
City1994 33.4247 -95.9461 3.1
33.4250 -94.0475 1
City1995 33.4250 -94.0475 4.2
33.4256 -86.9267 1
City1996 33.4256 -86.9267 3.3
33.4267 -94.1061 1
City1997 33.4267 -94.1061 3.2
33.4269 -117.6111 1
City1998 33.4269 -117.6111 3.6
33.4306 -96.3383 1
City1999 33.4306 -96.3383 2.8
33.4336 -84.1489 1
City2000 33.4336 -84.1489 3.6
33.4342 -86.9472 1
City2001 33.4342 -86.9472 3.1
33.4353 -112.2972 1
City2002 33.4353 -112.2972 2.5
33.4353 -112.3575 1
City2003 33.4353 -112.3575 3.3
33.4356 -112.3489 1
City2004 33.4356 -112.3489 4.0
33.4358 -86.1058 1
City2005 33.4358 -86.1058 2.9
33.4372 -101.6431 1
City2006 33.4372 -101.6431 3.2
33.4417 -94.0375 1
City2007 33.4417 -94.0375 3.4
33.4433 -89.5717 1
City2008 33.4433 -89.5717 2.7
33.4472 -84.1469 1
City2009 33.4472 -84.1469 3.6
33.4483 -112.0733 1
City2010 33.4483 -112.0733 4.0
33.4486 -84.4550 1
City2011 33.4486 -84.4550 3.1
33.4486 -86.7878 1
City2012 33.4486 -86.7878 3.1
33.4492 -99.6225 1
City2013 33.4492 -99.6225 3.1
33.4500 -90.5056 1
City2014 33.4500 -90.5056 3.1
33.4500 -112.2586 1
City2015 33.4500 -112.2586 3.0
33.4503 -82.1983 1
City2016 33.4503 -82.1983 4.0
33.4503 -88.8183 1
City2017 33.4503 -88.8183 2.9
33.4508 -90.6550 1
City2018 33.4508 -90.6550 4.2
33.4511 -79.5611 1
City2019 33.4511 -79.5611 2.8
33.4511 -86.9967 1
City2020 33.4511 -86.9967 4.3
33.4517 -81.1256 1
City2021 33.4517 -81.1256 3.8
33.4539 -91.0072 1
City2022 33.4539 -91.0072 3.9
33.4561 -102.4889 1
City2023 33.4561 -102.4889 3.0
33.4597 -94.4153 1
City2024 33.4597 -94.4153 4.4
33.4614 -86.9089 1
City2025 33.4614 -86.9089 3.7
33.4636 -117.6783 1
City2026 33.4636 -117.6783 3.0
33.4661 -94.2883 1
City2027 33.4661 -94.2883 3.6
33.4667 -82.0167 1
City2028 33.4667 -82.0167 2.8
33.4667 -96.9181 1
City2029 33.4667 -96.9181 2.8
33.4669 -117.6972 1
City2030 33.4669 -117.6972 3.2
33.4672 -99.5242 1
City2031 33.4672 -99.5242 3.8
33.4706 -82.5047 1
City2032 33.4706 -82.5047 2.8
33.4706 -95.2136 1
City2033 33.4706 -95.2136 2.5
33.4750 -80.4867 1
City2034 33.4750 -80.4867 3.7
33.4764 -100.8553 1
City2035 33.4764 -100.8553 4.0
33.4819 -89.7281 1
City2036 33.4819 -89.7281 2.9
33.4917 -80.8558 1
City2037 33.4917 -80.8558 2.8
33.4933 -112.3572 1
City2038 33.4933 -112.3572 3.0
33.4936 -117.1475 1
City2039 33.4936 -117.1475 4.2
33.4939 -84.9139 1
City2040 33.4939 -84.9139 2.8
33.4950 -90.3197 1
City2041 33.4950 -90.3197 2.9
33.4956 -88.4272 1
City2042 33.4956 -88.4272 4.0
33.4967 -81.2794 1
City2043 33.4967 -81.2794 3.3
33.4967 -81.8922 1
City2044 33.4967 -81.8922 3.0
33.5006 -117.7422 1
City2045 33.5006 -117.7422 3.1
33.5017 -81.9653 1
City2046 33.5017 -81.9653 3.4
33.5017 -117.6617 1
City2047 33.5017 -117.6617 3.5
33.5044 -81.8692 1
City2048 33.5044 -81.8692 3.3
33.5058 -102.0086 1
City2049 33.5058 -102.0086 3.3
33.5086 -94.6161 1
City2050 33.5086 -94.6161 3.3
33.5086 -96.6119 1
City2051 33.5086 -96.6119 3.4
33.5092 -111.8983 1
City2052 33.5092 -111.8983 3.6
33.5128 -96.3922 1
City2053 33.5128 -96.3922 4.3
33.5172 -82.0758 1
City2054 33.5172 -82.0758 2.8
33.5178 -81.8442 1
City2055 33.5178 -81.8442 3.1
33.5181 -89.9206 1
City2056 33.5181 -89.9206 3.2
33.5200 -96.4836 1
City2057 33.5200 -96.4836 3.9
33.5206 -86.8025 1
City2058 33.5206 -86.8025 2.6
33.5214 -79.8789 1
City2059 33.5214 -79.8789 4.3
33.5214 -84.3539 1
City2060 33.5214 -84.3539 3.1
33.5225 -117.7067 1
City2061 33.5225 -117.7067 3.7
33.5253 -91.4358 1
City2062 33.5253 -91.4358 4.0
33.5261 -95.3156 1
City2063 33.5261 -95.3156 3.3
33.5308 -80.5722 1
City2064 33.5308 -80.5722 3.6
33.5308 -81.9450 1
City2065 33.5308 -81.9450 3.5
33.5311 -111.9419 1
City2066 33.5311 -111.9419 3.9
33.5317 -81.1233 1
City2067 33.5317 -81.1233 2.6
33.5358 -86.9972 1
City2068 33.5358 -86.9972 4.1
33.5378 -85.2533 1
City2069 33.5378 -85.2533 2.8
33.5378 -92.4697 1
City2070 33.5378 -92.4697 2.6
33.5381 -86.7072 1
City2071 33.5381 -86.7072 2.5
33.5386 -112.1853 1
City2072 33.5386 -112.1853 4.0
33.5400 -89.1242 1
City2073 33.5400 -89.1242 4.0
33.5406 -89.2669 1
City2074 33.5406 -89.2669 3.5
33.5422 -117.7822 1
City2075 33.5422 -117.7822 4.3
33.5442 -84.2339 1
City2076 33.5442 -84.2339 3.7
33.5453 -105.5717 1
City2077 33.5453 -105.5717 2.7
33.5461 -95.7256 1
City2078 33.5461 -95.7256 4.2
33.5481 -86.5444 1
City2079 33.5481 -86.5444 2.7
33.5508 -79.0417 1
City2080 33.5508 -79.0417 2.7
33.5508 -81.8042 1
City2081 33.5508 -81.8042 2.5
33.5519 -94.7808 1
City2082 33.5519 -94.7808 3.0
33.5539 -82.8961 1
City2083 33.5539 -82.8961 2.8
33.5553 -89.0847 1
City2084 33.5553 -89.0847 3.6
33.5575 -80.7147 1
City2085 33.5575 -80.7147 3.1
33.5589 -97.8483 1
City2086 33.5589 -97.8483 4.1
33.5603 -81.7197 1
City2087 33.5603 -81.7197 3.7
33.5606 -117.1572 1
City2088 33.5606 -117.1572 4.4
33.5614 -96.9108 1
City2089 33.5614 -96.9108 2.7
33.5633 -88.0814 1
City2090 33.5633 -88.0814 3.2
33.5636 -81.8081 1
City2091 33.5636 -81.8081 4.2
33.5656 -81.3036 1
City2092 33.5656 -81.3036 4.4
33.5669 -84.5811 1
City2093 33.5669 -84.5811 2.8
33.5700 -86.8964 1
City2094 33.5700 -86.8964 2.7
33.5717 -116.0764 1
City2095 33.5717 -116.0764 3.5
33.5725 -84.4133 1
City2096 33.5725 -84.4133 2.6
33.5750 -83.8939 1
City2097 33.5750 -83.8939 3.3
33.5756 -83.1825 1
City2098 33.5756 -83.1825 4.0
33.5772 -96.1781 1
City2099 33.5772 -96.1781 3.2
33.5772 -96.2731 1
City2100 33.5772 -96.2731 3.6
33.5778 -101.8547 1
City2101 33.5778 -101.8547 4.3
33.5806 -112.2367 1
City2102 33.5806 -112.2367 2.9
33.5808 -79.9892 1
City2103 33.5808 -79.9892 3.8
33.5831 -84.3394 1
City2104 33.5831 -84.3394 2.9
33.5833 -86.7728 1
City2105 33.5833 -86.7728 2.9
33.5833 -95.9097 1
City2106 33.5833 -95.9097 2.9
33.5844 -92.8342 1
City2107 33.5844 -92.8342 4.1
33.5861 -86.2861 1
City2108 33.5861 -86.2861 2.8
33.5869 -84.5425 1
City2109 33.5869 -84.5425 3.0
33.5869 -87.9844 1
City2110 33.5869 -87.9844 3.3
33.5872 -102.3775 1
City2111 33.5872 -102.3775 4.2
33.5908 -86.4908 1
City2112 33.5908 -86.4908 3.8
33.5939 -112.3022 1
City2113 33.5939 -112.3022 3.9
33.5942 -99.2600 1
City2114 33.5942 -99.2600 3.1
33.5956 -83.4681 1
City2115 33.5956 -83.4681 3.2
33.5956 -98.6253 1
City2116 33.5956 -98.6253 3.6
33.5967 -83.8603 1
City2117 33.5967 -83.8603 3.0
33.5975 -112.2711 1
City2118 33.5975 -112.2711 2.6
33.5992 -79.7444 1
City2119 33.5992 -79.7444 3.5
33.5992 -96.3664 1
City2120 33.5992 -96.3664 2.8
33.6000 -117.6711 1
City2121 33.6000 -117.6711 3.8
33.6008 -86.9561 1
City2122 33.6008 -86.9561 4.1
33.6017 -90.7736 1
City2123 33.6017 -90.7736 3.8
33.6047 -86.7939 1
City2124 33.6047 -86.7939 3.4
33.6058 -78.9733 1
City2125 33.6058 -78.9733 4.2
33.6064 -84.3353 1
City2126 33.6064 -84.3353 3.9
33.6075 -88.6503 1
City2127 33.6075 -88.6503 3.3
33.6078 -92.7400 1
City2128 33.6078 -92.7400 3.9
33.6081 -80.3514 1
City2129 33.6081 -80.3514 3.9
33.6086 -91.2067 1
City2130 33.6086 -91.2067 2.7
33.6103 -96.4106 1
City2131 33.6103 -96.4106 3.4
33.6103 -114.5956 1
City2132 33.6103 -114.5956 4.4
33.6106 -95.0525 1
City2133 33.6106 -95.0525 4.1
33.6106 -114.5731 1
City2134 33.6106 -114.5731 3.5
33.6125 -92.0644 1
City2135 33.6125 -92.0644 2.9
33.6125 -117.7119 1
City2136 33.6125 -117.7119 3.3
33.6131 -85.9611 1
City2137 33.6131 -85.9611 2.8
33.6131 -112.3239 1
City2138 33.6131 -112.3239 4.4
33.6142 -85.8350 1
City2139 33.6142 -85.8350 3.3
33.6156 -81.1022 1
City2140 33.6156 -81.1022 3.9
33.6189 -83.8675 1
City2141 33.6189 -83.8675 3.6
33.6189 -117.9281 1
City2142 33.6189 -117.9281 3.6
33.6197 -86.6089 1
City2143 33.6197 -86.6089 3.8
33.6206 -86.9714 1
City2144 33.6206 -86.9714 2.7
33.6214 -85.8442 1
City2145 33.6214 -85.8442 4.4
33.6219 -84.3692 1
City2146 33.6219 -84.3692 4.0
33.6258 -83.6125 1
City2147 33.6258 -83.6125 4.3
33.6258 -117.6928 1
City2148 33.6258 -117.6928 3.9
33.6261 -85.9189 1
City2149 33.6261 -85.9189 2.9
33.6289 -91.3994 1
City2150 33.6289 -91.3994 2.9
33.6289 -91.7908 1
City2151 33.6289 -91.7908 4.4
33.6289 -91.9314 1
City2152 33.6289 -91.9314 3.0
33.6306 -112.3325 1
City2153 33.6306 -112.3325 3.0
33.6331 -89.7111 1
City2154 33.6331 -89.7111 2.7
33.6356 -96.6086 1
City2155 33.6356 -96.6086 2.6
33.6358 -97.2225 1
City2156 33.6358 -97.2225 2.7
33.6386 -117.3431 1
City2157 33.6386 -117.3431 4.1
33.6411 -117.9178 1
City2158 33.6411 -117.9178 3.5
33.6417 -105.8767 1
City2159 33.6417 -105.8767 3.8
33.6417 -117.2900 1
City2160 33.6417 -117.2900 3.6
33.6447 -84.3258 1
City2161 33.6447 -84.3258 2.9
33.6456 -85.9125 1
City2162 33.6456 -85.9125 2.5
33.6489 -85.5875 1
City2163 33.6489 -85.5875 4.3
33.6517 -97.3761 1
City2164 33.6517 -97.3761 3.6
33.6522 -81.3614 1
City2165 33.6522 -81.3614 2.8
33.6533 -84.4494 1
City2166 33.6533 -84.4494 3.6
33.6561 -83.7183 1
City2167 33.6561 -83.7183 4.3
33.6561 -96.9067 1
City2168 33.6561 -96.9067 2.9
33.6597 -85.8317 1
City2169 33.6597 -85.8317 3.7
33.6597 -87.6000 1
City2170 33.6597 -87.6000 4.0
33.6600 -84.4103 1
City2171 33.6600 -84.4103 3.3
33.6600 -86.8128 1
City2172 33.6600 -86.8128 2.7
33.6600 -101.2375 1
City2173 33.6600 -101.2375 4.2
33.6603 -117.9983 1
City2174 33.6603 -117.9983 3.7
33.6608 -95.5553 1
City2175 33.6608 -95.5553 3.2
33.6614 -95.2664 1
City2176 33.6614 -95.2664 4.0
33.6614 -95.3856 1
City2177 33.6614 -95.3856 4.3
33.6647 -79.1028 1
City2178 33.6647 -79.1028 3.9
33.6664 -101.6825 1
City2179 33.6664 -101.6825 2.9
33.6669 -93.5914 1
City2180 33.6669 -93.5914 3.2
33.6675 -79.8308 1
City2181 33.6675 -79.8308 3.6
33.6675 -84.0178 1
City2182 33.6675 -84.0178 4.0
33.6694 -117.8222 1
City2183 33.6694 -117.8222 3.0
33.6706 -101.5347 1
City2184 33.6706 -101.5347 3.6
33.6742 -94.1311 1
City2185 33.6742 -94.1311 3.5
33.6742 -101.3872 1
City2186 33.6742 -101.3872 3.7
33.6772 -86.3967 1
City2187 33.6772 -86.3967 4.4
33.6794 -84.4394 1
City2188 33.6794 -84.4394 4.2
33.6803 -116.1731 1
City2189 33.6803 -116.1731 2.7
33.6833 -78.9986 1
City2190 33.6833 -78.9986 4.0
33.6844 -87.8308 1
City2191 33.6844 -87.8308 4.1
33.6861 -86.4750 1
City2192 33.6861 -86.4750 3.8
33.6889 -78.8869 1
City2193 33.6889 -78.8869 3.1
33.6889 -101.9978 1
City2194 33.6889 -101.9978 3.1
33.6939 -81.7672 1
City2195 33.6939 -81.7672 3.7
33.6950 -80.2111 1
City2196 33.6950 -80.2111 4.2
33.6986 -85.8397 1
City2197 33.6986 -85.8397 4.4
33.7039 -90.7264 1
City2198 33.7039 -90.7264 3.5
33.7067 -84.0317 1
City2199 33.7067 -84.0317 2.9
33.7072 -84.2719 1
City2200 33.7072 -84.2719 2.7
33.7092 -117.1964 1
City2201 33.7092 -117.1964 2.8
33.7092 -117.9528 1
City2202 33.7092 -117.9528 4.3
33.7122 -84.1053 1
City2203 33.7122 -84.1053 3.3
33.7133 -87.3886 1
City2204 33.7133 -87.3886 2.9
33.7206 -116.2147 1
City2205 33.7206 -116.2147 3.9
33.7211 -85.1456 1
City2206 33.7211 -85.1456 3.0
33.7214 -116.3875 1
City2207 33.7214 -116.3875 3.3
33.7244 -92.6156 1
City2208 33.7244 -92.6156 4.4
33.7258 -90.5514 1
City2209 33.7258 -90.5514 4.1
33.7286 -87.0903 1
City2210 33.7286 -87.0903 2.9
33.7306 -87.2844 1
City2211 33.7306 -87.2844 3.1
33.7319 -84.9192 1
City2212 33.7319 -84.9192 4.3
33.7367 -82.7394 1
City2213 33.7367 -82.7394 3.0
33.7369 -85.0325 1
City2214 33.7369 -85.0325 3.2
33.7372 -101.8361 1
City2215 33.7372 -101.8361 4.3
33.7381 -81.0981 1
City2216 33.7381 -81.0981 3.9
33.7397 -116.4119 1
City2217 33.7397 -116.4119 3.2
33.7414 -118.1039 1
City2218 33.7414 -118.1039 3.2
33.7431 -117.1083 1
City2219 33.7431 -117.1083 3.4
33.7444 -85.2881 1
City2220 33.7444 -85.2881 3.2
33.7444 -86.1558 1
City2221 33.7444 -86.1558 3.8
33.7456 -117.8669 1
City2222 33.7456 -117.8669 4.1
33.7458 -117.1742 1
City2223 33.7458 -117.1742 4.1
33.7458 -117.8253 1
City2224 33.7458 -117.8253 3.4
33.7475 -116.9711 1
City2225 33.7475 -116.9711 3.5
33.7481 -86.8086 1
City2226 33.7481 -86.8086 4.3
33.7489 -84.3881 1
City2227 33.7489 -84.3881 4.3
33.7519 -85.8114 1
City2228 33.7519 -85.8114 3.6
33.7536 -79.4478 1
City2229 33.7536 -79.4478 2.7
33.7547 -84.2675 1
City2230 33.7547 -84.2675 4.0
33.7556 -96.5364 1
City2231 33.7556 -96.5364 3.4
33.7569 -88.1089 1
City2232 33.7569 -88.1089 3.3
33.7569 -118.3531 1
City2233 33.7569 -118.3531 2.9
33.7592 -96.6692 1
City2234 33.7592 -96.6692 2.7
33.7592 -118.0058 1
City2235 33.7592 -118.0058 4.3
33.7597 -87.1833 1
City2236 33.7597 -87.1833 4.0
33.7669 -118.1883 1
City2237 33.7669 -118.1883 4.3
33.7689 -89.8083 1
City2238 33.7689 -89.8083 3.4
33.7714 -84.2672 1
City2239 33.7714 -84.2672 3.6
33.7733 -86.8139 1
City2240 33.7733 -86.8139 4.4
33.7739 -117.9406 1
City2241 33.7739 -117.9406 4.2
33.7747 -84.2964 1
City2242 33.7747 -84.2964 3.2
33.7750 -86.4717 1
City2243 33.7750 -86.4717 3.1
33.7786 -90.7214 1
City2244 33.7786 -90.7214 3.8
33.7789 -92.4917 1
City2245 33.7789 -92.4917 3.4
33.7797 -116.4644 1
City2246 33.7797 -116.4644 4.3
33.7803 -84.3361 1
City2247 33.7803 -84.3361 2.7
33.7825 -117.2278 1
City2248 33.7825 -117.2278 3.5
33.7833 -86.0025 1
City2249 33.7833 -86.0025 3.9
33.7839 -116.9578 1
City2250 33.7839 -116.9578 3.8
33.7856 -118.0842 1
City2251 33.7856 -118.0842 2.9
33.7867 -97.7256 1
City2252 33.7867 -97.7256 2.7
33.7878 -117.8522 1
City2253 33.7878 -117.8522 4.1
33.7878 -118.3572 1
City2254 33.7878 -118.3572 2.9
33.7894 -81.9297 1
City2255 33.7894 -81.9297 2.8
33.7897 -84.2642 1
City2256 33.7897 -84.2642 3.3
33.7903 -84.3061 1
City2257 33.7903 -84.3061 3.6
33.7914 -90.8569 1
City2258 33.7914 -90.8569 3.5
33.7922 -82.4792 1
City2259 33.7922 -82.4792 3.5
33.7922 -118.3142 1
City2260 33.7922 -118.3142 4.2
33.7936 -84.2061 1
City2261 33.7936 -84.2061 3.2
33.7939 -84.6606 1
City2262 33.7939 -84.6606 4.0
33.7947 -83.7133 1
City2263 33.7947 -83.7133 2.5
33.8006 -118.3892 1
City2264 33.8006 -118.3892 2.8
33.8014 -117.1450 1
City2265 33.8014 -117.1450 4.2
33.8025 -85.1886 1
City2266 33.8025 -85.1886 3.2
33.8025 -93.3808 1
City2267 33.8025 -93.3808 4.1
33.8025 -117.9922 1
City2268 33.8025 -117.9922 3.1
33.8031 -118.0717 1
City2269 33.8031 -118.0717 3.2
33.8081 -84.1703 1
City2270 33.8081 -84.1703 4.1
33.8094 -84.2397 1
City2271 33.8094 -84.2397 3.6
33.8094 -90.5264 1
City2272 33.8094 -90.5264 3.8
33.8111 -102.1633 1
City2273 33.8111 -102.1633 3.0
33.8125 -84.6344 1
City2274 33.8125 -84.6344 2.6
33.8136 -85.7614 1
City2275 33.8136 -85.7614 3.5
33.8136 -92.4128 1
City2276 33.8136 -92.4128 3.4
33.8142 -86.8094 1
City2277 33.8142 -86.8094 2.7
33.8144 -117.8122 1
City2278 33.8144 -117.8122 4.2
33.8161 -98.6947 1
City2279 33.8161 -98.6947 2.9
33.8169 -81.1011 1
City2280 33.8169 -81.1011 4.3
33.8169 -118.0364 1
City2281 33.8169 -118.0364 3.2
33.8172 -98.1950 1
City2282 33.8172 -98.1950 3.1
33.8178 -79.4494 1
City2283 33.8178 -79.4494 4.1
33.8181 -86.7428 1
City2284 33.8181 -86.7428 3.1
33.8186 -84.5825 1
City2285 33.8186 -84.5825 3.3
33.8200 -116.3894 1
City2286 33.8200 -116.3894 3.6
33.8247 -87.0861 1
City2287 33.8247 -87.0861 2.7
33.8250 -88.5436 1
City2288 33.8250 -88.5436 4.0
33.8303 -116.5444 1
City2289 33.8303 -116.5444 3.2
33.8311 -87.2775 1
City2290 33.8311 -87.2775 2.7
33.8314 -118.0719 1
City2291 33.8314 -118.0719 3.1
33.8314 -118.2811 1
City2292 33.8314 -118.2811 4.0
33.8319 -81.8011 1
City2293 33.8319 -81.8011 2.9
33.8322 -101.8425 1
City2294 33.8322 -101.8425 3.9
33.8333 -111.9500 1
City2295 33.8333 -111.9500 3.2
33.8353 -117.9136 1
City2296 33.8353 -117.9136 3.8
33.8358 -79.0481 1
City2297 33.8358 -79.0481 3.9
33.8358 -118.3397 1
City2298 33.8358 -118.3397 2.7
33.8369 -109.9636 1
City2299 33.8369 -109.9636 3.4
33.8389 -83.9008 1
City2300 33.8389 -83.9008 2.6
33.8389 -90.7261 1
City2301 33.8389 -90.7261 3.1
33.8453 -81.6619 1
City2302 33.8453 -81.6619 4.1
33.8464 -118.0458 1
City2303 33.8464 -118.0458 4.4
33.8492 -118.3875 1
City2304 33.8492 -118.3875 3.9
33.8531 -96.5022 1
City2305 33.8531 -96.5022 4.2
33.8533 -91.0278 1
City2306 33.8533 -91.0278 3.5
33.8536 -118.1331 1
City2307 33.8536 -118.1331 3.2
33.8544 -84.2172 1
City2308 33.8544 -84.2172 4.4
33.8553 -89.3114 1
City2309 33.8553 -89.3114 3.6
33.8556 -89.2844 1
City2310 33.8556 -89.2844 4.3
33.8572 -84.0200 1
City2311 33.8572 -84.0200 2.7
33.8575 -115.4864 1
City2312 33.8575 -115.4864 3.7
33.8594 -84.6839 1
City2313 33.8594 -84.6839 3.8
33.8622 -118.3986 1
City2314 33.8622 -118.3986 3.6
33.8628 -83.4089 1
City2315 33.8628 -83.4089 4.3
33.8650 -84.3367 1
City2316 33.8650 -84.3367 3.5
33.8658 -118.0822 1
City2317 33.8658 -118.0822 3.9
33.8675 -82.7414 1
City2318 33.8675 -82.7414 3.8
33.8675 -117.9972 1
City2319 33.8675 -117.9972 3.1
33.8694 -101.5969 1
City2320 33.8694 -101.5969 4.2
33.8703 -117.9244 1
City2321 33.8703 -117.9244 4.0
33.8708 -79.7556 1
City2322 33.8708 -79.7556 3.5
33.8722 -117.8694 1
City2323 33.8722 -117.8694 3.3
33.8753 -117.5656 1
City2324 33.8753 -117.5656 3.9
33.8756 -84.7622 1
City2325 33.8756 -84.7622 4.1
33.8756 -89.1772 1
City2326 33.8756 -89.1772 3.7
33.8767 -80.6931 1
City2327 33.8767 -80.6931 4.1
33.8781 -90.7272 1
City2328 33.8781 -90.7272 4.0
33.8781 -117.5200 1
City2329 33.8781 -117.5200 3.9
33.8817 -118.1161 1
City2330 33.8817 -118.1161 2.8
33.8839 -84.5144 1
City2331 33.8839 -84.5144 2.8
33.8847 -118.4100 1
City2332 33.8847 -118.4100 4.3
33.8869 -91.4917 1
City2333 33.8869 -91.4917 3.2
33.8883 -118.3081 1
City2334 33.8883 -118.3081 2.9
33.8886 -117.8122 1
City2335 33.8886 -117.8122 3.4
33.8894 -118.1589 1
City2336 33.8894 -118.1589 2.9
33.8900 -84.1431 1
City2337 33.8900 -84.1431 3.2
33.8906 -80.0186 1
City2338 33.8906 -80.0186 4.1
33.8917 -87.5261 1
City2339 33.8917 -87.5261 2.5
33.8919 -84.2989 1
City2340 33.8919 -84.2989 3.4
33.8956 -94.8261 1
City2341 33.8956 -94.8261 4.1
33.8958 -118.2192 1
City2342 33.8958 -118.2192 3.5
33.8967 -97.9361 1
City2343 33.8967 -97.9361 3.4
33.8981 -84.2833 1
City2344 33.8981 -84.2833 3.9
33.8983 -88.9992 1
City2345 33.8983 -88.9992 3.3
33.9017 -88.1344 1
City2346 33.9017 -88.1344 4.2
33.9022 -118.0808 1
City2347 33.9022 -118.0808 3.4
33.9056 -91.4989 1
City2348 33.9056 -91.4989 3.8
33.9078 -81.5475 1
City2349 33.9078 -81.5475 3.1
33.9103 -81.1047 1
City2350 33.9103 -81.1047 3.3
33.9108 -81.1358 1
City2351 33.9108 -81.1358 3.0
33.9133 -82.2936 1
City2352 33.9133 -82.2936 3.3
33.9136 -98.4931 1
City2353 33.9136 -98.4931 3.8
33.9164 -81.5136 1
City2354 33.9164 -81.5136 3.1
33.9164 -84.5447 1
City2355 33.9164 -84.5447 3.6
33.9164 -118.3517 1
City2356 33.9164 -118.3517 3.2
33.9167 -92.8481 1
City2357 33.9167 -92.8481 3.4
33.9167 -117.8992 1
City2358 33.9167 -117.8992 3.2
33.9172 -102.3244 1
City2359 33.9172 -102.3244 3.2
33.9172 -118.0111 1
City2360 33.9172 -118.0111 3.0
33.9175 -79.7442 1
City2361 33.9175 -79.7442 3.0
33.9192 -118.4156 1
City2362 33.9192 -118.4156 3.2
33.9203 -80.3417 1
City2363 33.9203 -80.3417 3.1
33.9203 -117.2778 1
City2364 33.9203 -117.2778 3.0
33.9208 -93.1539 1
City2365 33.9208 -93.1539 3.1
33.9214 -78.0206 1
City2366 33.9214 -78.0206 3.2
33.9236 -84.8408 1
City2367 33.9236 -84.8408 3.9
33.9242 -84.3786 1
City2368 33.9242 -84.3786 3.5
33.9244 -86.0225 1
City2369 33.9244 -86.0225 3.8
33.9256 -116.8756 1
City2370 33.9256 -116.8756 3.2
33.9289 -87.8172 1
City2371 33.9289 -87.8172 3.9
33.9294 -116.9764 1
City2372 33.9294 -116.9764 3.1
33.9303 -118.2106 1
City2373 33.9303 -118.2106 4.3
33.9319 -117.9453 1
City2374 33.9319 -117.9453 4.2
33.9344 -96.4283 1
City2375 33.9344 -96.4283 4.2
33.9353 -79.9328 1
City2376 33.9353 -79.9328 3.7
33.9369 -97.1164 1
City2377 33.9369 -97.1164 3.3
33.9381 -118.3517 1
City2378 33.9381 -118.3517 4.1
33.9383 -94.3569 1
City2379 33.9383 -94.3569 3.8
33.9397 -86.2017 1
City2380 33.9397 -86.2017 3.9
33.9400 -117.2428 1
City2381 33.9400 -117.2428 3.5
33.9400 -118.1317 1
City2382 33.9400 -118.1317 3.2
33.9411 -84.2136 1
City2383 33.9411 -84.2136 4.2
33.9428 -91.8433 1
City2384 33.9428 -91.8433 3.2
33.9442 -90.9450 1
City2385 33.9442 -90.9450 3.1
33.9456 -93.8469 1
City2386 33.9456 -93.8469 3.0
33.9461 -84.3347 1
City2387 33.9461 -84.3347 4.2
33.9472 -90.3442 1
City2388 33.9472 -90.3442 3.0
33.9472 -118.0844 1
City2389 33.9472 -118.0844 2.6
33.9481 -86.4728 1
City2390 33.9481 -86.4728 4.1
33.9492 -83.5347 1
City2391 33.9492 -83.5347 4.2
33.9508 -90.7678 1
City2392 33.9508 -90.7678 3.1
33.9514 -98.6683 1
City2393 33.9514 -98.6683 3.3
33.9533 -117.3953 1
City2394 33.9533 -117.3953 3.9
33.9547 -86.0419 1
City2395 33.9547 -86.0419 4.1
33.9561 -83.9881 1
City2396 33.9561 -83.9881 4.0
33.9583 -92.1900 1
City2397 33.9583 -92.1900 4.1
33.9606 -118.1844 1
City2398 33.9606 -118.1844 3.1
33.9608 -83.3781 1
City2399 33.9608 -83.3781 2.8
33.9608 -117.9497 1
City2400 33.9608 -117.9497 4.3
33.9608 -118.0408 1
City2401 33.9608 -118.0408 3.7
33.9611 -116.5008 1
City2402 33.9611 -116.5008 3.6
33.9617 -118.3522 1
City2403 33.9617 -118.3522 4.4
33.9650 -83.5967 1
City2404 33.9650 -83.5967 3.2
33.9653 -118.1506 1
City2405 33.9653 -118.1506 3.0
33.9656 -81.0742 1
City2406 33.9656 -81.0742 4.4
33.9656 -87.9147 1
City2407 33.9656 -87.9147 3.7
33.9669 -83.2783 1
City2408 33.9669 -83.2783 3.6
33.9672 -94.1683 1
City2409 33.9672 -94.1683 4.2
33.9681 -118.2242 1
City2410 33.9681 -118.2242 2.8
33.9686 -112.7289 1
City2411 33.9686 -112.7289 3.8
33.9725 -116.9764 1
City2412 33.9725 -116.9764 4.1
33.9731 -78.3861 1
City2413 33.9731 -78.3861 3.5
33.9761 -117.9044 1
City2414 33.9761 -117.9044 3.0
33.9767 -89.6756 1
City2415 33.9767 -89.6756 3.8
33.9775 -118.1861 1
City2416 33.9775 -118.1861 2.8
33.9792 -118.0319 1
City2417 33.9792 -118.0319 3.0
33.9814 -81.2364 1
City2418 33.9814 -81.2364 3.8
33.9817 -118.2242 1
City2419 33.9817 -118.2242 3.4
33.9831 -118.0958 1
City2420 33.9831 -118.0958 4.0
33.9839 -99.7244 1
City2421 33.9839 -99.7244 3.9
33.9842 -88.4881 1
City2422 33.9842 -88.4881 3.0
33.9844 -101.3372 1
City2423 33.9844 -101.3372 3.0
33.9850 -91.5608 1
City2424 33.9850 -91.5608 4.0
33.9867 -118.1844 1
City2425 33.9867 -118.1844 4.1
33.9875 -80.2083 1
City2426 33.9875 -80.2083 3.2
33.9875 -82.2981 1
City2427 33.9875 -82.2981 3.9
33.9886 -83.8981 1
City2428 33.9886 -83.8981 3.6
33.9897 -83.4258 1
City2429 33.9897 -83.4258 4.2
33.9911 -96.3739 1
City2430 33.9911 -96.3739 3.7
33.9919 -89.3489 1
City2431 33.9919 -89.3489 3.1
33.9925 -83.7203 1
City2432 33.9925 -83.7203 3.8
33.9925 -117.5156 1
City2433 33.9925 -117.5156 3.1
33.9933 -81.0742 1
City2434 33.9933 -81.0742 4.3
33.9958 -79.5703 1
City2435 33.9958 -79.5703 3.0
33.9961 -117.4047 1
City2436 33.9961 -117.4047 4.4
33.9967 -77.9075 1
City2437 33.9967 -77.9075 4.0
33.9981 -85.8664 1
City2438 33.9981 -85.8664 3.2
33.9986 -96.7194 1
City2439 33.9986 -96.7194 3.7
33.9997 -79.1997 1
City2440 33.9997 -79.1997 3.1
34.0006 -81.0350 1
City2441 34.0006 -81.0350 3.1
34.0014 -81.7722 1
City2442 34.0014 -81.7722 2.8
34.0017 -88.7553 1
City2443 34.0017 -88.7553 3.1
34.0022 -95.0936 1
City2444 34.0022 -95.0936 3.0
34.0025 -85.0417 1
City2445 34.0025 -85.0417 3.1
34.0028 -84.1447 1
City2446 34.0028 -84.1447 4.1
34.0067 -90.0567 1
City2447 34.0067 -90.0567 2.9
34.0094 -118.1044 1
City2448 34.0094 -118.1044 4.2
34.0106 -95.5094 1
City2449 34.0106 -95.5094 3.7
34.0117 -117.4839 1
City2450 34.0117 -117.4839 3.4
34.0119 -100.8217 1
City2451 34.0119 -100.8217 3.6
34.0122 -100.3017 1
City2452 34.0122 -100.3017 3.9
34.0122 -117.6881 1
City2453 34.0122 -117.6881 3.3
34.0131 -98.2319 1
City2454 34.0131 -98.2319 3.0
34.0136 -83.8278 1
City2455 34.0136 -83.8278 2.9
34.0142 -86.0067 1
City2456 34.0142 -86.0067 3.0
34.0144 -86.7469 1
City2457 34.0144 -86.7469 3.9
34.0147 -90.4317 1
City2458 34.0147 -90.4317 3.3
34.0172 -96.1425 1
City2459 34.0172 -96.1425 4.2
34.0186 -95.2661 1
City2460 34.0186 -95.2661 4.1
34.0192 -80.9900 1
City2461 34.0192 -80.9900 2.7
34.0194 -118.4903 1
City2462 34.0194 -118.4903 3.5
34.0200 -97.9572 1
City2463 34.0200 -97.9572 4.2
34.0200 -117.9486 1
City2464 34.0200 -117.9486 2.5
34.0203 -117.8644 1
City2465 34.0203 -117.8644 4.2
34.0211 -118.3956 1
City2466 34.0211 -118.3956 4.1
34.0217 -86.0886 1
City2467 34.0217 -86.0886 3.6
34.0231 -84.3617 1
City2468 34.0231 -84.3617 3.0
34.0233 -84.6156 1
City2469 34.0233 -84.6156 3.2
34.0239 -118.1711 1
City2470 34.0239 -118.1711 2.7
34.0253 -87.7583 1
City2471 34.0253 -87.7583 2.6
34.0261 -86.3261 1
City2472 34.0261 -86.3261 4.0
34.0272 -95.8689 1
City2473 34.0272 -95.8689 4.0
34.0292 -94.7389 1
City2474 34.0292 -94.7389 2.9
34.0292 -98.9186 1
City2475 34.0292 -98.9186 4.1
34.0336 -117.0422 1
City2476 34.0336 -117.0422 4.2
34.0339 -117.3128 1
City2477 34.0339 -117.3128 3.4
34.0350 -77.8939 1
City2478 34.0350 -77.8939 4.3
34.0378 -94.3411 1
City2479 34.0378 -94.3411 4.2
34.0444 -90.7447 1
City2480 34.0444 -90.7447 3.1
34.0453 -117.9428 1
City2481 34.0453 -117.9428 2.7
34.0456 -85.0561 1
City2482 34.0456 -85.0561 3.0
34.0469 -87.5497 1
City2483 34.0469 -87.5497 2.9
34.0469 -116.5800 1
City2484 34.0469 -116.5800 3.4
34.0483 -117.2603 1
City2485 34.0483 -117.2603 2.9
34.0514 -84.0714 1
City2486 34.0514 -84.0714 3.5
34.0519 -118.0458 1
City2487 34.0519 -118.0458 3.8
34.0522 -118.2428 1
City2488 34.0522 -118.2428 4.4
34.0536 -80.9614 1
City2489 34.0536 -80.9614 3.2
34.0536 -85.2550 1
City2490 34.0536 -85.2550 3.5
34.0553 -117.7514 1
City2491 34.0553 -117.7514 3.9
34.0561 -78.8906 1
City2492 34.0561 -78.8906 2.8
34.0583 -106.8908 1
City2493 34.0583 -106.8908 3.5
34.0600 -80.0717 1
City2494 34.0600 -80.0717 4.0
34.0600 -95.0031 1
City2495 34.0600 -95.0031 2.6
34.0606 -86.7675 1
City2496 34.0606 -86.7675 4.3
34.0622 -93.6897 1
City2497 34.0622 -93.6897 3.1
34.0625 -118.0894 1
City2498 34.0625 -118.0894 4.3
34.0625 -118.1219 1
City2499 34.0625 -118.1219 3.0
34.0633 -117.6500 1
City2500 34.0633 -117.6500 2.7
34.0636 -83.1256 1
City2501 34.0636 -83.1256 3.1
34.0639 -80.9583 1
City2502 34.0639 -80.9583 3.7
34.0642 -101.8433 1
City2503 34.0642 -101.8433 3.5
34.0658 -84.6769 1
City2504 34.0658 -84.6769 3.6
34.0678 -102.5239 1
City2505 34.0678 -102.5239 3.3
34.0681 -98.1903 1
City2506 34.0681 -98.1903 2.8
34.0686 -117.9381 1
City2507 34.0686 -117.9381 2.8
34.0686 -118.0267 1
City2508 34.0686 -118.0267 3.1
34.0700 -88.3911 1
City2509 34.0700 -88.3911 2.6
34.0703 -117.3950 1
City2510 34.0703 -117.3950 2.6
34.0722 -86.0333 1
City2511 34.0722 -86.0333 4.4
34.0736 -109.8564 1
City2512 34.0736 -109.8564 4.0
34.0736 -118.3994 1
City2513 34.0736 -118.3994 3.0
34.0739 -117.3128 1
City2514 34.0739 -117.3128 2.6
34.0750 -92.5553 1
City2515 34.0750 -92.5553 3.2
34.0753 -84.2942 1
City2516 34.0753 -84.2942 3.1
34.0806 -118.0719 1
City2517 34.0806 -118.0719 3.7
34.0808 -84.4114 1
City2518 34.0808 -84.4114 3.2
34.0814 -86.5911 1
City2519 34.0814 -86.5911 4.0
34.0853 -117.9600 1
City2520 34.0853 -117.9600 2.6
34.0858 -81.1833 1
City2521 34.0858 -81.1833 4.1
34.0889 -88.6222 1
City2522 34.0889 -88.6222 4.1
34.0900 -117.8894 1
City2523 34.0900 -117.8894 2.7
34.0900 -118.3608 1
City2524 34.0900 -118.3608 3.3
34.0903 -96.7714 1
City2525 34.0903 -96.7714 4.3
34.0922 -82.5958 1
City2526 34.0922 -82.5958 3.3
34.0922 -117.4342 1
City2527 34.0922 -117.4342 3.3
34.0953 -118.1261 1
City2528 34.0953 -118.1261 4.4
34.0961 -118.1050 1
City2529 34.0961 -118.1050 2.9
34.0967 -117.7189 1
City2530 34.0967 -117.7189 3.7
34.0975 -117.6475 1
City2531 34.0975 -117.6475 3.8
34.0978 -98.5703 1
City2532 34.0978 -98.5703 3.3
34.1008 -117.7669 1
City2533 34.1008 -117.7669 2.7
34.1014 -84.5194 1
City2534 34.1014 -84.5194 3.1
34.1031 -117.8450 1
City2535 34.1031 -117.8450 3.6
34.1067 -117.8058 1
City2536 34.1067 -117.8058 3.6
34.1069 -117.9344 1
City2537 34.1069 -117.9344 3.1
34.1072 -118.0569 1
City2538 34.1072 -118.0569 3.4
34.1111 -82.8672 1
City2539 34.1111 -82.8672 3.7
34.1111 -109.2908 1
City2540 34.1111 -109.2908 4.0
34.1161 -88.7117 1
City2541 34.1161 -88.7117 3.4
34.1161 -118.1494 1
City2542 34.1161 -118.1494 3.0
34.1167 -107.2433 1
City2543 34.1167 -107.2433 3.3
34.1172 -91.3764 1
City2544 34.1172 -91.3764 3.4
34.1192 -94.0164 1
City2545 34.1192 -94.0164 2.9
34.1192 -116.4450 1
City2546 34.1192 -116.4450 3.4
34.1206 -84.0044 1
City2547 34.1206 -84.0044 3.3
34.1208 -93.0536 1
City2548 34.1208 -93.0536 3.9
34.1214 -117.3022 1
City2549 34.1214 -117.3022 3.1
34.1214 -118.1056 1
City2550 34.1214 -118.1056 4.1
34.1244 -101.4411 1
City2551 34.1244 -101.4411 3.8
34.1258 -109.9369 1
City2552 34.1258 -109.9369 4.1
34.1267 -96.2631 1
City2553 34.1267 -96.2631 3.3
34.1283 -117.2078 1
City2554 34.1283 -117.2078 4.0
34.1333 -109.2853 1
City2555 34.1333 -109.2853 3.4
34.1336 -117.9067 1
City2556 34.1336 -117.9067 3.9
34.1344 -77.8819 1
City2557 34.1344 -77.8819 4.2
34.1347 -79.9400 1
City2558 34.1347 -79.9400 2.5
34.1347 -116.3122 1
City2559 34.1347 -116.3122 2.6
34.1356 -116.0533 1
City2560 34.1356 -116.0533 4.3
34.1361 -117.8644 1
City2561 34.1361 -117.8644 2.9
34.1394 -117.9764 1
City2562 34.1394 -117.9764 2.5
34.1397 -118.0344 1
City2563 34.1397 -118.0344 4.1
34.1422 -87.9886 1
City2564 34.1422 -87.9886 4.3
34.1464 -87.4022 1
City2565 34.1464 -87.4022 4.2
34.1469 -117.9700 1
City2566 34.1469 -117.9700 4.0
34.1478 -118.1436 1
City2567 34.1478 -118.1436 3.6
34.1478 -119.1942 1
City2568 34.1478 -119.1942 4.4
34.1481 -117.9981 1
City2569 34.1481 -117.9981 2.8
34.1486 -78.8769 1
City2570 34.1486 -78.8769 2.8
34.1500 -114.2883 1
City2571 34.1500 -114.2883 4.4
34.1514 -89.6314 1
City2572 34.1514 -89.6314 3.5
34.1519 -85.6789 1
City2573 34.1519 -85.6789 2.5
34.1542 -117.3433 1
City2574 34.1542 -117.3433 3.6
34.1544 -99.2647 1
City2575 34.1544 -99.2647 3.8
34.1544 -109.9728 1
City2576 34.1544 -109.9728 3.0
34.1603 -118.6514 1
City2577 34.1603 -118.6514 3.5
34.1617 -118.0519 1
City2578 34.1617 -118.0519 3.1
34.1650 -84.8000 1
City2579 34.1650 -84.8000 3.4
34.1669 -97.9972 1
City2580 34.1669 -97.9972 2.7
34.1686 -80.0628 1
City2581 34.1686 -80.0628 3.1
34.1706 -118.8367 1
City2582 34.1706 -118.8367 4.0
34.1733 -90.1375 1
City2583 34.1733 -90.1375 4.2
34.1739 -84.5014 1
City2584 34.1739 -84.5014 3.4
34.1742 -97.1433 1
City2585 34.1742 -97.1433 3.1
34.1747 -86.8436 1
City2586 34.1747 -86.8436 4.0
34.1750 -82.0242 1
City2587 34.1750 -82.0242 4.3
34.1753 -97.2625 1
City2588 34.1753 -97.2625 4.2
34.1781 -79.4008 1
City2589 34.1781 -79.4008 3.8
34.1781 -82.3792 1
City2590 34.1781 -82.3792 2.8
34.1783 -97.5922 1
City2591 34.1783 -97.5922 3.6
34.1792 -77.8478 1
City2592 34.1792 -77.8478 3.4
34.1833 -102.1342 1
City2593 34.1833 -102.1342 3.4
34.1850 -83.9253 1
City2594 34.1850 -83.9253 2.6
34.1858 -96.8803 1
City2595 34.1858 -96.8803 3.2
34.1861 -103.3339 1
City2596 34.1861 -103.3339 3.3
34.1867 -85.1747 1
City2597 34.1867 -85.1747 2.6
34.1872 -96.9842 1
City2598 34.1872 -96.9842 3.1
34.1897 -118.1303 1
City2599 34.1897 -118.1303 3.3
34.1942 -88.7197 1
City2600 34.1942 -88.7197 2.8
34.1953 -79.7628 1
City2601 34.1953 -79.7628 4.3
34.1953 -82.1619 1
City2602 34.1953 -82.1619 4.0
34.1975 -119.1761 1
City2603 34.1975 -119.1761 4.0
34.2000 -90.5708 1
City2604 34.2000 -90.5708 3.5
34.2006 -86.1664 1
City2605 34.2006 -86.1664 4.3
34.2017 -90.2833 1
City2606 34.2017 -90.2833 3.6
34.2022 -87.1814 1
City2607 34.2022 -87.1814 4.3
34.2039 -83.4572 1
City2608 34.2039 -83.4572 2.9
34.2047 -83.0308 1
City2609 34.2047 -83.0308 3.8
34.2056 -79.2547 1
City2610 34.2056 -79.2547 4.2
34.2072 -84.1403 1
City2611 34.2072 -84.1403 2.5
34.2083 -77.7967 1
City2612 34.2083 -77.7967 3.7
34.2092 -77.8439 1
City2613 34.2092 -77.8439 4.3
34.2092 -81.5333 1
City2614 34.2092 -81.5333 3.7
34.2103 -77.8869 1
City2615 34.2103 -77.8869 2.6
34.2117 -101.6897 1
City2616 34.2117 -101.6897 4.3
34.2133 -88.6644 1
City2617 34.2133 -88.6644 2.9
34.2164 -119.0367 1
City2618 34.2164 -119.0367 2.9
34.2178 -90.5419 1
City2619 34.2178 -90.5419 3.6
34.2181 -80.2486 1
City2620 34.2181 -80.2486 3.1
34.2200 -85.6078 1
City2621 34.2200 -85.6078 3.0
34.2256 -77.9450 1
City2622 34.2256 -77.9450 3.8
34.2264 -87.6214 1
City2623 34.2264 -87.6214 2.5
34.2264 -102.7233 1
City2624 34.2264 -102.7233 3.4
34.2272 -80.6894 1
City2625 34.2272 -80.6894 2.5
34.2275 -83.8844 1
City2626 34.2275 -83.8844 3.4
34.2283 -92.0031 1
City2627 34.2283 -92.0031 2.8
34.2283 -98.6842 1
City2628 34.2283 -98.6842 4.1
34.2308 -111.3244 1
City2629 34.2308 -111.3244 2.7
34.2311 -95.6200 1
City2630 34.2311 -95.6200 4.3
34.2322 -119.1717 1
City2631 34.2322 -119.1717 3.0
34.2331 -97.4875 1
City2632 34.2331 -97.4875 2.6
34.2331 -102.4103 1
City2633 34.2331 -102.4103 2.5
34.2336 -79.1489 1
City2634 34.2336 -79.1489 4.1
34.2361 -96.6783 1
City2635 34.2361 -96.6783 4.3
34.2367 -84.4908 1
City2636 34.2367 -84.4908 2.7
34.2369 -84.9442 1
City2637 34.2369 -84.9442 3.2
34.2408 -99.0753 1
City2638 34.2408 -99.0753 2.6
34.2419 -85.3358 1
City2639 34.2419 -85.3358 2.5
34.2419 -117.2847 1
City2640 34.2419 -117.2847 4.1
34.2464 -80.6072 1
City2641 34.2464 -80.6072 3.9
34.2478 -88.9986 1
City2642 34.2478 -88.9986 3.3
34.2483 -117.1883 1
City2643 34.2483 -117.1883 2.8
34.2528 -83.5617 1
City2644 34.2528 -83.5617 2.8
34.2542 -110.0292 1
City2645 34.2542 -110.0292 3.2
34.2564 -90.2719 1
City2646 34.2564 -90.2719 2.7
34.2564 -99.5164 1
City2647 34.2564 -99.5164 2.6
34.2569 -85.1647 1
City2648 34.2569 -85.1647 3.3
34.2575 -88.7033 1
City2649 34.2575 -88.7033 3.7
34.2639 -85.8606 1
City2650 34.2639 -85.8606 2.6
34.2647 -93.4608 1
City2651 34.2647 -93.4608 4.2
34.2675 -86.2089 1
City2652 34.2675 -86.2089 2.9
34.2719 -98.2356 1
City2653 34.2719 -98.2356 2.9
34.2722 -77.8189 1
City2654 34.2722 -77.8189 4.0
34.2739 -88.4092 1
City2655 34.2739 -88.4092 3.2
34.2739 -92.0908 1
City2656 34.2739 -92.0908 3.7
34.2744 -81.6189 1
City2657 34.2744 -81.6189 3.9
34.2772 -87.8286 1
City2658 34.2772 -87.8286 3.8
34.2819 -118.4381 1
City2659 34.2819 -118.4381 4.0
34.2828 -84.7453 1
City2660 34.2828 -84.7453 2.8
34.2847 -83.1444 1
City2661 34.2847 -83.1444 3.9
34.2856 -118.8811 1
City2662 34.2856 -118.8811 2.9
34.2869 -83.1103 1
City2663 34.2869 -83.1103 4.2
34.2883 -77.9214 1
City2664 34.2883 -77.9214 3.0
34.2928 -91.3378 1
City2665 34.2928 -91.3378 2.9
34.2978 -83.8242 1
City2666 34.2978 -83.8242 4.2
34.2978 -99.7400 1
City2667 34.2978 -99.7400 3.0
34.2997 -79.8764 1
City2668 34.2997 -79.8764 3.2
34.3047 -81.9831 1
City2669 34.3047 -81.9831 3.0
34.3064 -82.6639 1
City2670 34.3064 -82.6639 3.4
34.3069 -92.4011 1
City2671 34.3069 -92.4011 3.5
34.3083 -90.8519 1
City2672 34.3083 -90.8519 3.5
34.3114 -89.9442 1
City2673 34.3114 -89.9442 4.3
34.3133 -79.0375 1
City2674 34.3133 -79.0375 3.0
34.3144 -97.1425 1
City2675 34.3144 -97.1425 3.7
34.3181 -86.4958 1
City2676 34.3181 -86.4958 4.3
34.3189 -78.5003 1
City2677 34.3189 -78.5003 3.9
34.3192 -91.8472 1
City2678 34.3192 -91.8472 4.3
34.3206 -78.4022 1
City2679 34.3206 -78.4022 3.9
34.3219 -78.8272 1
City2680 34.3219 -78.8272 3.7
34.3242 -88.4911 1
City2681 34.3242 -88.4911 4.2
34.3267 -93.5506 1
City2682 34.3267 -93.5506 3.5
34.3333 -82.3881 1
City2683 34.3333 -82.3881 3.5
34.3336 -83.4992 1
City2684 34.3336 -83.4992 3.1
34.3367 -85.0714 1
City2685 34.3367 -85.0714 3.4
34.3369 -79.4314 1
City2686 34.3369 -79.4314 3.3
34.3381 -84.3767 1
City2687 34.3381 -84.3767 3.8
34.3386 -78.7033 1
City2688 34.3386 -78.7033 2.8
34.3456 -79.1658 1
City2689 34.3456 -79.1658 3.0
34.3461 -83.1100 1
City2690 34.3461 -83.1100 3.9
34.3508 -87.7064 1
City2691 34.3508 -87.7064 2.9
34.3514 -86.0008 1
City2692 34.3514 -86.0008 3.6
34.3528 -82.9322 1
City2693 34.3528 -82.9322 3.0
34.3531 -89.0231 1
City2694 34.3531 -89.0231 3.9
34.3542 -119.0583 1
City2695 34.3542 -119.0583 3.2
34.3556 -77.9003 1
City2696 34.3556 -77.9003 4.3
34.3581 -86.2947 1
City2697 34.3581 -86.2947 3.8
34.3597 -98.3075 1
City2698 34.3597 -98.3075 2.6
34.3608 -117.6325 1
City2699 34.3608 -117.6325 2.6
34.3617 -81.0856 1
City2700 34.3617 -81.0856 4.3
34.3622 -92.8128 1
City2701 34.3622 -92.8128 3.7
34.3661 -101.0567 1
City2702 34.3661 -101.0567 4.2
34.3664 -101.7481 1
City2703 34.3664 -101.7481 4.4
34.3683 -86.9086 1
City2704 34.3683 -86.9086 4.4
34.3686 -84.9342 1
City2705 34.3686 -84.9342 3.6
34.3689 -97.9636 1
City2706 34.3689 -97.9636 3.3
34.3694 -90.6389 1
City2707 34.3694 -90.6389 4.2
34.3714 -119.3056 1
City2708 34.3714 -119.3056 2.6
34.3739 -80.0736 1
City2709 34.3739 -80.0736 4.3
34.3764 -88.6817 1
City2710 34.3764 -88.6817 2.6
34.3806 -81.0867 1
City2711 34.3806 -81.0867 3.1
34.3819 -84.3711 1
City2712 34.3819 -84.3711 2.7
34.3847 -118.5300 1
City2713 34.3847 -118.5300 2.7
34.3850 -102.1153 1
City2714 34.3850 -102.1153 4.3
34.3858 -96.1281 1
City2715 34.3858 -96.1281 2.9
34.3875 -83.6664 1
City2716 34.3875 -83.6664 4.3
34.3886 -103.0508 1
City2717 34.3886 -103.0508 2.7
34.3919 -99.0181 1
City2718 34.3919 -99.0181 3.1
34.3925 -100.8972 1
City2719 34.3925 -100.8972 4.2
34.3936 -80.0697 1
City2720 34.3936 -80.0697 2.9
34.3983 -82.2469 1
City2721 34.3983 -82.2469 4.2
34.3989 -119.5175 1
City2722 34.3989 -119.5175 3.7
34.3992 -118.9172 1
City2723 34.3992 -118.9172 4.2
34.4000 -119.2992 1
City2724 34.4000 -119.2992 4.4
34.4047 -103.2047 1
City2725 34.4047 -103.2047 3.1
34.4147 -81.8114 1
City2726 34.4147 -81.8114 3.9
34.4153 -118.7931 1
City2727 34.4153 -118.7931 2.6
34.4164 -79.3714 1
City2728 34.4164 -79.3714 2.6
34.4219 -91.7061 1
City2729 34.4219 -91.7061 2.8
34.4233 -119.7033 1
City2730 34.4233 -119.7033 3.5
34.4244 -93.0950 1
City2731 34.4244 -93.0950 3.7
34.4264 -100.2036 1
City2732 34.4264 -100.2036 2.6
34.4264 -117.3000 1
City2733 34.4264 -117.3000 2.7
34.4303 -103.6319 1
City2734 34.4303 -103.6319 2.9
34.4319 -90.2208 1
City2735 34.4319 -90.2208 3.2
34.4358 -83.1069 1
City2736 34.4358 -83.1069 3.3
34.4361 -84.7000 1
City2737 34.4361 -84.7000 3.7
34.4397 -88.1408 1
City2738 34.4397 -88.1408 4.4
34.4433 -86.9353 1
City2739 34.4433 -86.9353 3.3
34.4436 -118.6086 1
City2740 34.4436 -118.6086 4.0
34.4442 -85.7197 1
City2741 34.4442 -85.7197 2.8
34.4450 -92.1831 1
City2742 34.4450 -92.1831 3.8
34.4464 -82.3917 1
City2743 34.4464 -82.3917 4.1
34.4467 -85.9042 1
City2744 34.4467 -85.9042 2.6
34.4481 -119.2419 1
City2745 34.4481 -119.2419 2.8
34.4550 -93.6800 1
City2746 34.4550 -93.6800 3.5
34.4600 -97.6736 1
City2747 34.4600 -97.6736 3.2
34.4650 -110.0906 1
City2748 34.4650 -110.0906 2.7
34.4667 -96.0531 1
City2749 34.4667 -96.0531 4.2
34.4672 -83.5739 1
City2750 34.4672 -83.5739 4.2
34.4678 -84.4292 1
City2751 34.4678 -84.4292 4.4
34.4689 -80.2561 1
City2752 34.4689 -80.2561 3.8
34.4706 -82.6708 1
City2753 34.4706 -82.6708 3.3
34.4717 -104.2450 1
City2754 34.4717 -104.2450 3.4
34.4719 -99.6478 1
City2755 34.4719 -99.6478 2.7
34.4725 -81.8808 1
City2756 34.4725 -81.8808 3.6
34.4742 -101.3042 1
City2757 34.4742 -101.3042 2.7
34.4750 -78.2025 1
City2758 34.4750 -78.2025 2.8
34.4806 -85.3478 1
City2759 34.4806 -85.3478 4.4
34.4811 -87.2933 1
City2760 34.4811 -87.2933 3.9
34.4811 -98.3828 1
City2761 34.4811 -98.3828 3.0
34.4839 -114.3217 1
City2762 34.4839 -114.3217 3.2
34.4847 -85.4764 1
City2763 34.4847 -85.4764 2.6
34.4872 -78.6564 1
City2764 34.4872 -78.6564 4.1
34.4917 -83.5375 1
City2765 34.4917 -83.5375 4.2
34.4942 -85.8478 1
City2766 34.4942 -85.8478 3.3
34.4942 -89.0078 1
City2767 34.4942 -89.0078 2.7
34.4967 -79.1144 1
City2768 34.4967 -79.1144 2.8
34.4989 -82.0144 1
City2769 34.4989 -82.0144 3.4
34.5003 -91.5525 1
City2770 34.5003 -91.5525 3.1
34.5008 -117.1850 1
City2771 34.5008 -117.1850 3.4
34.5014 -92.6364 1
City2772 34.5014 -92.6364 3.2
34.5022 -97.9575 1
City2773 34.5022 -97.9575 2.6
34.5025 -84.9511 1
City2774 34.5025 -84.9511 4.0
34.5025 -90.1986 1
City2775 34.5025 -90.1986 3.1
34.5028 -81.6117 1
City2776 34.5028 -81.6117 3.2
34.5028 -99.1406 1
City2777 34.5028 -99.1406 4.3
34.5033 -82.6503 1
City2778 34.5033 -82.6503 3.1
34.5036 -93.0550 1
City2779 34.5036 -93.0550 4.0
34.5044 -97.1192 1
City2780 34.5044 -97.1192 4.0
34.5078 -87.7286 1
City2781 34.5078 -87.7286 4.4
34.5078 -96.9681 1
City2782 34.5078 -96.9681 2.9
34.5094 -88.6353 1
City2783 34.5094 -88.6353 2.7
34.5106 -89.9397 1
City2784 34.5106 -89.9397 4.2
34.5114 -83.5272 1
City2785 34.5114 -83.5272 2.5
34.5125 -79.8511 1
City2786 34.5125 -79.8511 3.0
34.5133 -110.0778 1
City2787 34.5133 -110.0778 2.5
34.5136 -102.8825 1
City2788 34.5136 -102.8825 3.6
34.5186 -83.5008 1
City2789 34.5186 -83.5008 4.1
34.5203 -106.2406 1
City2790 34.5203 -106.2406 4.2
34.5228 -82.4944 1
City2791 34.5228 -82.4944 3.7
34.5231 -86.9703 1
City2792 34.5231 -86.9703 3.8
34.5250 -86.8947 1
City2793 34.5250 -86.8947 3.3
34.5286 -86.2533 1
City2794 34.5286 -86.2533 3.2
34.5325 -83.9850 1
City2795 34.5325 -83.9850 3.6
34.5358 -101.7581 1
City2796 34.5358 -101.7581 4.1
34.5361 -117.2903 1
City2797 34.5361 -117.2903 3.8
34.5364 -79.2917 1
City2798 34.5364 -79.2917 3.7
34.5381 -96.2183 1
City2799 34.5381 -96.2183 2.6
34.5386 -78.7878 1
City2800 34.5386 -78.7878 4.2
34.5400 -112.4678 1
City2801 34.5400 -112.4678 2.5
34.5439 -85.3106 1
City2802 34.5439 -85.3106 4.3
34.5442 -91.9689 1
City2803 34.5442 -91.9689 3.4
34.5486 -99.4219 1
City2804 34.5486 -99.4219 3.9
34.5506 -90.6417 1
City2805 34.5506 -90.6417 3.1
34.5508 -102.3114 1
City2806 34.5508 -102.3114 4.2
34.5517 -80.5839 1
City2807 34.5517 -80.5839 3.1
34.5519 -77.9264 1
City2808 34.5519 -77.9264 2.5
34.5556 -90.9128 1
City2809 34.5556 -90.9128 3.3
34.5567 -93.6339 1
City2810 34.5567 -93.6339 3.4
34.5622 -85.8125 1
City2811 34.5622 -85.8125 4.3
34.5636 -111.8536 1
City2812 34.5636 -111.8536 3.8
34.5644 -92.5867 1
City2813 34.5644 -92.5867 4.3
34.5650 -83.5453 1
City2814 34.5650 -83.5453 3.3
34.5689 -85.6150 1
City2815 34.5689 -85.6150 3.2
34.5719 -93.1731 1
City2816 34.5719 -93.1731 4.0
34.5750 -80.9022 1
City2817 34.5750 -80.9022 3.8
34.5772 -83.3325 1
City2818 34.5772 -83.3325 3.7
34.5794 -79.5467 1
City2819 34.5794 -79.5467 2.6
34.5794 -118.1156 1
City2820 34.5794 -118.1156 4.1
34.5811 -113.2039 1
City2821 34.5811 -113.2039 3.4
34.5828 -117.4083 1
City2822 34.5828 -117.4083 3.8
34.5861 -94.2394 1
City2823 34.5861 -94.2394 4.0
34.5894 -95.3525 1
City2824 34.5894 -95.3525 3.1
34.5931 -80.6756 1
City2825 34.5931 -80.6756 4.3
34.5958 -91.1997 1
City2826 34.5958 -91.1997 3.0
34.5958 -120.1367 1
City2827 34.5958 -120.1367 3.5
34.5969 -83.7633 1
City2828 34.5969 -83.7633 3.6
34.6017 -105.2078 1
City2829 34.6017 -105.2078 4.0
34.6047 -96.4239 1
City2830 34.6047 -96.4239 3.1
34.6058 -86.9833 1
City2831 34.6058 -86.9833 4.4
34.6081 -82.1136 1
City2832 34.6081 -82.1136 3.6
34.6086 -98.3900 1
City2833 34.6086 -98.3900 2.9
34.6100 -112.3150 1
City2834 34.6100 -112.3150 3.9
34.6125 -83.5250 1
City2835 34.6125 -83.5250 4.2
34.6136 -120.1917 1
City2836 34.6136 -120.1917 4.2
34.6144 -120.0789 1
City2837 34.6144 -120.0789 2.5
34.6172 -79.6850 1
City2838 34.6172 -79.6850 2.7
34.6175 -89.9686 1
City2839 34.6175 -89.9686 3.0
34.6181 -79.0089 1
City2840 34.6181 -79.0089 4.3
34.6183 -82.4781 1
City2841 34.6183 -82.4781 3.3
34.6200 -92.3953 1
City2842 34.6200 -92.3953 3.0
34.6228 -97.3961 1
City2843 34.6228 -97.3961 4.2
34.6275 -96.8406 1
City2844 34.6275 -96.8406 2.6
34.6278 -86.2744 1
City2845 34.6278 -86.2744 4.3
34.6292 -78.6056 1
City2846 34.6292 -78.6056 2.6
34.6294 -98.6283 1
City2847 34.6294 -98.6283 2.5
34.6350 -85.7672 1
City2848 34.6350 -85.7672 2.9
34.6378 -97.8172 1
City2849 34.6378 -97.8172 4.3
34.6381 -99.3336 1
City2850 34.6381 -99.3336 3.8
34.6392 -120.4569 1
City2851 34.6392 -120.4569 3.0
34.6403 -78.4842 1
City2852 34.6403 -78.4842 3.7
34.6417 -102.7236 1
City2853 34.6417 -102.7236 4.3
34.6433 -97.1642 1
City2854 34.6433 -97.1642 3.3
34.6447 -82.4703 1
City2855 34.6447 -82.4703 4.4
34.6453 -118.2172 1
City2856 34.6453 -118.2172 3.3
34.6461 -89.3053 1
City2857 34.6461 -89.3053 2.9
34.6481 -97.9578 1
City2858 34.6481 -97.9578 3.3
34.6500 -80.3892 1
City2859 34.6500 -80.3892 4.4
34.6517 -82.7839 1
City2860 34.6517 -82.7839 2.9
34.6525 -96.5258 1
City2861 34.6525 -96.5258 3.0
34.6564 -81.9653 1
City2862 34.6564 -81.9653 4.1
34.6581 -88.5667 1
City2863 34.6581 -88.5667 2.7
34.6589 -98.9514 1
City2864 34.6589 -98.9514 3.6
34.6628 -106.7758 1
City2865 34.6628 -106.7758 3.9
34.6647 -83.0967 1
City2866 34.6647 -83.0967 3.7
34.6686 -79.5456 1
City2867 34.6686 -79.5456 3.4
34.6708 -89.0264 1
City2868 34.6708 -89.0264 4.1
34.6719 -92.9986 1
City2869 34.6719 -92.9986 3.2
34.6722 -86.0342 1
City2870 34.6722 -86.0342 3.9
34.6778 -76.9511 1
City2871 34.6778 -76.9511 3.4
34.6781 -82.9317 1
City2872 34.6781 -82.9317 3.2
34.6800 -79.1953 1
City2873 34.6800 -79.1953 4.1
34.6811 -87.4061 1
City2874 34.6811 -87.4061 3.2
34.6833 -82.8375 1
City2875 34.6833 -82.8375 3.2
34.6844 -90.3828 1
City2876 34.6844 -90.3828 3.8
34.6856 -82.9533 1
City2877 34.6856 -82.9533 2.9
34.6875 -77.1194 1
City2878 34.6875 -77.1194 3.7
34.6883 -99.9117 1
City2879 34.6883 -99.9117 4.0
34.6889 -82.1958 1
City2880 34.6889 -82.1958 3.6
34.6931 -91.3136 1
City2881 34.6931 -91.3136 3.9
34.6950 -76.5597 1
City2882 34.6950 -76.5597 4.4
34.6972 -98.9492 1
City2883 34.6972 -98.9492 4.1
34.6975 -79.8836 1
City2884 34.6975 -79.8836 4.0
34.6981 -118.1358 1
City2885 34.6981 -118.1358 2.9
34.6989 -76.7406 1
City2886 34.6989 -76.7406 2.9
34.7008 -87.5289 1
City2887 34.7008 -87.5289 3.7
34.7017 -86.3758 1
City2888 34.7017 -86.3758 3.2
34.7022 -82.4647 1
City2889 34.7022 -82.4647 2.6
34.7047 -81.2144 1
City2890 34.7047 -81.2144 3.3
34.7047 -85.2819 1
City2891 34.7047 -85.2819 2.9
34.7142 -85.6808 1
City2892 34.7142 -85.6808 3.4
34.7181 -76.6642 1
City2893 34.7181 -76.6642 2.6
34.7203 -80.7711 1
City2894 34.7203 -80.7711 3.0
34.7206 -95.8989 1
City2895 34.7206 -95.8989 3.0
34.7228 -76.7264 1
City2896 34.7228 -76.7264 3.3
34.7242 -82.7814 1
City2897 34.7242 -82.7814 2.9
34.7247 -100.5336 1
City2898 34.7247 -100.5336 3.7
34.7297 -88.9506 1
City2899 34.7297 -88.9506 3.6
34.7303 -86.5861 1
City2900 34.7303 -86.5861 2.7
34.7311 -87.7025 1
City2901 34.7311 -87.7025 4.1
34.7339 -82.4439 1
City2902 34.7339 -82.4439 4.0
34.7350 -79.3492 1
City2903 34.7350 -79.3492 4.1
34.7356 -77.9956 1
City2904 34.7356 -77.9956 3.4
34.7358 -80.0883 1
City2905 34.7358 -80.0883 3.5
34.7369 -82.2544 1
City2906 34.7369 -82.2544 3.8
34.7394 -82.0372 1
City2907 34.7394 -82.0372 4.3
34.7400 -97.2219 1
City2908 34.7400 -97.2219 3.6
34.7436 -101.8542 1
City2909 34.7436 -101.8542 3.6
34.7447 -87.6675 1
City2910 34.7447 -87.6675 2.9
34.7464 -92.2894 1
City2911 34.7464 -92.2894 3.3
34.7503 -98.1714 1
City2912 34.7503 -98.1714 3.6
34.7514 -95.0478 1
City2913 34.7514 -95.0478 2.8
34.7539 -77.4306 1
City2914 34.7539 -77.4306 2.9
34.7569 -87.9728 1
City2915 34.7569 -87.9728 2.8
34.7575 -112.4531 1
City2916 34.7575 -112.4531 4.0
34.7583 -106.0553 1
City2917 34.7583 -106.0553 4.0
34.7589 -79.6108 1
City2918 34.7589 -79.6108 3.3
34.7600 -82.7539 1
City2919 34.7600 -82.7539 2.5
34.7647 -83.0642 1
City2920 34.7647 -83.0642 4.0
34.7650 -87.6986 1
City2921 34.7650 -87.6986 4.3
34.7658 -84.7700 1
City2922 34.7658 -84.7700 3.0
34.7694 -92.2669 1
City2923 34.7694 -92.2669 3.9
34.7697 -84.9703 1
City2924 34.7697 -84.9703 2.7
34.7711 -79.4439 1
City2925 34.7711 -79.4439 3.7
34.7711 -112.0572 1
City2926 34.7711 -112.0572 2.6
34.7731 -80.3919 1
City2927 34.7731 -80.3919 3.5
34.7736 -90.7575 1
City2928 34.7736 -90.7575 2.8
34.7739 -79.4631 1
City2929 34.7739 -79.4631 3.4
34.7744 -96.6781 1
City2930 34.7744 -96.6781 4.3
34.7781 -92.3489 1
City2931 34.7781 -92.3489 3.5
34.7786 -82.3103 1
City2932 34.7786 -82.3103 3.0
34.7794 -99.3350 1
City2933 34.7794 -99.3350 4.0
34.7803 -98.2919 1
City2934 34.7803 -98.2919 4.1
34.7808 -91.5808 1
City2935 34.7808 -91.5808 4.1
34.7825 -97.9567 1
City2936 34.7825 -97.9567 3.7
34.7831 -91.7464 1
City2937 34.7831 -91.7464 3.0
34.7839 -91.8997 1
City2938 34.7839 -91.8997 3.9
34.7861 -78.3944 1
City2939 34.7861 -78.3944 3.8
34.7864 -76.8594 1
City2940 34.7864 -76.8594 2.8
34.7878 -82.6925 1
City2941 34.7878 -82.6925 3.3
34.7967 -96.9592 1
City2942 34.7967 -96.9592 3.9
34.7997 -87.6772 1
City2943 34.7997 -87.6772 3.5
34.8000 -82.4244 1
City2944 34.8000 -82.4244 3.9
34.8028 -86.9717 1
City2945 34.8028 -86.9717 3.6
34.8061 -106.7328 1
City2946 34.8061 -106.7328 2.9
34.8117 -88.1900 1
City2947 34.8117 -88.1900 3.1
34.8150 -79.1833 1
City2948 34.8150 -79.1833 3.0
34.8150 -92.2242 1
City2949 34.8150 -92.2242 3.4
34.8150 -102.3972 1
City2950 34.8150 -102.3972 3.5
34.8172 -97.4056 1
City2951 34.8172 -97.4056 3.5
34.8228 -118.9439 1
City2952 34.8228 -118.9439 2.8
34.8231 -98.2439 1
City2953 34.8231 -98.2439 4.3
34.8239 -89.9936 1
City2954 34.8239 -89.9936 3.8
34.8247 -82.4194 1
City2955 34.8247 -82.4194 3.0
34.8253 -106.8381 1
City2956 34.8253 -106.8381 3.9
34.8256 -87.2947 1
City2957 34.8256 -87.2947 4.1
34.8258 -77.4597 1
City2958 34.8258 -77.4597 3.2
34.8267 -97.2589 1
City2959 34.8267 -97.2589 2.7
34.8289 -95.8436 1
City2960 34.8289 -95.8436 3.8
34.8297 -82.6017 1
City2961 34.8297 -82.6017 2.6
34.8347 -97.6022 1
City2962 34.8347 -97.6022 3.3
34.8406 -85.0428 1
City2963 34.8406 -85.0428 2.8
34.8406 -88.3147 1
City2964 34.8406 -88.3147 2.7
34.8422 -82.6447 1
City2965 34.8422 -82.6447 3.3
34.8450 -95.5572 1
City2966 34.8450 -95.5572 3.1
34.8481 -114.6133 1
City2967 34.8481 -114.6133 3.9
34.8514 -86.5722 1
City2968 34.8514 -86.5722 3.9
34.8525 -82.3942 1
City2969 34.8525 -82.3942 3.7
34.8544 -95.5819 1
City2970 34.8544 -95.5819 3.4
34.8561 -100.2133 1
City2971 34.8561 -100.2133 2.6
34.8611 -96.6653 1
City2972 34.8611 -96.6653 3.7
34.8614 -82.4317 1
City2973 34.8614 -82.4317 4.2
34.8628 -87.5375 1
City2974 34.8628 -87.5375 3.8
34.8639 -80.0014 1
City2975 34.8639 -80.0014 3.0
34.8639 -84.3242 1
City2976 34.8639 -84.3242 3.7
34.8642 -118.1625 1
City2977 34.8642 -118.1625 3.2
34.8661 -92.1100 1
City2978 34.8661 -92.1100 3.5
34.8686 -85.8394 1
City2979 34.8686 -85.8394 2.5
34.8697 -111.7603 1
City2980 34.8697 -111.7603 2.6
34.8711 -85.2908 1
City2981 34.8711 -85.2908 2.9
34.8719 -85.5092 1
City2982 34.8719 -85.5092 3.7
34.8719 -99.5039 1
City2983 34.8719 -99.5039 3.4
34.8722 -89.6906 1
City2984 34.8722 -89.6906 3.9
34.8761 -83.9583 1
City2985 34.8761 -83.9583 2.6
34.8767 -117.1031 1
City2986 34.8767 -117.1031 4.0
34.8778 -82.4242 1
City2987 34.8778 -82.4242 3.5
34.8781 -83.4011 1
City2988 34.8781 -83.4011 4.2
34.8789 -76.9017 1
City2989 34.8789 -76.9017 3.5
34.8789 -96.4122 1
City2990 34.8789 -96.4122 3.3
34.8794 -81.9664 1
City2991 34.8794 -81.9664 4.1
34.8833 -82.7075 1
City2992 34.8833 -82.7075 4.1
34.8847 -79.6944 1
City2993 34.8847 -79.6944 3.6
34.8853 -82.4561 1
City2994 34.8853 -82.4561 2.7
34.8878 -79.3664 1
City2995 34.8878 -79.3664 2.6
34.8878 -91.1944 1
City2996 34.8878 -91.1944 2.6
34.8892 -94.6006 1
City2997 34.8892 -94.6006 3.9
34.8906 -80.9567 1
City2998 34.8906 -80.9567 3.9
34.8936 -98.3656 1
City2999 34.8936 -98.3656 2.6
34.8964 -98.2003 1
City3000 34.8964 -98.2003 2.7
34.8983 -94.0906 1
City3001 34.8983 -94.0906 2.8
34.8989 -81.7619 1
City3002 34.8989 -81.7619 4.1
34.9022 -110.1575 1
City3003 34.9022 -110.1575 4.2
34.9025 -79.0119 1
City3004 34.9025 -79.0119 3.6
34.9047 -77.2317 1
City3005 34.9047 -77.2317 3.2
34.9050 -116.8194 1
City3006 34.9050 -116.8194 3.2
34.9069 -106.6803 1
City3007 34.9069 -106.6803 2.6
34.9106 -81.8531 1
City3008 34.9106 -81.8531 3.7
34.9128 -91.1100 1
City3009 34.9128 -91.1100 3.6
34.9147 -97.7783 1
City3010 34.9147 -97.7783 4.2
34.9158 -85.1092 1
City3011 34.9158 -85.1092 2.6
34.9181 -79.7628 1
City3012 34.9181 -79.7628 2.8
34.9181 -83.3856 1
City3013 34.9181 -83.3856 2.7
34.9181 -97.3142 1
City3014 34.9181 -97.3142 3.8
34.9186 -95.3089 1
City3015 34.9186 -95.3089 3.3
34.9203 -82.2964 1
City3016 34.9203 -82.2964 4.3
34.9225 -81.7428 1
City3017 34.9225 -81.7428 2.5
34.9236 -77.7742 1
City3018 34.9236 -77.7742 3.9
34.9239 -81.9331 1
City3019 34.9239 -81.9331 4.0
34.9244 -80.7436 1
City3020 34.9244 -80.7436 4.0
34.9278 -95.7156 1
City3021 34.9278 -95.7156 4.0
34.9283 -82.0992 1
City3022 34.9283 -82.0992 2.6
34.9319 -98.1400 1
City3023 34.9319 -98.1400 3.6
34.9322 -86.5719 1
City3024 34.9322 -86.5719 3.8
34.9331 -83.7772 1
City3025 34.9331 -83.7772 3.6
34.9331 -83.8472 1
City3026 34.9331 -83.8472 3.8
34.9333 -95.7694 1
City3027 34.9333 -95.7694 4.3
34.9364 -81.8794 1
City3028 34.9364 -81.8794 3.9
34.9378 -82.1453 1
City3029 34.9378 -82.1453 3.9
34.9378 -100.8878 1
City3030 34.9378 -100.8878 3.1
34.9386 -82.2272 1
City3031 34.9386 -82.2272 3.2
34.9386 -104.6819 1
City3032 34.9386 -104.6819 3.5
34.9392 -79.7742 1
City3033 34.9392 -79.7742 3.1
34.9431 -79.7872 1
City3034 34.9431 -79.7872 3.4
34.9447 -81.8378 1
City3035 34.9447 -81.8378 3.1
34.9475 -85.7144 1
City3036 34.9475 -85.7144 2.7
34.9481 -82.1275 1
City3037 34.9481 -82.1275 2.9
34.9492 -90.4714 1
City3038 34.9492 -90.4714 3.0
34.9494 -81.9322 1
City3039 34.9494 -81.9322 4.1
34.9508 -82.1061 1
City3040 34.9508 -82.1061 3.9
34.9508 -95.0800 1
City3041 34.9508 -95.0800 4.1
34.9511 -94.6369 1
City3042 34.9511 -94.6369 3.1
34.9528 -78.5089 1
City3043 34.9528 -78.5089 3.9
34.9531 -120.4347 1
City3044 34.9531 -120.4347 3.2
34.9569 -92.4272 1
City3045 34.9569 -92.4272 3.6
34.9581 -81.9908 1
City3046 34.9581 -81.9908 4.3
34.9581 -85.2233 1
City3047 34.9581 -85.2233 3.7
34.9594 -96.7525 1
City3048 34.9594 -96.7525 3.4
34.9611 -81.9675 1
City3049 34.9611 -81.9675 4.3
34.9617 -89.8294 1
City3050 34.9617 -89.8294 4.3
34.9622 -77.9625 1
City3051 34.9622 -77.9625 2.8
34.9622 -99.3803 1
City3052 34.9622 -99.3803 2.8
34.9672 -94.7244 1
City3053 34.9672 -94.7244 2.9
34.9675 -79.9847 1
City3054 34.9675 -79.9847 3.3
34.9675 -82.4436 1
City3055 34.9675 -82.4436 3.8
34.9681 -80.0769 1
City3056 34.9681 -80.0769 2.6
34.9692 -87.3711 1
City3057 34.9692 -87.3711 3.5
34.9703 -78.9456 1
City3058 34.9703 -78.9456 3.7
34.9717 -120.5708 1
City3059 34.9717 -120.5708 3.5
34.9722 -90.9025 1
City3060 34.9722 -90.9025 4.0
34.9744 -92.0164 1
City3061 34.9744 -92.0164 4.3
34.9769 -91.4950 1
City3062 34.9769 -91.4950 3.4
34.9775 -85.3578 1
City3063 34.9775 -85.3578 3.3
34.9808 -79.2244 1
City3064 34.9808 -79.2244 2.6
34.9831 -85.2861 1
City3065 34.9831 -85.2861 4.4
34.9842 -80.4494 1
City3066 34.9842 -80.4494 4.3
34.9842 -81.9267 1
City3067 34.9842 -81.9267 4.3
34.9853 -80.5497 1
City3068 34.9853 -80.5497 4.4
34.9861 -84.3714 1
City3069 34.9861 -84.3714 3.5
34.9883 -80.3672 1
City3070 34.9883 -80.3672 2.8
34.9894 -96.9233 1
City3071 34.9894 -96.9233 4.4
34.9894 -99.2492 1
City3072 34.9894 -99.2492 2.7
34.9900 -106.0486 1
City3073 34.9900 -106.0486 3.7
34.9919 -81.8350 1
City3074 34.9919 -81.8350 3.2
34.9919 -86.8467 1
City3075 34.9919 -86.8467 4.4
34.9919 -86.8469 1
City3076 34.9919 -86.8469 3.7
34.9936 -80.2647 1
City3077 34.9936 -80.2647 2.7
34.9942 -81.2422 1
City3078 34.9942 -81.2422 3.7
34.9942 -85.3494 1
City3079 34.9942 -85.3494 2.6
34.9958 -79.2264 1
City3080 34.9958 -79.2264 2.9
34.9978 -78.3236 1
City3081 34.9978 -78.3236 2.7
34.9992 -78.0914 1
City3082 34.9992 -78.0914 4.3
34.9994 -117.6489 1
City3083 34.9994 -117.6489 2.8
35.0025 -80.9800 1
City3084 35.0025 -80.9800 3.2
35.0047 -92.8025 1
City3085 35.0047 -92.8025 3.3
35.0072 -80.9453 1
City3086 35.0072 -80.9453 3.1
35.0075 -80.2011 1
City3087 35.0075 -80.2011 4.3
35.0081 -90.7897 1
City3088 35.0081 -90.7897 3.3
35.0081 -91.2511 1
City3089 35.0081 -91.2511 3.0
35.0122 -85.7044 1
City3090 35.0122 -85.7044 3.3
35.0131 -90.7225 1
City3091 35.0131 -90.7225 4.0
35.0133 -78.6942 1
City3092 35.0133 -78.6942 3.0
35.0136 -97.3608 1
City3093 35.0136 -97.3608 4.2
35.0142 -85.2519 1
City3094 35.0142 -85.2519 4.0
35.0147 -97.3353 1
City3095 35.0147 -97.3353 2.8
35.0153 -78.5033 1
City3096 35.0153 -78.5033 4.4
35.0158 -81.9750 1
City3097 35.0158 -81.9750 3.0
35.0167 -81.8042 1
City3098 35.0167 -81.8042 2.6
35.0169 -117.8347 1
City3099 35.0169 -117.8347 3.7
35.0228 -94.3811 1
City3100 35.0228 -94.3811 3.4
35.0242 -81.0281 1
City3101 35.0242 -81.0281 3.7
35.0242 -110.6967 1
City3102 35.0242 -110.6967 3.3
35.0294 -99.0928 1
City3103 35.0294 -99.0928 3.1
35.0308 -76.6933 1
City3104 35.0308 -76.6933 3.6
35.0319 -78.7950 1
City3105 35.0319 -78.7950 2.5
35.0322 -93.2231 1
City3106 35.0322 -93.2231 3.8
35.0414 -82.1044 1
City3107 35.0414 -82.1044 3.4
35.0419 -89.6644 1
City3108 35.0419 -89.6644 4.4
35.0428 -120.4750 1
City3109 35.0428 -120.4750 2.7
35.0450 -89.6217 1
City3110 35.0450 -89.6217 3.3
35.0456 -85.3097 1
City3111 35.0456 -85.3097 3.3
35.0469 -82.0903 1
City3112 35.0469 -82.0903 2.5
35.0478 -85.6719 1
City3113 35.0478 -85.6719 3.3
35.0511 -86.2697 1
City3114 35.0511 -86.2697 4.0
35.0522 -86.8886 1
City3115 35.0522 -86.8886 3.2
35.0525 -78.8786 1
City3116 35.0525 -78.8786 3.4
35.0525 -83.1969 1
City3117 35.0525 -83.1969 3.1
35.0525 -97.9361 1
City3118 35.0525 -97.9361 2.6
35.0525 -118.1731 1
City3119 35.0525 -118.1731 4.2
35.0531 -85.0503 1
City3120 35.0531 -85.0503 3.7
35.0536 -94.6233 1
City3121 35.0536 -94.6233 3.4
35.0539 -93.3933 1
City3122 35.0539 -93.3933 4.4
35.0550 -77.7467 1
City3123 35.0550 -77.7467 4.0
35.0553 -87.1575 1
City3124 35.0553 -87.1575 2.9
35.0561 -88.4353 1
City3125 35.0561 -88.4353 3.2
35.0589 -119.4000 1
City3126 35.0589 -119.4000 3.3
35.0594 -94.2525 1
City3127 35.0594 -94.2525 3.8
35.0644 -88.8908 1
City3128 35.0644 -88.8908 4.0
35.0706 -91.8794 1
City3129 35.0706 -91.8794 3.8
35.0711 -79.7617 1
City3130 35.0711 -79.7617 4.0
35.0717 -81.6500 1
City3131 35.0717 -81.6500 4.2
35.0725 -98.2433 1
City3132 35.0725 -98.2433 2.9
35.0742 -85.6261 1
City3133 35.0742 -85.6261 3.5
35.0767 -80.6694 1
City3134 35.0767 -80.6694 3.4
35.0778 -87.4397 1
City3135 35.0778 -87.4397 3.0
35.0800 -81.6331 1
City3136 35.0800 -81.6331 4.2
35.0803 -96.3989 1
City3137 35.0803 -96.3989 3.2
35.0822 -94.2631 1
City3138 35.0822 -94.2631 2.5
35.0831 -80.8925 1
City3139 35.0831 -80.8925 4.0
35.0833 -98.0875 1
City3140 35.0833 -98.0875 2.9
35.0839 -92.2078 1
City3141 35.0839 -92.2078 4.0
35.0844 -106.6506 1
City3142 35.0844 -106.6506 3.7
35.0872 -97.3347 1
City3143 35.0872 -97.3347 4.0
35.0875 -84.0347 1
City3144 35.0875 -84.0347 2.7
35.0886 -77.0353 1
City3145 35.0886 -77.0353 3.3
35.0886 -92.4419 1
City3146 35.0886 -92.4419 4.3
35.0906 -80.6864 1
City3147 35.0906 -80.6864 3.1
35.0931 -93.4483 1
City3148 35.0931 -93.4483 3.1
35.0950 -78.9558 1
City3149 35.0950 -78.9558 3.7
35.0964 -78.7842 1
City3150 35.0964 -78.7842 4.4
35.0975 -98.7461 1
City3151 35.0975 -98.7461 2.6
35.0978 -98.4353 1
City3152 35.0978 -98.4353 2.6
35.0989 -120.6114 1
City3153 35.0989 -120.6114 3.9
35.1036 -98.6033 1
City3154 35.1036 -98.6033 3.4
35.1044 -80.1094 1
City3155 35.1044 -80.1094 3.8
35.1056 -83.0967 1
City3156 35.1056 -83.0967 4.1
35.1083 -77.0444 1
City3157 35.1083 -77.0444 3.7
35.1097 -79.4725 1
City3158 35.1097 -79.4725 4.2
35.1111 -81.2267 1
City3159 35.1111 -81.2267 4.2
35.1117 -101.3628 1
City3160 35.1117 -101.3628 4.4
35.1128 -91.8222 1
City3161 35.1128 -91.8222 4.2
35.1136 -85.1381 1
City3162 35.1136 -85.1381 4.4
35.1161 -78.1364 1
City3163 35.1161 -78.1364 3.2
35.1167 -80.7239 1
City3164 35.1167 -80.7239 3.9
35.1186 -120.5897 1
City3165 35.1186 -120.5897 3.7
35.1211 -81.5161 1
City3166 35.1211 -81.5161 4.2
35.1217 -120.6203 1
City3167 35.1217 -120.6203 3.9
35.1225 -85.3439 1
City3168 35.1225 -85.3439 3.8
35.1228 -95.3708 1
City3169 35.1228 -95.3708 2.9
35.1258 -117.9850 1
City3170 35.1258 -117.9850 4.0
35.1303 -96.7756 1
City3171 35.1303 -96.7756 3.9
35.1314 -79.4297 1
City3172 35.1314 -79.4297 3.2
35.1322 -118.4481 1
City3173 35.1322 -118.4481 3.3
35.1347 -119.4553 1
City3174 35.1347 -119.4553 4.0
35.1347 -119.4717 1
City3175 35.1347 -119.4717 2.8
35.1378 -97.6578 1
City3176 35.1378 -97.6578 3.6
35.1392 -97.3944 1
City3177 35.1392 -97.3944 3.7
35.1400 -93.9214 1
City3178 35.1400 -93.9214 3.4
35.1411 -84.8722 1
City3179 35.1411 -84.8722 3.2
35.1425 -119.4556 1
City3180 35.1425 -119.4556 4.4
35.1428 -76.7706 1
City3181 35.1428 -76.7706 3.7
35.1428 -120.6403 1
City3182 35.1428 -120.6403 4.1
35.1436 -82.8214 1
City3183 35.1436 -82.8214 4.4
35.1447 -76.8025 1
City3184 35.1447 -76.8025 3.4
35.1461 -96.6697 1
City3185 35.1461 -96.6697 4.1
35.1464 -90.1844 1
City3186 35.1464 -90.1844 4.3
35.1483 -81.8611 1
City3187 35.1483 -81.8611 4.3
35.1494 -90.0489 1
City3188 35.1494 -90.0489 4.0
35.1497 -94.9706 1
City3189 35.1497 -94.9706 3.9
35.1508 -92.7439 1
City3190 35.1508 -92.7439 2.5
35.1508 -93.8067 1
City3191 35.1508 -93.8067 3.3
35.1519 -86.5706 1
City3192 35.1519 -86.5706 2.6
35.1522 -107.8425 1
City3193 35.1522 -107.8425 3.7
35.1536 -78.1056 1
City3194 35.1536 -78.1056 2.7
35.1544 -119.4553 1
City3195 35.1544 -119.4553 3.9
35.1578 -99.1750 1
City3196 35.1578 -99.1750 3.6
35.1586 -96.4931 1
City3197 35.1586 -96.4931 3.4
35.1594 -84.8767 1
City3198 35.1594 -84.8767 4.0
35.1600 -92.6406 1
City3199 35.1600 -92.6406 3.8
35.1608 -84.8578 1
City3200 35.1608 -84.8578 3.1
35.1619 -106.6422 1
City3201 35.1619 -106.6422 3.2
35.1644 -86.0106 1
City3202 35.1644 -86.0106 3.5
35.1647 -85.3014 1
City3203 35.1647 -85.3014 2.9
35.1672 -94.6722 1
City3204 35.1672 -94.6722 3.4
35.1678 -78.9731 1
City3205 35.1678 -78.9731 4.1
35.1697 -107.8903 1
City3206 35.1697 -107.8903 3.6
35.1700 -88.5922 1
City3207 35.1700 -88.5922 3.8
35.1717 -103.7244 1
City3208 35.1717 -103.7244 3.3
35.1739 -79.3925 1
City3209 35.1739 -79.3925 4.1
35.1742 -84.6536 1
City3210 35.1742 -84.6536 2.8
35.1742 -87.7378 1
City3211 35.1742 -87.7378 4.2
35.1744 -81.4500 1
City3212 35.1744 -81.4500 2.9
35.1750 -82.1894 1
City3213 35.1750 -82.1894 3.3
35.1794 -80.6475 1
City3214 35.1794 -80.6475 4.1
35.1858 -86.1122 1
City3215 35.1858 -86.1122 3.6
35.1864 -94.7856 1
City3216 35.1864 -94.7856 2.7
35.1872 -77.3211 1
City3217 35.1872 -77.3211 3.1
35.1883 -98.2603 1
City3218 35.1883 -98.2603 4.1
35.1894 -85.4858 1
City3219 35.1894 -85.4858 3.7
35.1894 -114.0522 1
City3220 35.1894 -114.0522 3.6
35.1903 -94.4108 1
City3221 35.1903 -94.4108 3.3
35.1958 -85.1847 1
City3222 35.1958 -85.1847 3.0
35.1981 -111.6506 1
City3223 35.1981 -111.6506 4.1
35.1997 -87.0308 1
City3224 35.1997 -87.0308 2.9
35.2006 -106.7006 1
City3225 35.2006 -106.7006 3.8
35.2014 -85.5192 1
City3226 35.2014 -85.5192 2.7
35.2017 -83.8242 1
City3227 35.2017 -83.8242 3.2
35.2031 -85.9211 1
City3228 35.2031 -85.9211 2.9
35.2036 -101.1064 1
City3229 35.2036 -101.1064 3.4
35.2044 -89.8739 1
City3230 35.2044 -89.8739 3.6
35.2086 -85.1269 1
City3231 35.2086 -85.1269 2.7
35.2092 -118.8275 1
City3232 35.2092 -118.8275 3.5
35.2097 -86.0794 1
City3233 35.2097 -86.0794 4.1
35.2144 -90.1964 1
City3234 35.2144 -90.1964 3.8
35.2153 -99.8661 1
City3235 35.2153 -99.8661 3.8
35.2192 -81.2058 1
City3236 35.2192 -81.2058 3.4
35.2219 -101.8308 1
City3237 35.2219 -101.8308 3.7
35.2225 -97.4392 1
City3238 35.2225 -97.4392 3.9
35.2231 -93.1578 1
City3239 35.2231 -93.1578 4.1
35.2244 -90.7867 1
City3240 35.2244 -90.7867 4.1
35.2244 -96.6703 1
City3241 35.2244 -96.6703 4.0
35.2247 -88.2492 1
City3242 35.2247 -88.2492 3.8
35.2250 -90.3250 1
City3243 35.2250 -90.3250 2.8
35.2256 -80.3292 1
City3244 35.2256 -80.3292 4.4
35.2269 -80.8433 1
City3245 35.2269 -80.8433 3.1
35.2303 -81.0428 1
City3246 35.2303 -81.0428 4.3
35.2311 -94.4778 1
City3247 35.2311 -94.4778 3.4
35.2317 -91.6675 1
City3248 35.2317 -91.6675 3.1
35.2325 -100.5994 1
City3249 35.2325 -100.5994 2.8
35.2333 -82.7344 1
City3250 35.2333 -82.7344 2.8
35.2336 -88.6064 1
City3251 35.2336 -88.6064 4.0
35.2339 -92.3875 1
City3252 35.2339 -92.3875 4.2
35.2353 -81.5147 1
City3253 35.2353 -81.5147 2.6
35.2358 -88.3906 1
City3254 35.2358 -88.3906 4.0
35.2361 -82.3494 1
City3255 35.2361 -82.3494 2.9
35.2361 -85.1986 1
City3256 35.2361 -85.1986 3.7
35.2369 -97.4061 1
City3257 35.2369 -97.4061 2.6
35.2375 -96.2414 1
City3258 35.2375 -96.2414 4.3
35.2378 -106.6061 1
City3259 35.2378 -106.6061 3.2
35.2381 -118.9142 1
City3260 35.2381 -118.9142 3.3
35.2386 -81.0753 1
City3261 35.2386 -81.0753 3.6
35.2386 -106.6667 1
City3262 35.2386 -106.6667 3.5
35.2392 -94.4258 1
City3263 35.2392 -94.4258 3.2
35.2400 -85.8397 1
City3264 35.2400 -85.8397 3.3
35.2411 -94.6197 1
City3265 35.2411 -94.6197 3.9
35.2422 -87.3347 1
City3266 35.2422 -87.3347 2.8
35.2428 -102.4278 1
City3267 35.2428 -102.4278 4.3
35.2436 -89.3500 1
City3268 35.2436 -89.3500 4.2
35.2450 -81.3414 1
City3269 35.2450 -81.3414 3.0
35.2464 -92.9364 1
City3270 35.2464 -92.9364 4.2
35.2472 -97.5994 1
City3271 35.2472 -97.5994 2.7
35.2481 -93.0489 1
City3272 35.2481 -93.0489 3.4
35.2494 -112.1903 1
City3273 35.2494 -112.1903 2.6
35.2506 -91.7361 1
City3274 35.2506 -91.7361 4.2
35.2531 -82.1972 1
City3275 35.2531 -82.1972 2.6
35.2536 -95.1228 1
City3276 35.2536 -95.1228 3.1
35.2542 -82.7003 1
City3277 35.2542 -82.7003 4.0
35.2556 -79.3725 1
City3278 35.2556 -79.3725 2.8
35.2556 -94.9214 1
City3279 35.2556 -94.9214 4.2
35.2561 -79.2825 1
City3280 35.2561 -79.2825 3.0
35.2561 -88.9878 1
City3281 35.2561 -88.9878 2.6
35.2561 -91.2000 1
City3282 35.2561 -91.2000 2.6
35.2569 -78.3525 1
City3283 35.2569 -78.3525 2.9
35.2578 -96.9364 1
City3284 35.2578 -96.9364 3.2
35.2592 -81.0756 1
City3285 35.2592 -81.0756 2.7
35.2597 -80.4256 1
City3286 35.2597 -80.4256 2.8
35.2597 -118.9133 1
City3287 35.2597 -118.9133 3.3
35.2603 -85.7361 1
City3288 35.2603 -85.7361 2.6
35.2606 -97.1194 1
City3289 35.2606 -97.1194 4.1
35.2619 -81.1875 1
City3290 35.2619 -81.1875 3.8
35.2625 -77.5819 1
City3291 35.2625 -77.5819 3.8
35.2633 -90.5711 1
City3292 35.2633 -90.5711 3.9
35.2678 -81.1031 1
City3293 35.2678 -81.1031 2.6
35.2700 -91.6397 1
City3294 35.2700 -91.6397 2.9
35.2706 -86.1281 1
City3295 35.2706 -86.1281 4.2
35.2722 -81.0483 1
City3296 35.2722 -81.0483 4.1
35.2747 -81.2103 1
City3297 35.2747 -81.2103 3.8
35.2750 -90.4667 1
City3298 35.2750 -90.4667 3.6
35.2767 -99.1347 1
City3299 35.2767 -99.1347 2.6
35.2783 -93.1336 1
City3300 35.2783 -93.1336 3.9
35.2800 -82.4222 1
City3301 35.2800 -82.4222 3.9
35.2822 -91.3653 1
City3302 35.2822 -91.3653 4.0
35.2828 -120.6586 1
City3303 35.2828 -120.6586 4.2
35.2831 -86.3742 1
City3304 35.2831 -86.3742 3.9
35.2847 -81.2842 1
City3305 35.2847 -81.2842 3.9
35.2861 -81.1306 1
City3306 35.2861 -81.1306 3.8
35.2872 -95.5822 1
City3307 35.2872 -95.5822 4.1
35.2889 -81.1450 1
City3308 35.2889 -81.1450 3.6
35.2908 -97.8119 1
City3309 35.2908 -97.8119 3.4
35.2911 -99.6397 1
City3310 35.2911 -99.6397 3.9
35.2919 -93.7297 1
City3311 35.2919 -93.7297 3.6
35.2922 -81.5358 1
City3312 35.2922 -81.5358 2.5
35.2928 -93.6344 1
City3313 35.2928 -93.6344 3.0
35.2950 -79.7456 1
City3314 35.2950 -79.7456 3.1
35.2964 -84.7481 1
City3315 35.2964 -84.7481 4.3
35.2969 -94.0361 1
City3316 35.2969 -94.0361 4.2
35.2981 -81.0161 1
City3317 35.2981 -81.0161 4.2
35.2983 -82.4833 1
City3318 35.2983 -82.4833 3.0
35.3000 -106.5506 1
City3319 35.3000 -106.5506 3.6
35.3053 -76.7889 1
City3320 35.3053 -76.7889 2.9
35.3061 -78.6092 1
City3321 35.3061 -78.6092 3.8
35.3067 -77.7883 1
City3322 35.3067 -77.7883 4.4
35.3083 -77.1544 1
City3323 35.3083 -77.1544 4.2
35.3089 -98.3417 1
City3324 35.3089 -98.3417 2.6
35.3097 -91.5678 1
City3325 35.3097 -91.5678 2.9
35.3106 -81.8589 1
City3326 35.3106 -81.8589 3.1
35.3111 -82.4442 1
City3327 35.3111 -82.4442 4.3
35.3128 -97.9442 1
City3328 35.3128 -97.9442 2.9
35.3164 -81.1764 1
City3329 35.3164 -81.1764 3.3
35.3186 -82.4611 1
City3330 35.3186 -82.4611 3.2
35.3194 -87.7622 1
City3331 35.3194 -87.7622 2.5
35.3228 -83.8075 1
City3332 35.3228 -83.8075 3.2
35.3233 -84.5250 1
City3333 35.3233 -84.5250 2.9
35.3236 -80.6561 1
City3334 35.3236 -80.6561 2.9
35.3236 -87.3036 1
City3335 35.3236 -87.3036 4.1
35.3256 -94.3014 1
City3336 35.3256 -94.3014 2.6
35.3258 -89.6161 1
City3337 35.3258 -89.6161 2.7
35.3264 -89.1494 1
City3338 35.3264 -89.1494 3.0
35.3267 -78.6764 1
City3339 35.3267 -78.6764 3.5
35.3272 -96.9250 1
City3340 35.3272 -96.9250 4.0
35.3289 -81.7589 1
City3341 35.3289 -81.7589 2.8
35.3289 -93.2528 1
City3342 35.3289 -93.2528 3.6
35.3339 -81.8653 1
City3343 35.3339 -81.8653 3.7
35.3356 -96.1361 1
City3344 35.3356 -96.1361 3.1
35.3361 -94.1731 1
City3345 35.3361 -94.1731 3.9
35.3375 -85.7042 1
City3346 35.3375 -85.7042 2.9
35.3394 -97.4864 1
City3347 35.3394 -97.4864 2.7
35.3414 -89.8972 1
City3348 35.3414 -89.8972 3.2
35.3425 -77.9089 1
City3349 35.3425 -77.9089 2.8
35.3458 -79.4172 1
City3350 35.3458 -79.4172 4.1
35.3464 -82.4722 1
City3351 35.3464 -82.4722 3.6
35.3489 -99.1700 1
City3352 35.3489 -99.1700 3.0
35.3500 -80.2003 1
City3353 35.3500 -80.2003 3.6
35.3511 -85.5678 1
City3354 35.3511 -85.5678 2.7
35.3544 -94.4339 1
City3355 35.3544 -94.4339 2.9
35.3561 -95.2653 1
City3356 35.3561 -95.2653 3.0
35.3575 -78.0061 1
City3357 35.3575 -78.0061 3.1
35.3583 -79.8947 1
City3358 35.3583 -79.8947 2.8
35.3589 -81.0972 1
City3359 35.3589 -81.0972 3.8
35.3597 -79.7800 1
City3360 35.3597 -79.7800 2.8
35.3600 -81.9294 1
City3361 35.3600 -81.9294 4.0
35.3614 -86.8397 1
City3362 35.3614 -86.8397 3.7
35.3619 -86.2094 1
City3363 35.3619 -86.2094 3.6
35.3628 -84.2942 1
City3364 35.3628 -84.2942 2.8
35.3653 -103.4103 1
City3365 35.3653 -103.4103 2.7
35.3658 -120.8489 1
City3366 35.3658 -120.8489 2.9
35.3692 -81.9569 1
City3367 35.3692 -81.9569 4.4
35.3694 -82.4931 1
City3368 35.3694 -82.4931 3.6
35.3714 -85.3906 1
City3369 35.3714 -85.3906 4.2
35.3725 -77.4378 1
City3370 35.3725 -77.4378 3.8
35.3733 -119.0178 1
City3371 35.3733 -119.0178 2.7
35.3736 -83.2261 1
City3372 35.3736 -83.2261 3.3
35.3781 -98.7817 1
City3373 35.3781 -98.7817 3.0
35.3786 -81.3792 1
City3374 35.3786 -81.3792 4.1
35.3797 -90.2578 1
City3375 35.3797 -90.2578 4.1
35.3819 -78.5489 1
City3376 35.3819 -78.5489 3.2
35.3833 -119.1089 1
City3377 35.3833 -119.1089 2.5
35.3842 -92.2156 1
City3378 35.3842 -92.2156 3.1
35.3842 -97.7242 1
City3379 35.3842 -97.7242 3.5
35.3847 -77.9931 1
City3380 35.3847 -77.9931 2.7
35.3858 -94.3983 1
City3381 35.3858 -94.3983 4.0
35.3869 -87.9953 1
City3382 35.3869 -87.9953 3.2
35.3878 -80.5958 1
City3383 35.3878 -80.5958 4.0
35.3917 -97.9411 1
City3384 35.3917 -97.9411 3.4
35.3992 -78.8161 1
City3385 35.3992 -78.8161 3.7
35.4006 -119.4686 1
City3386 35.4006 -119.4686 3.4
35.4014 -93.1142 1
City3387 35.4014 -93.1142 3.7
35.4019 -79.7844 1
City3388 35.4019 -79.7844 2.6
35.4019 -90.7531 1
City3389 35.4019 -90.7531 3.1
35.4019 -97.4811 1
City3390 35.4019 -97.4811 3.5
35.4025 -81.2025 1
City3391 35.4025 -81.2025 2.9
35.4025 -108.2228 1
City3392 35.4025 -108.2228 2.8
35.4058 -80.1169 1
City3393 35.4058 -80.1169 3.0
35.4061 -94.5986 1
City3394 35.4061 -94.5986 4.0
35.4078 -78.6722 1
City3395 35.4078 -78.6722 3.9
35.4106 -80.8431 1
City3396 35.4106 -80.8431 3.6
35.4117 -90.2783 1
City3397 35.4117 -90.2783 4.3
35.4119 -99.4039 1
City3398 35.4119 -99.4039 3.7
35.4131 -78.7358 1
City3399 35.4131 -78.7358 3.8
35.4133 -78.0711 1
City3400 35.4133 -78.0711 3.7
35.4175 -81.6431 1
City3401 35.4175 -81.6431 2.7
35.4197 -119.0203 1
City3402 35.4197 -119.0203 3.8
35.4211 -94.5144 1
City3403 35.4211 -94.5144 2.8
35.4219 -99.2792 1
City3404 35.4219 -99.2792 3.3
35.4231 -91.4558 1
City3405 35.4231 -91.4558 4.1
35.4244 -84.4875 1
City3406 35.4244 -84.4875 3.3
35.4267 -91.8367 1
City3407 35.4267 -91.8367 3.0
35.4286 -79.4933 1
City3408 35.4286 -79.4933 2.8
35.4289 -81.5017 1
City3409 35.4289 -81.5017 4.0
35.4294 -85.7231 1
City3410 35.4294 -85.7231 2.8
35.4303 -94.2314 1
City3411 35.4303 -94.2314 3.4
35.4308 -83.4475 1
City3412 35.4308 -83.4475 3.7
35.4325 -93.6153 1
City3413 35.4325 -93.6153 3.5
35.4325 -96.3047 1
City3414 35.4325 -96.3047 3.1
35.4339 -79.5872 1
City3415 35.4339 -79.5872 3.7
35.4339 -106.4461 1
City3416 35.4339 -106.4461 4.2
35.4342 -80.6208 1
City3417 35.4342 -80.6208 2.8
35.4353 -101.1725 1
City3418 35.4353 -101.1725 4.4
35.4358 -97.0911 1
City3419 35.4358 -97.0911 2.6
35.4364 -100.8053 1
City3420 35.4364 -100.8053 3.9
35.4367 -94.3481 1
City3421 35.4367 -94.3481 3.7
35.4372 -93.6728 1
City3422 35.4372 -93.6728 3.3
35.4392 -88.6414 1
City3423 35.4392 -88.6414 2.7
35.4397 -95.9817 1
City3424 35.4397 -95.9817 3.1
35.4406 -93.3878 1
City3425 35.4406 -93.3878 3.5
35.4411 -89.7781 1
City3426 35.4411 -89.7781 3.2
35.4419 -97.4406 1
City3427 35.4419 -97.4406 3.5
35.4428 -84.5931 1
City3428 35.4428 -84.5931 4.2
35.4428 -120.8911 1
City3429 35.4428 -120.8911 4.2
35.4447 -78.4272 1
City3430 35.4447 -78.4272 3.7
35.4453 -100.2706 1
City3431 35.4453 -100.2706 2.7
35.4469 -85.0844 1
City3432 35.4469 -85.0844 2.9
35.4492 -86.7889 1
City3433 35.4492 -86.7889 3.1
35.4492 -89.8150 1
City3434 35.4492 -89.8150 3.5
35.4494 -97.3964 1
City3435 35.4494 -97.3964 3.9
35.4581 -95.9411 1
City3436 35.4581 -95.9411 3.2
35.4603 -94.7872 1
City3437 35.4603 -94.7872 4.1
35.4622 -89.4019 1
City3438 35.4622 -89.4019 3.3
35.4639 -81.5219 1
City3439 35.4639 -81.5219 4.2
35.4658 -78.1608 1
City3440 35.4658 -78.1608 3.4
35.4667 -85.6542 1
City3441 35.4667 -85.6542 2.6
35.4675 -97.5161 1
City3442 35.4675 -97.5161 4.2
35.4686 -83.0042 1
City3443 35.4686 -83.0042 2.6
35.4700 -95.5228 1
City3444 35.4700 -95.5228 4.1
35.4714 -93.4664 1
City3445 35.4714 -93.4664 4.2
35.4714 -98.3553 1
City3446 35.4714 -98.3553 2.8
35.4725 -77.4158 1
City3447 35.4725 -77.4158 2.7
35.4736 -81.2547 1
City3448 35.4736 -81.2547 3.7
35.4778 -94.2217 1
City3449 35.4778 -94.2217 3.6
35.4797 -79.1806 1
City3450 35.4797 -79.1806 4.2
35.4817 -86.0886 1
City3451 35.4817 -86.0886 3.3
35.4833 -86.4603 1
City3452 35.4833 -86.4603 2.6
35.4867 -80.8603 1
City3453 35.4867 -80.8603 3.3
35.4867 -96.6847 1
City3454 35.4867 -96.6847 3.9
35.4869 -93.8275 1
City3455 35.4869 -93.8275 4.1
35.4872 -80.6219 1
City3456 35.4872 -80.6219 2.8
35.4886 -82.9889 1
City3457 35.4886 -82.9889 4.3
35.4894 -97.1633 1
City3458 35.4894 -97.1633 3.9
35.4894 -120.6697 1
City3459 35.4894 -120.6697 3.1
35.4900 -90.3586 1
City3460 35.4900 -90.3586 3.4
35.4911 -97.3228 1
City3461 35.4911 -97.3228 2.8
35.4914 -92.0311 1
City3462 35.4914 -92.0311 2.7
35.4922 -94.1375 1
City3463 35.4922 -94.1375 3.7
35.4939 -85.0125 1
City3464 35.4939 -85.0125 2.8
35.4942 -95.3053 1
City3465 35.4942 -95.3053 3.6
35.4969 -77.9822 1
City3466 35.4969 -77.9822 2.9
35.4975 -97.2686 1
City3467 35.4975 -97.2686 4.2
35.4983 -94.9694 1
City3468 35.4983 -94.9694 2.6
35.4992 -80.8489 1
City3469 35.4992 -80.8489 3.3
35.5006 -94.0514 1
City3470 35.5006 -94.0514 3.3
35.5033 -96.9025 1
City3471 35.5033 -96.9025 3.4
35.5042 -97.4458 1
City3472 35.5042 -97.4458 4.2
35.5067 -97.7622 1
City3473 35.5067 -97.7622 3.0
35.5069 -78.7394 1
City3474 35.5069 -78.7394 3.3
35.5078 -90.1469 1
City3475 35.5078 -90.1469 3.3
35.5083 -78.3397 1
City3476 35.5083 -78.3397 2.9
35.5125 -77.1008 1
City3477 35.5125 -77.1008 2.5
35.5133 -84.5453 1
City3478 35.5133 -84.5453 3.9
35.5147 -84.7903 1
City3479 35.5147 -84.7903 3.5
35.5147 -106.3653 1
City3480 35.5147 -106.3653 4.2
35.5150 -88.2453 1
City3481 35.5150 -88.2453 2.6
35.5156 -98.9669 1
City3482 35.5156 -98.9669 4.3
35.5186 -97.6319 1
City3483 35.5186 -97.6319 3.8
35.5197 -84.3636 1
City3484 35.5197 -84.3636 3.1
35.5225 -97.6186 1
City3485 35.5225 -97.6186 4.0
35.5228 -97.3769 1
City3486 35.5228 -97.3769 3.4
35.5261 -98.7072 1
City3487 35.5261 -98.7072 3.1
35.5272 -86.3336 1
City3488 35.5272 -86.3336 3.2
35.5281 -108.7419 1
City3489 35.5281 -108.7419 4.2
35.5289 -77.4014 1
City3490 35.5289 -77.4014 3.1
35.5297 -80.6683 1
City3491 35.5297 -80.6683 3.5
35.5322 -97.9547 1
City3492 35.5322 -97.9547 4.2
35.5325 -77.0328 1
City3493 35.5325 -77.0328 4.2
35.5328 -82.8375 1
City3494 35.5328 -82.8375 3.0
35.5328 -90.4206 1
City3495 35.5328 -90.4206 3.9
35.5333 -82.9108 1
City3496 35.5333 -82.9108 2.7
35.5336 -82.5286 1
City3497 35.5336 -82.5286 3.3
35.5361 -100.9594 1
City3498 35.5361 -100.9594 3.4
35.5364 -78.2847 1
City3499 35.5364 -78.2847 4.0
35.5400 -76.6233 1
City3500 35.5400 -76.6233 3.4
35.5453 -77.9750 1
City3501 35.5453 -77.9750 3.4
35.5456 -80.6111 1
City3502 35.5456 -80.6111 3.0
35.5464 -77.0525 1
City3503 35.5464 -77.0525 3.6
35.5478 -87.5519 1
City3504 35.5478 -87.5519 4.2
35.5494 -98.5778 1
City3505 35.5494 -98.5778 4.3
35.5497 -82.6503 1
City3506 35.5497 -82.6503 2.7
35.5508 -97.5486 1
City3507 35.5508 -97.5486 4.0
35.5511 -80.4067 1
City3508 35.5511 -80.4067 3.3
35.5608 -97.5511 1
City3509 35.5608 -97.5511 3.4
35.5642 -89.6464 1
City3510 35.5642 -89.6464 3.8
35.5642 -90.7167 1
City3511 35.5642 -90.7167 4.2
35.5642 -121.0797 1
City3512 35.5642 -121.0797 2.9
35.5658 -97.2867 1
City3513 35.5658 -97.2867 2.7
35.5692 -80.5819 1
City3514 35.5692 -80.5819 3.8
35.5742 -105.6744 1
City3515 35.5742 -105.6744 3.8
35.5753 -101.1839 1
City3516 35.5753 -101.1839 4.3
35.5756 -81.2119 1
City3517 35.5756 -81.2119 2.8
35.5778 -98.9642 1
City3518 35.5778 -98.9642 3.0
35.5842 -78.8003 1
City3519 35.5842 -78.8003 4.0
35.5842 -88.1194 1
City3520 35.5842 -88.1194 3.4
35.5847 -80.8103 1
City3521 35.5847 -80.8103 3.7
35.5869 -80.4631 1
City3522 35.5869 -80.4631 3.9
35.5881 -118.4911 1
City3523 35.5881 -118.4911 4.2
35.5900 -84.2419 1
City3524 35.5900 -84.2419 4.1
35.5914 -92.4603 1
City3525 35.5914 -92.4603 3.5
35.5942 -119.3400 1
City3526 35.5942 -119.3400 2.8
35.5961 -78.1244 1
City3527 35.5961 -78.1244 3.1
35.5978 -82.4000 1
City3528 35.5978 -82.4000 2.7
35.6008 -82.5542 1
City3529 35.6008 -82.5542 3.6
35.6014 -84.4611 1
City3530 35.6014 -84.4611 2.5
35.6028 -85.9197 1
City3531 35.6028 -85.9197 3.0
35.6056 -85.1889 1
City3532 35.6056 -85.1889 3.9
35.6067 -77.8236 1
City3533 35.6067 -77.8236 2.8
35.6075 -95.8600 1
City3534 35.6075 -95.8600 3.4
35.6081 -96.8208 1
City3535 35.6081 -96.8208 3.1
35.6092 -118.4828 1
City3536 35.6092 -118.4828 3.8
35.6111 -77.3731 1
City3537 35.6111 -77.3731 2.8
35.6111 -90.3297 1
City3538 35.6111 -90.3297 3.3
35.6122 -80.4469 1
City3539 35.6122 -80.4469 2.7
35.6139 -99.6711 1
City3540 35.6139 -99.6711 3.4
35.6139 -106.7253 1
City3541 35.6139 -106.7253 3.6
35.6144 -88.8139 1
City3542 35.6144 -88.8139 3.5
35.6150 -87.0353 1
City3543 35.6150 -87.0353 4.0
35.6172 -87.8394 1
City3544 35.6172 -87.8394 3.1
35.6178 -82.3214 1
City3545 35.6178 -82.3214 4.1
35.6203 -90.8983 1
City3546 35.6203 -90.8983 3.3
35.6225 -117.6700 1
City3547 35.6225 -117.6700 3.5
35.6233 -95.9603 1
City3548 35.6233 -95.9603 3.7
35.6289 -82.1808 1
City3549 35.6289 -82.1808 2.9
35.6311 -98.3169 1
City3550 35.6311 -98.3169 3.2
35.6328 -99.3814 1
City3551 35.6328 -99.3814 3.8
35.6333 -80.1161 1
City3552 35.6333 -80.1161 3.2
35.6333 -82.5822 1
City3553 35.6333 -82.5822 2.9
35.6350 -77.9333 1
City3554 35.6350 -77.9333 4.2
35.6356 -94.1672 1
City3555 35.6356 -94.1672 3.9
35.6361 -83.3778 1
City3556 35.6361 -83.3778 3.7
35.6383 -91.2650 1
City3557 35.6383 -91.2650 2.9
35.6397 -101.6028 1
City3558 35.6397 -101.6028 2.6
35.6419 -97.7461 1
City3559 35.6419 -97.7461 3.9
35.6442 -82.3031 1
City3560 35.6442 -82.3031 3.6
35.6453 -78.0100 1
City3561 35.6453 -78.0100 3.3
35.6486 -95.6558 1
City3562 35.6486 -95.6558 3.8
35.6497 -88.1267 1
City3563 35.6497 -88.1267 3.3
35.6497 -91.0739 1
City3564 35.6497 -91.0739 3.8
35.6506 -78.4567 1
City3565 35.6506 -78.4567 4.1
35.6508 -88.3933 1
City3566 35.6508 -88.3933 4.0
35.6508 -117.6608 1
City3567 35.6508 -117.6608 3.7
35.6528 -97.4778 1
City3568 35.6528 -97.4778 2.8
35.6578 -82.0256 1
City3569 35.6578 -82.0256 4.3
35.6611 -84.1722 1
City3570 35.6611 -84.1722 3.2
35.6617 -97.1953 1
City3571 35.6617 -97.1953 3.6
35.6650 -98.8828 1
City3572 35.6650 -98.8828 3.3
35.6678 -101.3969 1
City3573 35.6678 -101.3969 4.3
35.6697 -81.2217 1
City3574 35.6697 -81.2217 3.5
35.6708 -80.4744 1
City3575 35.6708 -80.4744 3.1
35.6728 -89.5733 1
City3576 35.6728 -89.5733 3.4
35.6736 -90.5072 1
City3577 35.6736 -90.5072 3.3
35.6744 -90.0997 1
City3578 35.6744 -90.0997 4.4
35.6781 -108.1506 1
City3579 35.6781 -108.1506 4.4
35.6781 -119.2283 1
City3580 35.6781 -119.2283 3.0
35.6806 -109.0519 1
City3581 35.6806 -109.0519 3.3
35.6817 -80.4325 1
City3582 35.6817 -80.4325 4.0
35.6839 -82.0094 1
City3583 35.6839 -82.0094 4.0
35.6842 -81.9919 1
City3584 35.6842 -81.9919 4.3
35.6869 -105.9372 1
City3585 35.6869 -105.9372 3.4
35.6914 -100.6378 1
City3586 35.6914 -100.6378 3.5
35.6919 -84.8608 1
City3587 35.6919 -84.8608 3.9
35.6922 -80.4350 1
City3588 35.6922 -80.4350 2.9
35.6942 -97.0631 1
City3589 35.6942 -97.0631 4.0
35.6969 -82.5608 1
City3590 35.6969 -82.5608 2.9
35.7006 -80.8883 1
City3591 35.7006 -80.8883 3.6
35.7017 -91.4414 1
City3592 35.7017 -91.4414 3.1
35.7017 -96.8806 1
City3593 35.7017 -96.8806 3.9
35.7044 -82.0361 1
City3594 35.7044 -82.0361 2.9
35.7047 -96.7650 1
City3595 35.7047 -96.7650 2.9
35.7050 -89.9694 1
City3596 35.7050 -89.9694 3.3
35.7064 -81.2189 1
City3597 35.7064 -81.2189 3.8
35.7069 -118.4553 1
City3598 35.7069 -118.4553 2.9
35.7072 -81.0758 1
City3599 35.7072 -81.0758 4.3
35.7078 -79.8139 1
City3600 35.7078 -79.8139 2.9
35.7111 -78.6144 1
City3601 35.7111 -78.6144 2.6
35.7111 -89.0875 1
City3602 35.7111 -89.0875 4.0
35.7139 -81.4222 1
City3603 35.7139 -81.4222 2.7
35.7142 -83.5103 1
City3604 35.7142 -83.5103 4.1
35.7144 -81.1464 1
City3605 35.7144 -81.1464 3.3
35.7200 -79.1775 1
City3606 35.7200 -79.1775 2.7
35.7233 -79.4625 1
City3607 35.7233 -79.4625 4.0
35.7258 -97.9761 1
City3608 35.7258 -97.9761 3.0
35.7272 -81.4708 1
City3609 35.7272 -81.4708 3.6
35.7289 -81.4000 1
City3610 35.7289 -81.4000 3.6
35.7289 -81.7794 1
City3611 35.7289 -81.7794 2.6
35.7292 -118.5486 1
City3612 35.7292 -118.5486 2.6
35.7306 -91.1983 1
City3613 35.7306 -91.1983 2.8
35.7319 -105.1511 1
City3614 35.7319 -105.1511 4.2
35.7325 -78.8506 1
City3615 35.7325 -78.8506 2.6
35.7328 -84.3339 1
City3616 35.7328 -84.3339 4.0
35.7331 -80.6772 1
City3617 35.7331 -80.6772 3.0
35.7333 -79.6528 1
City3618 35.7333 -79.6528 3.4
35.7406 -81.5633 1
City3619 35.7406 -81.5633 3.1
35.7422 -90.5622 1
City3620 35.7422 -90.5622 3.6
35.7425 -96.0700 1
City3621 35.7425 -96.0700 4.4
35.7436 -79.6925 1
City3622 35.7436 -79.6925 4.2
35.7442 -98.7472 1
City3623 35.7442 -98.7472 3.2
35.7444 -109.0758 1
City3624 35.7444 -109.0758 3.6
35.7453 -81.6850 1
City3625 35.7453 -81.6850 3.7
35.7453 -89.5297 1
City3626 35.7453 -89.5297 2.5
35.7472 -85.4667 1
City3627 35.7472 -85.4667 4.1
35.7478 -95.3694 1
City3628 35.7478 -95.3694 3.4
35.7486 -96.6578 1
City3629 35.7486 -96.6578 3.2
35.7519 -77.6703 1
City3630 35.7519 -77.6703 2.5
35.7547 -118.4244 1
City3631 35.7547 -118.4244 3.0
35.7561 -89.9281 1
City3632 35.7561 -89.9281 2.6
35.7564 -83.9706 1
City3633 35.7564 -83.9706 2.9
35.7578 -81.6044 1
City3634 35.7578 -81.6044 4.3
35.7581 -90.3222 1
City3635 35.7581 -90.3222 3.0
35.7603 -84.1358 1
City3636 35.7603 -84.1358 3.9
35.7636 -105.9319 1
City3637 35.7636 -105.9319 4.2
35.7689 -119.2461 1
City3638 35.7689 -119.2461 2.9
35.7697 -91.6408 1
City3639 35.7697 -91.6408 4.0
35.7719 -78.6389 1
City3640 35.7719 -78.6389 3.8
35.7719 -87.7839 1
City3641 35.7719 -87.7839 2.7
35.7739 -81.4314 1
City3642 35.7739 -81.4314 2.8
35.7758 -88.9900 1
City3643 35.7758 -88.9900 3.4
35.7808 -78.3700 1
City3644 35.7808 -78.3700 2.7
35.7825 -80.8875 1
City3645 35.7825 -80.8875 3.5
35.7847 -89.1172 1
City3646 35.7847 -89.1172 2.5
35.7875 -78.4808 1
City3647 35.7875 -78.4808 2.6
35.7883 -77.6381 1
City3648 35.7883 -77.6381 4.4
35.7883 -83.5544 1
City3649 35.7883 -83.5544 3.7
35.7894 -83.9739 1
City3650 35.7894 -83.9739 4.4
35.7900 -78.2042 1
City3651 35.7900 -78.2042 4.3
35.7914 -78.7814 1
City3652 35.7914 -78.7814 2.6
35.7950 -83.9319 1
City3653 35.7950 -83.9319 3.1
35.7964 -81.4308 1
City3654 35.7964 -81.4308 3.5
35.7967 -119.1069 1
City3655 35.7967 -119.1069 3.3
35.7972 -82.6842 1
City3656 35.7972 -82.6842 3.4
35.7972 -84.2561 1
City3657 35.7972 -84.2561 3.1
35.7975 -95.2503 1
City3658 35.7975 -95.2503 4.2
35.7981 -97.6783 1
City3659 35.7981 -97.6783 3.9
35.8028 -88.7747 1
City3660 35.8028 -88.7747 2.9
35.8028 -96.5058 1
City3661 35.8028 -96.5058 3.1
35.8064 -77.8636 1
City3662 35.8064 -77.8636 2.8
35.8083 -97.0125 1
City3663 35.8083 -97.0125 3.8
35.8103 -80.5561 1
City3664 35.8103 -80.5561 3.8
35.8111 -76.8969 1
City3665 35.8111 -76.8969 3.0
35.8144 -94.6283 1
City3666 35.8144 -94.6283 3.8
35.8147 -89.2256 1
City3667 35.8147 -89.2256 4.1
35.8161 -90.4342 1
City3668 35.8161 -90.4342 3.4
35.8178 -79.8033 1
City3669 35.8178 -79.8033 3.8
35.8197 -88.9158 1
City3670 35.8197 -88.9158 3.8
35.8203 -95.6739 1
City3671 35.8203 -95.6739 3.9
35.8217 -91.1283 1
City3672 35.8217 -91.1283 3.4
35.8239 -77.2556 1
City3673 35.8239 -77.2556 2.6
35.8239 -80.2536 1
City3674 35.8239 -80.2536 3.0
35.8242 -78.3150 1
City3675 35.8242 -78.3150 3.1
35.8264 -82.5494 1
City3676 35.8264 -82.5494 2.5
35.8269 -101.4425 1
City3677 35.8269 -101.4425 3.2
35.8275 -83.9408 1
City3678 35.8275 -83.9408 4.1
35.8275 -86.0717 1
City3679 35.8275 -86.0717 4.4
35.8303 -92.5578 1
City3680 35.8303 -92.5578 3.0
35.8306 -96.3908 1
City3681 35.8306 -96.3908 3.8
35.8383 -89.4061 1
City3682 35.8383 -89.4061 2.6
35.8422 -90.7042 1
City3683 35.8422 -90.7042 2.8
35.8425 -75.6389 1
City3684 35.8425 -75.6389 4.0
35.8447 -98.4128 1
City3685 35.8447 -98.4128 2.9
35.8456 -86.3903 1
City3686 35.8456 -86.3903 3.4
35.8483 -81.4961 1
City3687 35.8483 -81.4961 4.4
35.8506 -95.3181 1
City3688 35.8506 -95.3181 3.4
35.8544 -77.0558 1
City3689 35.8544 -77.0558 3.4
35.8589 -108.7608 1
City3690 35.8589 -108.7608 4.1
35.8614 -97.9314 1
City3691 35.8614 -97.9314 4.1
35.8656 -84.6850 1
City3692 35.8656 -84.6850 3.5
35.8656 -101.9728 1
City3693 35.8656 -101.9728 2.5
35.8667 -76.7489 1
City3694 35.8667 -76.7489 4.3
35.8669 -77.8294 1
City3695 35.8669 -77.8294 3.3
35.8681 -83.5619 1
City3696 35.8681 -83.5619 2.8
35.8683 -92.1175 1
City3697 35.8683 -92.1175 3.6
35.8708 -95.5222 1
City3698 35.8708 -95.5222 4.2
35.8728 -91.7539 1
City3699 35.8728 -91.7539 3.9
35.8756 -89.3961 1
City3700 35.8756 -89.3961 4.2
35.8764 -96.0608 1
City3701 35.8764 -96.0608 3.1
35.8778 -76.6156 1
City3702 35.8778 -76.6156 3.7
35.8789 -97.4250 1
City3703 35.8789 -97.4250 3.8
35.8800 -90.1669 1
City3704 35.8800 -90.1669 4.3
35.8808 -84.5086 1
City3705 35.8808 -84.5086 3.5
35.8825 -80.0822 1
City3706 35.8825 -80.0822 2.8
35.8842 -119.2714 1
City3707 35.8842 -119.2714 2.6
35.8894 -77.5325 1
City3708 35.8894 -77.5325 3.0
35.8906 -90.3442 1
City3709 35.8906 -90.3442 3.5
35.8922 -82.8292 1
City3710 35.8922 -82.8292 3.9
35.8922 -90.4525 1
City3711 35.8922 -90.4525 4.0
35.8939 -80.5617 1
City3712 35.8939 -80.5617 4.0
35.8967 -77.5361 1
City3713 35.8967 -77.5361 3.1
35.9000 -90.5819 1
City3714 35.9000 -90.5819 2.6
35.9028 -80.2572 1
City3715 35.9028 -80.2572 2.7
35.9081 -75.6761 1
City3716 35.9081 -75.6761 3.8
35.9089 -92.6311 1
City3717 35.9089 -92.6311 3.3
35.9092 -84.8781 1
City3718 35.9092 -84.8781 3.3
35.9100 -79.0756 1
City3719 35.9100 -79.0756 3.4
35.9128 -100.3817 1
City3720 35.9128 -100.3817 4.2
35.9139 -81.5392 1
City3721 35.9139 -81.5392 3.3
35.9153 -82.0647 1
City3722 35.9153 -82.0647 2.9
35.9153 -94.9697 1
City3723 35.9153 -94.9697 3.3
35.9175 -76.2525 1
City3724 35.9175 -76.2525 3.9
35.9197 -88.7589 1
City3725 35.9197 -88.7589 4.3
35.9217 -81.1767 1
City3726 35.9217 -81.1767 2.6
35.9242 -94.1883 1
City3727 35.9242 -94.1883 2.6
35.9250 -86.8689 1
City3728 35.9250 -86.8689 4.0
35.9258 -85.4642 1
City3729 35.9258 -85.4642 4.2
35.9272 -89.9189 1
City3730 35.9272 -89.9189 2.9
35.9325 -95.1411 1
City3731 35.9325 -95.1411 2.8
35.9339 -84.5525 1
City3732 35.9339 -84.5525 4.2
35.9358 -90.2578 1
City3733 35.9358 -90.2578 3.6
35.9381 -77.7908 1
City3734 35.9381 -77.7908 4.3
35.9417 -91.5483 1
City3735 35.9417 -91.5483 2.9
35.9419 -95.8831 1
City3736 35.9419 -95.8831 2.7
35.9444 -77.2100 1
City3737 35.9444 -77.2100 2.8
35.9447 -96.0650 1
City3738 35.9447 -96.0650 3.5
35.9489 -85.0269 1
City3739 35.9489 -85.0269 3.1
35.9494 -94.4233 1
City3740 35.9494 -94.4233 3.8
35.9517 -95.6506 1
City3741 35.9517 -95.6506 4.0
35.9525 -97.5944 1
City3742 35.9525 -97.5944 3.3
35.9553 -96.0086 1
City3743 35.9553 -96.0086 3.3
35.9556 -80.0056 1
City3744 35.9556 -80.0056 3.0
35.9572 -75.6244 1
City3745 35.9572 -75.6244 4.4
35.9594 -95.3692 1
City3746 35.9594 -95.3692 2.7
35.9597 -89.9719 1
City3747 35.9597 -89.9719 3.0
35.9606 -83.9208 1
City3748 35.9606 -83.9208 3.5
35.9606 -85.8142 1
City3749 35.9606 -85.8142 3.6
35.9608 -78.2539 1
City3750 35.9608 -78.2539 2.7
35.9619 -79.7625 1
City3751 35.9619 -79.7625 3.0
35.9625 -119.0433 1
City3752 35.9625 -119.0433 3.9
35.9669 -83.1878 1
City3753 35.9669 -83.1878 3.4
35.9686 -119.2908 1
City3754 35.9686 -119.2908 3.1
35.9731 -88.6781 1
City3755 35.9731 -88.6781 3.4
35.9739 -97.0333 1
City3756 35.9739 -97.0333 3.0
35.9744 -77.9658 1
City3757 35.9744 -77.9658 3.5
35.9758 -94.3175 1
City3758 35.9758 -94.3175 2.9
35.9786 -114.8317 1
City3759 35.9786 -114.8317 2.6
35.9797 -78.5100 1
City3760 35.9797 -78.5100 3.8
35.9806 -88.9414 1
City3761 35.9806 -88.9414 3.8
35.9814 -97.9108 1
City3762 35.9814 -97.9108 4.0
35.9819 -84.1139 1
City3763 35.9819 -84.1139 3.4
35.9850 -96.7667 1
City3764 35.9850 -96.7667 3.3
35.9883 -96.6008 1
City3765 35.9883 -96.6008 2.6
35.9911 -106.0800 1
City3766 35.9911 -106.0800 3.1
35.9925 -94.5678 1
City3767 35.9925 -94.5678 4.4
35.9939 -78.8989 1
City3768 35.9939 -78.8989 3.7
35.9942 -79.9356 1
City3769 35.9942 -79.9356 2.6
35.9942 -94.1750 1
City3770 35.9942 -94.1750 3.7
35.9983 -76.9464 1
City3771 35.9983 -76.9464 3.2
35.9986 -96.1139 1
City3772 35.9986 -96.1139 3.1
36.0006 -88.4281 1
City3773 36.0006 -88.4281 2.8
36.0014 -94.0081 1
City3774 36.0014 -94.0081 3.4
36.0025 -105.9297 1
City3775 36.0025 -105.9297 2.7
36.0042 -120.1281 1
City3776 36.0042 -120.1281 4.1
36.0081 -93.1864 1
City3777 36.0081 -93.1864 3.9
36.0083 -119.9608 1
City3778 36.0083 -119.9608 2.8
36.0103 -84.2697 1
City3779 36.0103 -84.2697 3.9
36.0111 -77.8578 1
City3780 36.0111 -77.8578 3.3
36.0114 -88.6228 1
City3781 36.0114 -88.6228 2.8
36.0153 -83.4150 1
City3782 36.0153 -83.4150 3.4
36.0156 -86.5819 1
City3783 36.0156 -86.5819 2.6
36.0167 -101.8242 1
City3784 36.0167 -101.8242 4.1
36.0211 -87.9669 1
City3785 36.0211 -87.9669 2.8
36.0214 -80.3822 1
City3786 36.0214 -80.3822 3.7
36.0222 -106.9578 1
City3787 36.0222 -106.9578 4.0
36.0228 -95.9681 1
City3788 36.0228 -95.9681 2.5
36.0317 -84.0281 1
City3789 36.0317 -84.0281 3.0
36.0344 -89.3856 1
City3790 36.0344 -89.3856 3.2
36.0358 -89.4797 1
City3791 36.0358 -89.4797 3.8
36.0364 -78.8236 1
City3792 36.0364 -78.8236 3.6
36.0381 -88.2444 1
City3793 36.0381 -88.2444 2.7
36.0381 -88.2736 1
City3794 36.0381 -88.2736 3.9
36.0397 -114.9811 1
City3795 36.0397 -114.9811 2.8
36.0417 -90.1139 1
City3796 36.0417 -90.1139 3.6
36.0419 -94.2469 1
City3797 36.0419 -94.2469 2.8
36.0444 -84.3444 1
City3798 36.0444 -84.3444 3.4
36.0469 -90.2928 1
City3799 36.0469 -90.2928 4.0
36.0489 -77.7494 1
City3800 36.0489 -77.7494 4.3
36.0503 -90.9750 1
City3801 36.0503 -90.9750 2.9
36.0508 -90.2386 1
City3802 36.0508 -90.2386 2.8
36.0525 -95.7906 1
City3803 36.0525 -95.7906 3.5
36.0533 -87.3125 1
City3804 36.0533 -87.3125 3.7
36.0536 -98.5881 1
City3805 36.0536 -98.5881 2.9
36.0583 -90.5000 1
City3806 36.0583 -90.5000 4.0
36.0589 -88.0978 1
City3807 36.0589 -88.0978 2.6
36.0594 -91.9083 1
City3808 36.0594 -91.9083 3.8
36.0594 -102.5128 1
City3809 36.0594 -102.5128 3.9
36.0594 -119.3111 1
City3810 36.0594 -119.3111 3.7
36.0606 -76.6094 1
City3811 36.0606 -76.6094 4.3
36.0625 -94.1572 1
City3812 36.0625 -94.1572 3.1
36.0653 -119.0158 1
City3813 36.0653 -119.0158 4.1
36.0667 -88.9939 1
City3814 36.0667 -88.9939 3.4
36.0689 -79.4008 1
City3815 36.0689 -79.4008 3.0
36.0719 -84.1333 1
City3816 36.0719 -84.1333 3.3
36.0725 -79.7922 1
City3817 36.0725 -79.7922 4.2
36.0753 -79.1000 1
City3818 36.0753 -79.1000 3.7
36.0764 -88.8100 1
City3819 36.0764 -88.8100 3.9
36.0769 -87.3878 1
City3820 36.0769 -87.3878 4.0
36.0775 -86.0333 1
City3821 36.0775 -86.0333 2.5
36.0839 -87.7947 1
City3822 36.0839 -87.7947 2.5
36.0839 -89.8292 1
City3823 36.0839 -89.8292 3.4
36.0844 -96.5833 1
City3824 36.0844 -96.5833 3.3
36.0861 -93.7411 1
City3825 36.0861 -93.7411 3.4
36.0872 -81.9275 1
City3826 36.0872 -81.9275 2.8
36.0914 -79.3644 1
City3827 36.0914 -79.3644 3.0
36.0944 -115.0411 1
City3828 36.0944 -115.0411 2.8
36.0956 -79.4381 1
City3829 36.0956 -79.4381 3.2
36.0958 -79.2672 1
City3830 36.0958 -79.2672 2.6
36.0958 -84.4425 1
City3831 36.0958 -84.4425 4.0
36.0967 -81.1825 1
City3832 36.0967 -81.1825 3.7
36.0969 -80.4194 1
City3833 36.0969 -80.4194 3.4
36.0981 -119.5594 1
City3834 36.0981 -119.5594 3.2
36.0989 -78.3014 1
City3835 36.0989 -78.3014 3.8
36.0997 -80.2444 1
City3836 36.0997 -80.2444 4.2
36.1006 -87.0511 1
City3837 36.1006 -87.0511 4.3
36.1017 -78.4583 1
City3838 36.1017 -78.4583 2.5
36.1019 -87.1150 1
City3839 36.1019 -87.1150 4.3
36.1028 -79.5069 1
City3840 36.1028 -79.5069 2.6
36.1033 -84.1319 1
City3841 36.1033 -84.1319 3.0
36.1039 -83.5528 1
City3842 36.1039 -83.5528 3.7
36.1047 -84.5972 1
City3843 36.1047 -84.5972 3.1
36.1053 -77.7131 1
City3844 36.1053 -77.7131 2.8
36.1056 -79.5425 1
City3845 36.1056 -79.5425 2.8
36.1072 -79.6589 1
City3846 36.1072 -79.6589 2.6
36.1075 -83.2869 1
City3847 36.1075 -83.2869 3.7
36.1075 -87.2208 1
City3848 36.1075 -87.2208 3.9
36.1078 -87.6331 1
City3849 36.1078 -87.6331 2.8
36.1083 -91.0972 1
City3850 36.1083 -91.0972 3.9
36.1092 -97.8983 1
City3851 36.1092 -97.8983 4.2
36.1128 -89.2617 1
City3852 36.1128 -89.2617 2.6
36.1131 -79.4767 1
City3853 36.1131 -79.4767 3.9
36.1142 -96.6989 1
City3854 36.1142 -96.6989 4.3
36.1156 -97.0581 1
City3855 36.1156 -97.0581 3.9
36.1161 -98.3167 1
City3856 36.1161 -98.3167 3.0
36.1169 -86.7664 1
City3857 36.1169 -86.7664 4.0
36.1194 -92.1358 1
City3858 36.1194 -92.1358 4.3
36.1197 -80.0739 1
City3859 36.1197 -80.0739 4.3
36.1219 -79.4292 1
City3860 36.1219 -79.4292 2.7
36.1222 -78.6864 1
City3861 36.1222 -78.6864 2.9
36.1222 -83.4925 1
City3862 36.1222 -83.4925 4.0
36.1275 -88.9858 1
City3863 36.1275 -88.9858 3.4
36.1294 -77.4206 1
City3864 36.1294 -77.4206 3.4
36.1306 -82.4247 1
City3865 36.1306 -82.4247 3.5
36.1319 -78.7569 1
City3866 36.1319 -78.7569 3.4
36.1325 -88.5186 1
City3867 36.1325 -88.5186 3.2
36.1342 -90.1597 1
City3868 36.1342 -90.1597 3.5
36.1344 -80.6597 1
City3869 36.1344 -80.6597 4.0
36.1350 -81.6778 1
City3870 36.1350 -81.6778 3.7
36.1350 -111.2392 1
City3871 36.1350 -111.2392 4.1
36.1397 -96.1086 1
City3872 36.1397 -96.1086 2.5
36.1397 -120.3592 1
City3873 36.1397 -120.3592 4.2
36.1450 -82.4169 1
City3874 36.1450 -82.4169 2.7
36.1456 -119.0597 1
City3875 36.1456 -119.0597 3.6
36.1458 -81.1608 1
City3876 36.1458 -81.1608 3.2
36.1475 -85.2683 1
City3877 36.1475 -85.2683 3.6
36.1481 -98.9239 1
City3878 36.1481 -98.9239 3.4
36.1497 -99.2978 1
City3879 36.1497 -99.2978 3.8
36.1511 -95.5092 1
City3880 36.1511 -95.5092 4.0
36.1533 -88.8006 1
City3881 36.1533 -88.8006 3.5
36.1536 -85.6436 1
City3882 36.1536 -85.6436 3.5
36.1539 -95.9925 1
City3883 36.1539 -95.9925 2.6
36.1542 -83.7042 1
City3884 36.1542 -83.7042 2.8
36.1544 -109.5519 1
City3885 36.1544 -109.5519 4.4
36.1572 -81.9783 1
City3886 36.1572 -81.9783 3.4
36.1583 -81.1478 1
City3887 36.1583 -81.1478 3.6
36.1628 -85.5017 1
City3888 36.1628 -85.5017 3.7
36.1631 -81.8717 1
City3889 36.1631 -81.8717 3.7
36.1631 -82.8311 1
City3890 36.1631 -82.8311 2.8
36.1661 -94.8544 1
City3891 36.1661 -94.8544 2.6
36.1714 -81.1942 1
City3892 36.1714 -81.1942 2.7
36.1725 -85.9297 1
City3893 36.1725 -85.9297 3.4
36.1750 -115.1364 1
City3894 36.1750 -115.1364 3.9
36.1772 -87.3397 1
City3895 36.1772 -87.3397 3.7
36.1778 -94.2333 1
City3896 36.1778 -94.2333 3.8
36.1808 -77.6669 1
City3897 36.1808 -77.6669 3.3
36.1858 -95.3428 1
City3898 36.1858 -95.3428 3.3
36.1867 -94.1286 1
City3899 36.1867 -94.1286 3.6
36.1869 -90.3831 1
City3900 36.1869 -90.3831 3.6
36.1881 -94.5403 1
City3901 36.1881 -94.5403 4.0
36.1889 -95.7456 1
City3902 36.1889 -95.7456 3.9
36.1894 -82.9586 1
City3903 36.1894 -82.9586 2.6
36.1900 -76.4664 1
City3904 36.1900 -76.4664 4.2
36.1931 -89.6556 1
City3905 36.1931 -89.6556 2.9
36.1956 -84.0681 1
City3906 36.1956 -84.0681 3.7
36.1958 -85.4486 1
City3907 36.1958 -85.4486 3.7
36.1961 -82.0706 1
City3908 36.1961 -82.0706 3.7
36.1983 -81.1531 1
City3909 36.1983 -81.1531 3.3
36.1983 -101.1919 1
City3910 36.1983 -101.1919 3.3
36.1989 -115.1167 1
City3911 36.1989 -115.1167 3.6
36.2000 -86.5186 1
City3912 36.2000 -86.5186 3.9
36.2000 -95.1675 1
City3913 36.2000 -95.1675 3.1
36.2022 -80.2811 1
City3914 36.2022 -80.2811 2.6
36.2022 -89.0122 1
City3915 36.2022 -89.0122 4.3
36.2025 -91.1744 1
City3916 36.2025 -91.1744 3.3
36.2028 -120.1019 1
City3917 36.2028 -120.1019 3.8
36.2031 -89.1908 1
City3918 36.2031 -89.1908 3.8
36.2031 -119.0872 1
City3919 36.2031 -119.0872 2.5
36.2061 -94.2342 1
City3920 36.2061 -94.2342 2.7
36.2078 -119.3464 1
City3921 36.2078 -119.3464 2.5
36.2086 -79.9050 1
City3922 36.2086 -79.9050 3.8
36.2128 -121.1250 1
City3923 36.2128 -121.1250 2.7
36.2136 -88.6125 1
City3924 36.2136 -88.6125 2.5
36.2139 -83.2950 1
City3925 36.2139 -83.2950 4.2
36.2164 -80.5128 1
City3926 36.2164 -80.5128 3.6
36.2167 -81.6747 1
City3927 36.2167 -81.6747 2.8
36.2178 -84.1547 1
City3928 36.2178 -84.1547 2.9
36.2189 -76.4642 1
City3929 36.2189 -76.4642 3.5
36.2211 -91.9292 1
City3930 36.2211 -91.9292 3.3
36.2239 -91.6083 1
City3931 36.2239 -91.6083 3.0
36.2261 -92.6847 1
City3932 36.2261 -92.6847 3.9
36.2272 -80.8336 1
City3933 36.2272 -80.8336 3.2
36.2294 -77.1144 1
City3934 36.2294 -77.1144 3.9
36.2297 -93.1075 1
City3935 36.2297 -93.1075 4.0
36.2325 -80.7083 1
City3936 36.2325 -80.7083 2.5
36.2333 -88.8244 1
City3937 36.2333 -88.8244 3.5
36.2336 -89.7494 1
City3938 36.2336 -89.7494 4.3
36.2339 -89.7694 1
City3939 36.2339 -89.7694 2.6
36.2361 -90.0556 1
City3940 36.2361 -90.0556 3.3
36.2369 -79.9797 1
City3941 36.2369 -79.9797 3.8
36.2381 -96.3164 1
City3942 36.2381 -96.3164 3.7
36.2392 -80.8447 1
City3943 36.2392 -80.8447 2.8
36.2403 -80.2936 1
City3944 36.2403 -80.2936 4.0
36.2419 -85.9519 1
City3945 36.2419 -85.9519 3.4
36.2419 -95.9756 1
City3946 36.2419 -95.9756 4.3
36.2442 -80.8486 1
City3947 36.2442 -80.8486 2.6
36.2506 -83.7975 1
City3948 36.2506 -83.7975 3.7
36.2522 -85.9517 1
City3949 36.2522 -85.9517 3.6
36.2553 -94.1306 1
City3950 36.2553 -94.1306 2.7
36.2569 -83.0861 1
City3951 36.2569 -83.0861 4.1
36.2586 -83.1953 1
City3952 36.2586 -83.1953 3.7
36.2589 -89.1917 1
City3953 36.2589 -89.1917 2.7
36.2614 -90.9711 1
City3954 36.2614 -90.9711 2.8
36.2631 -90.2925 1
City3955 36.2631 -90.2925 2.5
36.2633 -89.4878 1
City3956 36.2633 -89.4878 3.8
36.2642 -94.6928 1
City3957 36.2642 -94.6928 2.8
36.2650 -101.4058 1
City3958 36.2650 -101.4058 4.3
36.2675 -94.4844 1
City3959 36.2675 -94.4844 4.3
36.2689 -98.4794 1
City3960 36.2689 -98.4794 4.2
36.2694 -95.8544 1
City3961 36.2694 -95.8544 3.7
36.2711 -92.5353 1
City3962 36.2711 -92.5353 3.0
36.2739 -77.2847 1
City3963 36.2739 -77.2847 2.6
36.2742 -87.0642 1
City3964 36.2742 -87.0642 2.8
36.2758 -99.8808 1
City3965 36.2758 -99.8808 4.3
36.2789 -92.5969 1
City3966 36.2789 -92.5969 3.6
36.2803 -97.8978 1
City3967 36.2803 -97.8978 3.9
36.2806 -80.3594 1
City3968 36.2806 -80.3594 4.3
36.2808 -83.5150 1
City3969 36.2808 -83.5150 3.4
36.2831 -92.4939 1
City3970 36.2831 -92.4939 4.1
36.2842 -82.1728 1
City3971 36.2842 -82.1728 3.6
36.2867 -76.9850 1
City3972 36.2867 -76.9850 3.8
36.2894 -97.2878 1
City3973 36.2894 -97.2878 3.2
36.2914 -88.7081 1
City3974 36.2914 -88.7081 3.6
36.2928 -95.1531 1
City3975 36.2928 -95.1531 2.5
36.2942 -82.4736 1
City3976 36.2942 -82.4736 3.7
36.2953 -80.1419 1
City3977 36.2953 -80.1419 2.9
36.2961 -119.1411 1
City3978 36.2961 -119.1411 2.7
36.2972 -95.9911 1
City3979 36.2972 -95.9911 3.3
36.2972 -97.0078 1
City3980 36.2972 -97.0078 3.4
36.2978 -119.2058 1
City3981 36.2978 -119.2058 2.6
36.2989 -84.2233 1
City3982 36.2989 -84.2233 4.0
36.3008 -119.7819 1
City3983 36.3008 -119.7819 4.2
36.3019 -76.2236 1
City3984 36.3019 -76.2236 4.3
36.3019 -88.3267 1
City3985 36.3019 -88.3267 3.0
36.3047 -86.6200 1
City3986 36.3047 -86.6200 2.8
36.3064 -82.1933 1
City3987 36.3064 -82.1933 3.5
36.3075 -97.5861 1
City3988 36.3075 -97.5861 3.0
36.3081 -78.4069 1
City3989 36.3081 -78.4069 3.2
36.3100 -96.4639 1
City3990 36.3100 -96.4639 3.4
36.3106 -78.5911 1
City3991 36.3106 -78.5911 2.6
36.3119 -87.7733 1
City3992 36.3119 -87.7733 2.9
36.3125 -95.6158 1
City3993 36.3125 -95.6158 3.0
36.3133 -82.3536 1
City3994 36.3133 -82.3536 4.2
36.3156 -99.7572 1
City3995 36.3156 -99.7572 2.8
36.3158 -91.4825 1
City3996 36.3158 -91.4825 3.6
36.3158 -119.7075 1
City3997 36.3158 -119.7075 2.8
36.3183 -87.6947 1
City3998 36.3183 -87.6947 2.9
36.3200 -90.6019 1
City3999 36.3200 -90.6019 3.7
36.3208 -121.2428 1
City4000 36.3208 -121.2428 3.2
36.3231 -86.7133 1
City4001 36.3231 -86.7133 2.7
36.3275 -119.6447 1
City4002 36.3275 -119.6447 2.6
36.3294 -78.3994 1
City4003 36.3294 -78.3994 2.9
36.3300 -84.1839 1
City4004 36.3300 -84.1839 2.7
36.3303 -119.2911 1
City4005 36.3303 -119.2911 2.7
36.3314 -77.2131 1
City4006 36.3314 -77.2131 3.0
36.3319 -94.1183 1
City4007 36.3319 -94.1183 4.1
36.3353 -93.4358 1
City4008 36.3353 -93.4358 4.0
36.3358 -94.4606 1
City4009 36.3358 -94.4606 3.6
36.3361 -102.0717 1
City4010 36.3361 -102.0717 3.2
36.3378 -96.8036 1
City4011 36.3378 -96.8036 2.9
36.3386 -89.1639 1
City4012 36.3386 -89.1639 3.9
36.3417 -78.3903 1
City4013 36.3417 -78.3903 4.1
36.3433 -88.8503 1
City4014 36.3433 -88.8503 3.8
36.3486 -82.2108 1
City4015 36.3486 -82.2108 2.6
36.3511 -119.4192 1
City4016 36.3511 -119.4192 4.2
36.3528 -109.6172 1
City4017 36.3528 -109.6172 3.1
36.3547 -79.6647 1
City4018 36.3547 -79.6647 3.0
36.3556 -85.6589 1
City4019 36.3556 -85.6589 3.0
36.3586 -105.6089 1
City4020 36.3586 -105.6089 3.9
36.3611 -104.5947 1
City4021 36.3611 -104.5947 3.1
36.3628 -90.7536 1
City4022 36.3628 -90.7536 2.8
36.3644 -95.8386 1
City4023 36.3644 -95.8386 4.1
36.3647 -93.5678 1
City4024 36.3647 -93.5678 2.9
36.3683 -96.0011 1
City4025 36.3683 -96.0011 4.2
36.3722 -82.2258 1
City4026 36.3722 -82.2258 2.9
36.3728 -94.2086 1
City4027 36.3728 -94.2086 3.1
36.3783 -89.4719 1
City4028 36.3783 -89.4719 3.1
36.3808 -84.8844 1
City4029 36.3808 -84.8844 2.8
36.3828 -84.1200 1
City4030 36.3828 -84.1200 3.1
36.3828 -90.1906 1
City4031 36.3828 -90.1906 4.0
36.3833 -85.3231 1
City4032 36.3833 -85.3231 2.7
36.3839 -92.5814 1
City4033 36.3839 -92.5814 4.0
36.3853 -79.9597 1
City4034 36.3853 -79.9597 2.6
36.3864 -80.4697 1
City4035 36.3864 -80.4697 3.7
36.3872 -119.2169 1
City4036 36.3872 -119.2169 4.3
36.3875 -98.0894 1
City4037 36.3875 -98.0894 2.5
36.3883 -86.4467 1
City4038 36.3883 -86.4467 4.0
36.3908 -86.1672 1
City4039 36.3908 -86.1672 2.6
36.3911 -95.0464 1
City4040 36.3911 -95.0464 3.2
36.3922 -82.4117 1
City4041 36.3922 -82.4117 4.4
36.3936 -78.9831 1
City4042 36.3936 -78.9831 2.7
36.3950 -86.7794 1
City4043 36.3950 -86.7794 3.1
36.3956 -76.9322 1
City4044 36.3956 -76.9322 2.8
36.3956 -80.7228 1
City4045 36.3956 -80.7228 4.2
36.3956 -97.8781 1
City4046 36.3956 -97.8781 3.2
36.3983 -78.1556 1
City4047 36.3983 -78.1556 3.8
36.3992 -90.0236 1
City4048 36.3992 -90.0236 3.9
36.4000 -100.8022 1
City4049 36.4000 -100.8022 2.6
36.4011 -93.7378 1
City4050 36.4011 -93.7378 3.3
36.4036 -81.4931 1
City4051 36.4036 -81.4931 3.2
36.4039 -79.3364 1
City4052 36.4039 -79.3364 3.6
36.4053 -98.4403 1
City4053 36.4053 -98.4403 3.6
36.4072 -83.0056 1
City4054 36.4072 -83.0056 4.1
36.4072 -105.5725 1
City4055 36.4072 -105.5725 3.2
36.4078 -90.5797 1
City4056 36.4078 -90.5797 4.3
36.4122 -79.9672 1
City4057 36.4122 -79.9672 4.2
36.4142 -96.3950 1
City4058 36.4142 -96.3950 4.2
36.4158 -77.6033 1
City4059 36.4158 -77.6033 3.8
36.4169 -109.2281 1
City4060 36.4169 -109.2281 2.6
36.4181 -82.6239 1
City4061 36.4181 -82.6239 4.1
36.4197 -82.4767 1
City4062 36.4197 -82.4767 3.6
36.4203 -81.4736 1
City4063 36.4203 -81.4736 3.0
36.4211 -94.7967 1
City4064 36.4211 -94.7967 2.7
36.4219 -94.4533 1
City4065 36.4219 -94.4533 3.6
36.4242 -89.0569 1
City4066 36.4242 -89.0569 3.8
36.4247 -121.3253 1
City4067 36.4247 -121.3253 2.7
36.4253 -89.6994 1
City4068 36.4253 -89.6994 3.2
36.4269 -77.5958 1
City4069 36.4269 -77.5958 2.6
36.4333 -119.6858 1
City4070 36.4333 -119.6858 3.7
36.4336 -99.3900 1
City4071 36.4336 -99.3900 3.0
36.4339 -100.1411 1
City4072 36.4339 -100.1411 3.1
36.4344 -77.9122 1
City4073 36.4344 -77.9122 2.5
36.4356 -97.8686 1
City4074 36.4356 -97.8686 3.3
36.4367 -95.2711 1
City4075 36.4367 -95.2711 3.8
36.4369 -77.2292 1
City4076 36.4369 -77.2292 3.0
36.4369 -97.5853 1
City4077 36.4369 -97.5853 4.3
36.4392 -99.2044 1
City4078 36.4392 -99.2044 3.0
36.4394 -82.4558 1
City4079 36.4394 -82.4558 3.5
36.4422 -77.0989 1
City4080 36.4422 -77.0989 3.1
36.4425 -83.5997 1
City4081 36.4425 -83.5997 3.5
36.4442 -88.3344 1
City4082 36.4442 -88.3344 3.7
36.4456 -78.1986 1
City4083 36.4456 -78.1986 4.0
36.4508 -77.5592 1
City4084 36.4508 -77.5592 3.9
36.4511 -77.6797 1
City4085 36.4511 -77.6797 3.6
36.4517 -89.9669 1
City4086 36.4517 -89.9669 4.3
36.4517 -103.1836 1
City4087 36.4517 -103.1836 2.6
36.4519 -89.9192 1
City4088 36.4519 -89.9192 2.7
36.4533 -100.5369 1
City4089 36.4533 -100.5369 4.1
36.4542 -83.5694 1
City4090 36.4542 -83.5694 3.3
36.4614 -77.6544 1
City4091 36.4614 -77.6544 3.4
36.4639 -95.0475 1
City4092 36.4639 -95.0475 3.5
36.4644 -92.9200 1
City4093 36.4644 -92.9200 3.0
36.4664 -79.9072 1
City4094 36.4664 -79.9072 2.7
36.4703 -86.6514 1
City4095 36.4703 -86.6514 4.1
36.4708 -82.8519 1
City4096 36.4708 -82.8519 3.1
36.4742 -82.2611 1
City4097 36.4742 -82.2611 4.3
36.4744 -81.8050 1
City4098 36.4744 -81.8050 3.0
36.4761 -119.4422 1
City4099 36.4761 -119.4422 3.2
36.4778 -82.5933 1
City4100 36.4778 -82.5933 3.4
36.4797 -121.7314 1
City4101 36.4797 -121.7314 3.2
36.4850 -82.5033 1
City4102 36.4850 -82.5033 3.1
36.4878 -87.8383 1
City4103 36.4878 -87.8383 2.9
36.4883 -79.7669 1
City4104 36.4883 -79.7669 3.3
36.4900 -77.4417 1
City4105 36.4900 -77.4417 3.5
36.4933 -90.0750 1
City4106 36.4933 -90.0750 3.7
36.4956 -91.5406 1
City4107 36.4956 -91.5406 3.3
36.4981 -84.5128 1
City4108 36.4981 -84.5128 3.6
36.4992 -80.6075 1
City4109 36.4992 -80.6075 3.5
36.5003 -77.6453 1
City4110 36.5003 -77.6453 4.3
36.5003 -80.6267 1
City4111 36.5003 -80.6267 3.1
36.5008 -88.8753 1
City4112 36.5008 -88.8753 4.0
36.5042 -88.8742 1
City4113 36.5042 -88.8742 4.1
36.5050 -101.7825 1
City4114 36.5050 -101.7825 2.5
36.5053 -81.1211 1
City4115 36.5053 -81.1211 3.5
36.5067 -121.4433 1
City4116 36.5067 -121.4433 4.1
36.5092 -86.8850 1
City4117 36.5092 -86.8850 2.5
36.5108 -104.9153 1
City4118 36.5108 -104.9153 3.6
36.5139 -119.5531 1
City4119 36.5139 -119.5531 4.1
36.5147 -94.6111 1
City4120 36.5147 -94.6111 4.1
36.5189 -89.6125 1
City4121 36.5189 -89.6125 2.6
36.5211 -86.0264 1
City4122 36.5211 -86.0264 3.8
36.5222 -82.7136 1
City4123 36.5222 -82.7136 3.3
36.5225 -93.9394 1
City4124 36.5225 -93.9394 4.3
36.5233 -119.2858 1
City4125 36.5233 -119.2858 3.9
36.5244 -91.5381 1
City4126 36.5244 -91.5381 2.8
36.5289 -97.4436 1
City4127 36.5289 -97.4436 2.6
36.5297 -83.2175 1
City4128 36.5297 -83.2175 4.3
36.5297 -87.3594 1
City4129 36.5297 -87.3594 3.1
36.5303 -95.9233 1
City4130 36.5303 -95.9233 3.9
36.5331 -82.3269 1
City4131 36.5331 -82.3269 3.7
36.5333 -85.8500 1
City4132 36.5333 -85.8500 3.5
36.5356 -95.4322 1
City4133 36.5356 -95.4322 2.6
36.5428 -119.8322 1
City4134 36.5428 -119.8322 3.4
36.5433 -114.4461 1
City4135 36.5433 -114.4461 2.6
36.5433 -119.3861 1
City4136 36.5433 -119.3861 3.4
36.5450 -119.2864 1
City4137 36.5450 -119.2864 3.8
36.5456 -94.4850 1
City4138 36.5456 -94.4850 3.4
36.5461 -96.3269 1
City4139 36.5461 -96.3269 3.3
36.5461 -98.2697 1
City4140 36.5461 -98.2697 4.3
36.5483 -82.4558 1
City4141 36.5483 -82.4558 3.9
36.5483 -82.5619 1
City4142 36.5483 -82.5619 3.9
36.5486 -86.6961 1
City4143 36.5486 -86.6961 2.9
36.5500 -85.5053 1
City4144 36.5500 -85.5053 4.0
36.5556 -82.4681 1
City4145 36.5556 -82.4681 2.7
36.5569 -89.9664 1
City4146 36.5569 -89.9664 4.1
36.5619 -86.2481 1
City4147 36.5619 -86.2481 3.5
36.5619 -96.1614 1
City4148 36.5619 -96.1614 4.0
36.5681 -89.6006 1
City4149 36.5681 -89.6006 3.0
36.5708 -119.6111 1
City4150 36.5708 -119.6111 2.8
36.5711 -89.1861 1
City4151 36.5711 -89.1861 4.2
36.5736 -96.7039 1
City4152 36.5736 -96.7039 3.3
36.5736 -99.5719 1
City4153 36.5736 -99.5719 3.5
36.5744 -85.1289 1
City4154 36.5744 -85.1289 4.2
36.5753 -90.6039 1
City4155 36.5753 -90.6039 2.7
36.5769 -82.5678 1
City4156 36.5769 -82.5678 2.6
36.5789 -98.4619 1
City4157 36.5789 -98.4619 3.5
36.5817 -86.5164 1
City4158 36.5817 -86.5164 3.8
36.5822 -87.0656 1
City4159 36.5822 -87.0656 2.9
36.5822 -98.8794 1
City4160 36.5822 -98.8794 3.2
36.5831 -77.2003 1
City4161 36.5831 -77.2003 2.8
36.5844 -82.4894 1
City4162 36.5844 -82.4894 3.9
36.5858 -79.3953 1
City4163 36.5858 -79.3953 4.1
36.5864 -89.5278 1
City4164 36.5864 -89.5278 3.0
36.5878 -84.1269 1
City4165 36.5878 -84.1269 4.0
36.5886 -79.3664 1
City4166 36.5886 -79.3664 3.6
36.5914 -82.5736 1
City4167 36.5914 -82.5736 3.6
36.5922 -89.6153 1
City4168 36.5922 -89.6153 4.3
36.5933 -121.8339 1
City4169 36.5933 -121.8339 2.8
36.5936 -94.7689 1
City4170 36.5936 -94.7689 4.1
36.5944 -94.3839 1
City4171 36.5944 -94.3839 3.0
36.5950 -82.1889 1
City4172 36.5950 -82.1889 3.3
36.5953 -101.6361 1
City4173 36.5953 -101.6361 2.8
36.5958 -90.2472 1
City4174 36.5958 -90.2472 4.0
36.5964 -82.1886 1
City4175 36.5964 -82.1886 4.0
36.5964 -119.4494 1
City4176 36.5964 -119.4494 2.8
36.6003 -121.8936 1
City4177 36.6003 -121.8936 3.7
36.6031 -92.4281 1
City4178 36.6031 -92.4281 4.4
36.6061 -118.0619 1
City4179 36.6061 -118.0619 3.2
36.6067 -120.1881 1
City4180 36.6067 -120.1881 3.7
36.6103 -88.3147 1
City4181 36.6103 -88.3147 4.0
36.6111 -121.8506 1
City4182 36.6111 -121.8506 3.3
36.6117 -119.5261 1
City4183 36.6117 -119.5261 2.6
36.6136 -89.8164 1
City4184 36.6136 -89.8164 3.3
36.6208 -90.8233 1
City4185 36.6208 -90.8233 3.3
36.6211 -93.2153 1
City4186 36.6211 -93.2153 4.2
36.6222 -81.1511 1
City4187 36.6222 -81.1511 3.0
36.6244 -119.3128 1
City4188 36.6244 -119.3128 3.4
36.6283 -79.9511 1
City4189 36.6283 -79.9511 2.6
36.6306 -119.6775 1
City4190 36.6306 -119.6775 3.4
36.6336 -81.7839 1
City4191 36.6336 -81.7839 4.3
36.6378 -82.5811 1
City4192 36.6378 -82.5811 3.6
36.6386 -95.1539 1
City4193 36.6386 -95.1539 3.1
36.6408 -80.2658 1
City4194 36.6408 -80.2658 3.2
36.6422 -88.7389 1
City4195 36.6422 -88.7389 2.6
36.6436 -93.2183 1
City4196 36.6436 -93.2183 3.8
36.6483 -87.1664 1
City4197 36.6483 -87.1664 2.9
36.6503 -119.7897 1
City4198 36.6503 -119.7897 4.2
36.6506 -94.4433 1
City4199 36.6506 -94.4433 3.5
36.6508 -84.4386 1
City4200 36.6508 -84.4386 2.9
36.6592 -119.5928 1
City4201 36.6592 -119.5928 3.5
36.6611 -80.9242 1
City4202 36.6611 -80.9242 3.4
36.6672 -88.9933 1
City4203 36.6672 -88.9933 3.0
36.6675 -86.8519 1
City4204 36.6675 -86.8519 3.5
36.6678 -96.3369 1
City4205 36.6678 -96.3369 3.7
36.6689 -89.9686 1
City4206 36.6689 -89.9686 4.4
36.6692 -97.8008 1
City4207 36.6692 -97.8008 2.8
36.6722 -93.9408 1
City4208 36.6722 -93.9408 3.9
36.6769 -93.8686 1
City4209 36.6769 -93.8686 2.8
36.6775 -76.9228 1
City4210 36.6775 -76.9228 3.7
36.6778 -121.6544 1
City4211 36.6778 -121.6544 3.5
36.6783 -97.3097 1
City4212 36.6783 -97.3097 3.5
36.6828 -101.4811 1
City4213 36.6828 -101.4811 4.0
36.6844 -121.8011 1
City4214 36.6844 -121.8011 2.5
36.6850 -93.1197 1
City4215 36.6850 -93.1197 3.5
36.6858 -77.5428 1
City4216 36.6858 -77.5428 2.6
36.6889 -83.1111 1
City4217 36.6889 -83.1111 4.0
36.6906 -97.5561 1
City4218 36.6906 -97.5561 3.7
36.6908 -85.1347 1
City4219 36.6908 -85.1347 2.5
36.6914 -79.8728 1
City4220 36.6914 -79.8728 3.0
36.6936 -94.9628 1
City4221 36.6936 -94.9628 3.0
36.6942 -91.3992 1
City4222 36.6942 -91.3992 3.0
36.6986 -78.9017 1
City4223 36.6986 -78.9017 4.3
36.6989 -84.4775 1
City4224 36.6989 -84.4775 3.4
36.7000 -78.1000 1
City4225 36.7000 -78.1000 4.4
36.7000 -79.9389 1
City4226 36.7000 -79.9389 3.5
36.7006 -95.6378 1
City4227 36.7006 -95.6378 4.1
36.7022 -85.6917 1
City4228 36.7022 -85.6917 3.5
36.7039 -105.5944 1
City4229 36.7039 -105.5944 3.7
36.7069 -97.0853 1
City4230 36.7069 -97.0853 3.1
36.7081 -119.5550 1
City4231 36.7081 -119.5550 3.8
36.7097 -81.9775 1
City4232 36.7097 -81.9775 4.1
36.7097 -99.8931 1
City4233 36.7097 -99.8931 3.6
36.7106 -119.7575 1
City4234 36.7106 -119.7575 3.5
36.7111 -107.9839 1
City4235 36.7111 -107.9839 2.7
36.7133 -78.8289 1
City4236 36.7133 -78.8289 4.1
36.7150 -79.9156 1
City4237 36.7150 -79.9156 3.3
36.7161 -77.0683 1
City4238 36.7161 -77.0683 3.7
36.7161 -80.9789 1
City4239 36.7161 -80.9789 3.7
36.7222 -86.5772 1
City4240 36.7222 -86.5772 3.1
36.7233 -84.4706 1
City4241 36.7233 -84.4706 3.8
36.7236 -120.0589 1
City4242 36.7236 -120.0589 4.2
36.7264 -78.1292 1
City4243 36.7264 -78.1292 3.1
36.7278 -110.2539 1
City4244 36.7278 -110.2539 3.8
36.7281 -76.5839 1
City4245 36.7281 -76.5839 3.8
36.7281 -91.8522 1
City4246 36.7281 -91.8522 3.1
36.7281 -108.2181 1
City4247 36.7281 -108.2181 3.8
36.7286 -80.9992 1
City4248 36.7286 -80.9992 3.9
36.7294 -102.5128 1
City4249 36.7294 -102.5128 2.7
36.7342 -108.3592 1
City4250 36.7342 -108.3592 3.3
36.7417 -88.6367 1
City4251 36.7417 -88.6367 3.1
36.7417 -94.3989 1
City4252 36.7417 -94.3989 2.8
36.7433 -84.1597 1
City4253 36.7433 -84.1597 4.2
36.7472 -95.9806 1
City4254 36.7472 -95.9806 2.5
36.7478 -119.7714 1
City4255 36.7478 -119.7714 2.8
36.7511 -94.8472 1
City4256 36.7511 -94.8472 3.0
36.7533 -86.1906 1
City4257 36.7533 -86.1906 4.3
36.7536 -120.3806 1
City4258 36.7536 -120.3806 4.4
36.7544 -98.3564 1
City4259 36.7544 -98.3564 4.3
36.7569 -90.3928 1
City4260 36.7569 -90.3928 4.4
36.7575 -77.8472 1
City4261 36.7575 -77.8472 3.7
36.7583 -83.0272 1
City4262 36.7583 -83.0272 2.8
36.7592 -79.9906 1
City4263 36.7592 -79.9906 3.2
36.7592 -89.5867 1
City4264 36.7592 -89.5867 3.8
36.7619 -83.6950 1
City4265 36.7619 -83.6950 4.2
36.7625 -80.7350 1
City4266 36.7625 -80.7350 2.8
36.7628 -94.0558 1
City4267 36.7628 -94.0558 2.7
36.7647 -88.2953 1
City4268 36.7647 -88.2953 3.1
36.7658 -78.9286 1
City4269 36.7658 -78.9286 3.3
36.7658 -121.7569 1
City4270 36.7658 -121.7569 2.9
36.7758 -87.3556 1
City4271 36.7758 -87.3556 3.1
36.7786 -95.6392 1
City4272 36.7786 -95.6392 3.6
36.7797 -89.3856 1
City4273 36.7797 -89.3856 3.0
36.7819 -96.6608 1
City4274 36.7819 -96.6608 3.5
36.7856 -108.6864 1
City4275 36.7856 -108.6864 4.0
36.7892 -81.5822 1
City4276 36.7892 -81.5822 4.1
36.7903 -85.3706 1
City4277 36.7903 -85.3706 3.3
36.7911 -81.7714 1
City4278 36.7911 -81.7714 3.6
36.7958 -89.9578 1
City4279 36.7958 -89.9578 3.4
36.7958 -95.9353 1
City4280 36.7958 -95.9353 2.8
36.7983 -81.6825 1
City4281 36.7983 -81.6825 2.8
36.7992 -78.4586 1
City4282 36.7992 -78.4586 3.9
36.8044 -97.2825 1
City4283 36.8044 -97.2825 4.2
36.8050 -98.6661 1
City4284 36.8050 -98.6661 3.8
36.8069 -97.7333 1
City4285 36.8069 -97.7333 3.8
36.8083 -76.7444 1
City4286 36.8083 -76.7444 2.5
36.8097 -102.2550 1
City4287 36.8097 -102.2550 4.0
36.8100 -87.1542 1
City4288 36.8100 -87.1542 3.4
36.8125 -89.8614 1
City4289 36.8125 -89.8614 3.7
36.8142 -77.4686 1
City4290 36.8142 -77.4686 2.9
36.8161 -100.5194 1
City4291 36.8161 -100.5194 4.0
36.8172 -93.9206 1
City4292 36.8172 -93.9206 3.6
36.8222 -107.9922 1
City4293 36.8222 -107.9922 3.3
36.8253 -119.7019 1
City4294 36.8253 -119.7019 4.2
36.8256 -79.3983 1
City4295 36.8256 -79.3983 4.2
36.8347 -81.5150 1
City4296 36.8347 -81.5150 4.2
36.8353 -76.2986 1
City4297 36.8353 -76.2986 3.4
36.8356 -99.6300 1
City4298 36.8356 -99.6300 3.5
36.8406 -76.3106 1
City4299 36.8406 -76.3106 3.7
36.8414 -94.6108 1
City4300 36.8414 -94.6108 3.4
36.8431 -83.3219 1
City4301 36.8431 -83.3219 3.6
36.8453 -86.8872 1
City4302 36.8453 -86.8872 3.3
36.8456 -121.5369 1
City4303 36.8456 -121.5369 2.8
36.8467 -76.2856 1
City4304 36.8467 -76.2856 3.3
36.8472 -89.6853 1
City4305 36.8472 -89.6853 2.8
36.8486 -83.2192 1
City4306 36.8486 -83.2192 3.0
36.8519 -83.3542 1
City4307 36.8519 -83.3542 3.5
36.8525 -121.4006 1
City4308 36.8525 -121.4006 3.5
36.8528 -75.9783 1
City4309 36.8528 -75.9783 4.0
36.8572 -88.3503 1
City4310 36.8572 -88.3503 3.2
36.8589 -120.4550 1
City4311 36.8589 -120.4550 4.3
36.8600 -101.2131 1
City4312 36.8600 -101.2131 2.6
36.8642 -86.7103 1
City4313 36.8642 -86.7103 3.1
36.8650 -87.8353 1
City4314 36.8650 -87.8353 3.7
36.8656 -87.4886 1
City4315 36.8656 -87.4886 3.2
36.8658 -83.1906 1
City4316 36.8658 -83.1906 3.4
36.8664 -83.8889 1
City4317 36.8664 -83.8889 4.1
36.8672 -81.4236 1
City4318 36.8672 -81.4236 4.1
36.8689 -94.3678 1
City4319 36.8689 -94.3678 3.2
36.8706 -89.0097 1
City4320 36.8706 -89.0097 2.9
36.8736 -95.0956 1
City4321 36.8736 -95.0956 2.7
36.8744 -94.8772 1
City4322 36.8744 -94.8772 3.7
36.8767 -89.5878 1
City4323 36.8767 -89.5878 4.0
36.8817 -82.7472 1
City4324 36.8817 -82.7472 3.3
36.8822 -97.0531 1
City4325 36.8822 -97.0531 4.1
36.8833 -97.9217 1
City4326 36.8833 -97.9217 2.7
36.8858 -89.9292 1
City4327 36.8858 -89.9292 3.8
36.8900 -82.2797 1
City4328 36.8900 -82.2797 3.0
36.8914 -89.5383 1
City4329 36.8914 -89.5383 3.9
36.8936 -81.2761 1
City4330 36.8936 -81.2761 3.6
36.8942 -81.7769 1
City4331 36.8942 -81.7769 3.6
36.8975 -95.9258 1
City4332 36.8975 -95.9258 3.6
36.9008 -82.0803 1
City4333 36.9008 -82.0803 4.4
36.9031 -106.5789 1
City4334 36.9031 -106.5789 4.1
36.9033 -104.4386 1
City4335 36.9033 -104.4386 3.3
36.9042 -121.7475 1
City4336 36.9042 -121.7475 2.6
36.9053 -93.5714 1
City4337 36.9053 -93.5714 2.5
36.9067 -82.7819 1
City4338 36.9067 -82.7819 2.7
36.9069 -100.5389 1
City4339 36.9069 -100.5389 3.9
36.9086 -111.4728 1
City4340 36.9086 -111.4728 2.5
36.9094 -89.4525 1
City4341 36.9094 -89.4525 3.2
36.9103 -121.7558 1
City4342 36.9103 -121.7558 2.5
36.9172 -94.8794 1
City4343 36.9172 -94.8794 4.2
36.9192 -94.2550 1
City4344 36.9192 -94.2550 4.1
36.9208 -89.3506 1
City4345 36.9208 -89.3506 4.1
36.9289 -93.9275 1
City4346 36.9289 -93.9275 4.3
36.9333 -82.6292 1
City4347 36.9333 -82.6292 4.1
36.9333 -94.8728 1
City4348 36.9333 -94.8728 2.5
36.9336 -106.9983 1
City4349 36.9336 -106.9983 2.7
36.9353 -121.7719 1
City4350 36.9353 -121.7719 3.7
36.9367 -121.8636 1
City4351 36.9367 -121.8636 2.8
36.9439 -82.4642 1
City4352 36.9439 -82.4642 2.6
36.9444 -94.0042 1
City4353 36.9444 -94.0042 3.5
36.9456 -112.5258 1
City4354 36.9456 -112.5258 2.7
36.9483 -81.0850 1
City4355 36.9483 -81.0850 4.0
36.9486 -84.0969 1
City4356 36.9486 -84.0969 3.2
36.9497 -90.1583 1
City4357 36.9497 -90.1583 2.9
36.9519 -92.6603 1
City4358 36.9519 -92.6603 3.8
36.9536 -79.3592 1
City4359 36.9536 -79.3592 4.3
36.9542 -101.0650 1
City4360 36.9542 -101.0650 2.9
36.9544 -94.7878 1
City4361 36.9544 -94.7878 3.4
36.9606 -84.0933 1
City4362 36.9606 -84.0933 2.9
36.9608 -121.9631 1
City4363 36.9608 -121.9631 2.9
36.9614 -120.0597 1
City4364 36.9614 -120.0597 2.9
36.9619 -78.1253 1
City4365 36.9619 -78.1253 3.7
36.9639 -93.7956 1
City4366 36.9639 -93.7956 3.3
36.9647 -82.9486 1
City4367 36.9647 -82.9486 3.8
36.9647 -89.0892 1
City4368 36.9647 -89.0892 3.9
36.9661 -82.9225 1
City4369 36.9661 -82.9225 4.0
36.9683 -121.8992 1
City4370 36.9683 -121.8992 3.7
36.9708 -93.7178 1
City4371 36.9708 -93.7178 3.9
36.9742 -122.0297 1
City4372 36.9742 -122.0297 3.0
36.9753 -121.9522 1
City4373 36.9753 -121.9522 4.3
36.9758 -82.5758 1
City4374 36.9758 -82.5758 3.7
36.9772 -121.8983 1
City4375 36.9772 -121.8983 3.5
36.9781 -82.9886 1
City4376 36.9781 -82.9886 4.0
36.9783 -82.2978 1
City4377 36.9783 -82.2978 4.2
36.9786 -76.4283 1
City4378 36.9786 -76.4283 4.3
36.9800 -85.6122 1
City4379 36.9800 -85.6122 3.6
36.9847 -85.0631 1
City4380 36.9847 -85.0631 4.0
36.9861 -120.6256 1
City4381 36.9861 -120.6256 4.1
36.9869 -94.8306 1
City4382 36.9869 -94.8306 4.4
36.9881 -121.9556 1
City4383 36.9881 -121.9556 4.2
36.9889 -84.6000 1
City4384 36.9889 -84.6000 3.3
36.9903 -86.4436 1
City4385 36.9903 -86.4436 4.3
36.9911 -91.4925 1
City4386 36.9911 -91.4925 3.3
36.9922 -91.9697 1
City4387 36.9922 -91.9697 3.9
36.9928 -78.6014 1
City4388 36.9928 -78.6014 3.6
36.9944 -95.6200 1
City4389 36.9944 -95.6200 2.6
36.9947 -78.2275 1
City4390 36.9947 -78.2275 3.4
36.9953 -91.7036 1
City4391 36.9953 -91.7036 3.1
36.9953 -94.3158 1
City4392 36.9953 -94.3158 2.9
36.9956 -91.0144 1
City4393 36.9956 -91.0144 4.2
36.9958 -85.9119 1
City4394 36.9958 -85.9119 4.3
36.9975 -79.8922 1
City4395 36.9975 -79.8922 3.2
37.0011 -93.0814 1
City4396 37.0011 -93.0814 3.1
37.0031 -93.6372 1
City4397 37.0031 -93.6372 2.7
37.0053 -89.1764 1
City4398 37.0053 -89.1764 3.3
37.0058 -121.5672 1
City4399 37.0058 -121.5672 2.9
37.0081 -101.8897 1
City4400 37.0081 -101.8897 3.9
37.0097 -91.3233 1
City4401 37.0097 -91.3233 3.9
37.0114 -95.9350 1
City4402 37.0114 -95.9350 3.2
37.0161 -81.9744 1
City4403 37.0161 -81.9744 4.3
37.0172 -98.4850 1
City4404 37.0172 -98.4850 3.8
37.0175 -88.5314 1
City4405 37.0175 -88.5314 3.0
37.0208 -93.2058 1
City4406 37.0208 -93.2058 2.5
37.0236 -89.8197 1
City4407 37.0236 -89.8197 3.5
37.0297 -76.3456 1
City4408 37.0297 -76.3456 3.9
37.0303 -93.4728 1
City4409 37.0303 -93.4728 3.5
37.0322 -97.6067 1
City4410 37.0322 -97.6067 4.4
37.0333 -88.3500 1
City4411 37.0333 -88.3500 4.2
37.0358 -77.0956 1
City4412 37.0358 -77.0956 3.3
37.0369 -94.4967 1
City4413 37.0369 -94.4967 2.9
37.0372 -95.0897 1
City4414 37.0372 -95.0897 3.2
37.0372 -95.6161 1
City4415 37.0372 -95.6161 4.1
37.0403 -78.4836 1
City4416 37.0403 -78.4836 4.2
37.0406 -94.4725 1
City4417 37.0406 -94.4725 2.7
37.0431 -100.9206 1
City4418 37.0431 -100.9206 3.7
37.0433 -93.2942 1
City4419 37.0433 -93.2942 2.8
37.0436 -89.6103 1
City4420 37.0436 -89.6103 4.2
37.0475 -112.5256 1
City4421 37.0475 -112.5256 3.9
37.0478 -80.7800 1
City4422 37.0478 -80.7800 4.4
37.0478 -87.4850 1
City4423 37.0478 -87.4850 3.7
37.0500 -78.9444 1
City4424 37.0500 -78.9444 4.1
37.0511 -122.0136 1
City4425 37.0511 -122.0136 4.1
37.0514 -122.0722 1
City4426 37.0514 -122.0722 4.3
37.0517 -89.0467 1
City4427 37.0517 -89.0467 4.3
37.0525 -86.2078 1
City4428 37.0525 -86.2078 3.9
37.0561 -85.0886 1
City4429 37.0561 -85.0886 4.2
37.0564 -78.6386 1
City4430 37.0564 -78.6386 2.5
37.0583 -120.8489 1
City4431 37.0583 -120.8489 2.9
37.0589 -88.1325 1
City4432 37.0589 -88.1325 3.3
37.0597 -95.3592 1
City4433 37.0597 -95.3592 3.0
37.0619 -97.0381 1
City4434 37.0619 -97.0381 4.0
37.0625 -81.7519 1
City4435 37.0625 -81.7519 3.6
37.0667 -76.6767 1
City4436 37.0667 -76.6767 4.1
37.0675 -93.5519 1
City4437 37.0675 -93.5519 3.2
37.0692 -94.1164 1
City4438 37.0692 -94.1164 3.1
37.0758 -94.6394 1
City4439 37.0758 -94.6394 3.2
37.0767 -88.9736 1
City4440 37.0767 -88.9736 3.7
37.0767 -94.4592 1
City4441 37.0767 -94.4592 4.1
37.0803 -77.9975 1
City4442 37.0803 -77.9975 4.3
37.0833 -88.6000 1
City4443 37.0833 -88.6000 4.0
37.0836 -94.4133 1
City4444 37.0836 -94.4133 4.3
37.0842 -94.5131 1
City4445 37.0842 -94.5131 2.7
37.0850 -89.6553 1
City4446 37.0850 -89.6553 3.6
37.0850 -121.6092 1
City4447 37.0850 -121.6092 2.8
37.0853 -89.1625 1
City4448 37.0853 -89.1625 3.9
37.0869 -81.8553 1
City4449 37.0869 -81.8553 2.9
37.0892 -122.0853 1
City4450 37.0892 -122.0853 3.8
37.0919 -84.6042 1
City4451 37.0919 -84.6042 2.7
37.0925 -79.2967 1
City4452 37.0925 -79.2967 2.6
37.0931 -81.7939 1
City4453 37.0931 -81.7939 3.9
37.0939 -86.0464 1
City4454 37.0939 -86.0464 3.7
37.0944 -88.0803 1
City4455 37.0944 -88.0803 4.1
37.1028 -85.3064 1
City4456 37.1028 -85.3064 3.1
37.1036 -93.8183 1
City4457 37.1036 -93.8183 3.9
37.1042 -96.5000 1
City4458 37.1042 -96.5000 3.1
37.1042 -113.5833 1
City4459 37.1042 -113.5833 2.8
37.1044 -89.9106 1
City4460 37.1044 -89.9106 2.6
37.1056 -80.6856 1
City4461 37.1056 -80.6856 3.1
37.1067 -92.5806 1
City4462 37.1067 -92.5806 3.8
37.1092 -87.8819 1
City4463 37.1092 -87.8819 2.6
37.1117 -79.2858 1
City4464 37.1117 -79.2858 3.2
37.1142 -89.1978 1
City4465 37.1142 -89.1978 2.9
37.1147 -81.5197 1
City4466 37.1147 -81.5197 2.6
37.1150 -107.6325 1
City4467 37.1150 -107.6325 2.5
37.1156 -93.3700 1
City4468 37.1156 -93.3700 3.6
37.1169 -93.0556 1
City4469 37.1169 -93.0556 3.7
37.1183 -82.8269 1
City4470 37.1183 -82.8269 3.0
37.1200 -93.4800 1
City4471 37.1200 -93.4800 3.3
37.1222 -76.3461 1
City4472 37.1222 -76.3461 3.5
37.1231 -120.2592 1
City4473 37.1231 -120.2592 2.7
37.1236 -82.6014 1
City4474 37.1236 -82.6014 4.4
37.1236 -88.6303 1
City4475 37.1236 -88.6303 4.2
37.1239 -92.1011 1
City4476 37.1239 -92.1011 3.9
37.1261 -122.1211 1
City4477 37.1261 -122.1211 3.3
37.1267 -96.1867 1
City4478 37.1267 -96.1867 3.6
37.1289 -84.0833 1
City4479 37.1289 -84.0833 3.4
37.1297 -80.4092 1
City4480 37.1297 -80.4092 3.1
37.1306 -92.2633 1
City4481 37.1306 -92.2633 2.9
37.1306 -113.5075 1
City4482 37.1306 -113.5075 4.2
37.1306 -121.6533 1
City4483 37.1306 -121.6533 3.6
37.1331 -113.6533 1
City4484 37.1331 -113.6533 2.7
37.1367 -85.9569 1
City4485 37.1367 -85.9569 4.3
37.1389 -88.4033 1
City4486 37.1389 -88.4033 2.5
37.1425 -94.5106 1
City4487 37.1425 -94.5106 3.3
37.1464 -92.7686 1
City4488 37.1464 -92.7686 3.0
37.1464 -94.4628 1
City4489 37.1464 -94.4628 3.6
37.1492 -94.4428 1
City4490 37.1492 -94.4428 3.0
37.1500 -82.4561 1
City4491 37.1500 -82.4561 2.9
37.1506 -91.3575 1
City4492 37.1506 -91.3575 4.4
37.1511 -88.7319 1
City4493 37.1511 -88.7319 3.4
37.1533 -98.0308 1
City4494 37.1533 -98.0308 3.4
37.1536 -83.7619 1
City4495 37.1536 -83.7619 2.5
37.1544 -90.6956 1
City4496 37.1544 -90.6956 3.5
37.1575 -92.9406 1
City4497 37.1575 -92.9406 3.8
37.1658 -87.2475 1
City4498 37.1658 -87.2475 3.0
37.1672 -87.6925 1
City4499 37.1672 -87.6925 2.8
37.1675 -95.1097 1
City4500 37.1675 -95.1097 4.1
37.1686 -113.6786 1
City4501 37.1686 -113.6786 3.5
37.1692 -94.8439 1
City4502 37.1692 -94.8439 3.7
37.1694 -104.5000 1
City4503 37.1694 -104.5000 4.0
37.1731 -78.1236 1
City4504 37.1731 -78.1236 3.7
37.1733 -82.6311 1
City4505 37.1733 -82.6311 2.6
37.1742 -105.9369 1
City4506 37.1742 -105.9369 2.9
37.1753 -101.3492 1
City4507 37.1753 -101.3492 2.6
37.1753 -113.2892 1
City4508 37.1753 -113.2892 2.6
37.1764 -94.3100 1
City4509 37.1764 -94.3100 3.6
37.1767 -94.5653 1
City4510 37.1767 -94.5653 2.9
37.1769 -84.6358 1
City4511 37.1769 -84.6358 4.1
37.1792 -91.6567 1
City4512 37.1792 -91.6567 4.3
37.1794 -85.9069 1
City4513 37.1794 -85.9069 3.7
37.1800 -89.6550 1
City4514 37.1800 -89.6550 2.9
37.1836 -87.3836 1
City4515 37.1836 -87.3836 2.9
37.1875 -78.2017 1
City4516 37.1875 -78.2017 3.3
37.1883 -94.4700 1
City4517 37.1883 -94.4700 2.7
37.1886 -99.7653 1
City4518 37.1886 -99.7653 3.8
37.1903 -95.2969 1
City4519 37.1903 -95.2969 4.1
37.1908 -87.4528 1
City4520 37.1908 -87.4528 3.3
37.1967 -89.7361 1
City4521 37.1967 -89.7361 2.6
37.2008 -105.4233 1
City4522 37.2008 -105.4233 2.6
37.2011 -87.1789 1
City4523 37.2011 -87.1789 2.9
37.2011 -113.2689 1
City4524 37.2011 -113.2689 3.7
37.2014 -99.4836 1
City4525 37.2014 -99.4836 2.9
37.2064 -88.8447 1
City4526 37.2064 -88.8447 2.9
37.2075 -82.6719 1
City4527 37.2075 -82.6719 3.8
37.2081 -88.0567 1
City4528 37.2081 -88.0567 3.9
37.2147 -93.8397 1
City4529 37.2147 -93.8397 3.5
37.2153 -93.2981 1
City4530 37.2153 -93.2981 3.9
37.2167 -89.5244 1
City4531 37.2167 -89.5244 4.0
37.2175 -87.0489 1
City4532 37.2175 -87.0489 3.8
37.2197 -89.5089 1
City4533 37.2197 -89.5089 3.4
37.2242 -95.7081 1
City4534 37.2242 -95.7081 3.8
37.2256 -86.6836 1
City4535 37.2256 -86.6836 3.7
37.2256 -107.5975 1
City4536 37.2256 -107.5975 3.0
37.2267 -121.9736 1
City4537 37.2267 -121.9736 3.8
37.2275 -80.0131 1
City4538 37.2275 -80.0131 3.4
37.2278 -77.4022 1
City4539 37.2278 -77.4022 3.2
37.2303 -77.4778 1
City4540 37.2303 -77.4778 2.9
37.2322 -82.0992 1
City4541 37.2322 -82.0992 3.1
37.2350 -89.2700 1
City4542 37.2350 -89.2700 3.8
37.2364 -121.9914 1
City4543 37.2364 -121.9914 4.1
37.2367 -87.4753 1
City4544 37.2367 -87.4753 2.5
37.2369 -87.1592 1
City4545 37.2369 -87.1592 3.8
37.2397 -96.9953 1
City4546 37.2397 -96.9953 2.7
37.2400 -77.4303 1
City4547 37.2400 -77.4303 3.7
37.2414 -98.2264 1
City4548 37.2414 -98.2264 3.1
37.2417 -90.9686 1
City4549 37.2417 -90.9686 2.8
37.2422 -78.4600 1
City4550 37.2422 -78.4600 4.3
37.2494 -83.1933 1
City4551 37.2494 -83.1933 3.2
37.2508 -92.5103 1
City4552 37.2508 -92.5103 3.2
37.2525 -81.2714 1
City4553 37.2525 -81.2714 3.7
37.2539 -76.4972 1
City4554 37.2539 -76.4972 2.5
37.2578 -120.9978 1
City4555 37.2578 -120.9978 2.9
37.2583 -105.9042 1
City4556 37.2583 -105.9042 3.9
37.2608 -85.4989 1
City4557 37.2608 -85.4989 4.0
37.2639 -122.0219 1
City4558 37.2639 -122.0219 4.0
37.2653 -97.3714 1
City4559 37.2653 -97.3714 3.8
37.2658 -97.7653 1
City4560 37.2658 -97.7653 3.1
37.2678 -76.0178 1
City4561 37.2678 -76.0178 4.2
37.2683 -93.1169 1
City4562 37.2683 -93.1169 3.8
37.2689 -99.3264 1
City4563 37.2689 -99.3264 2.6
37.2694 -107.0092 1
City4564 37.2694 -107.0092 3.5
37.2697 -81.2225 1
City4565 37.2697 -81.2225 3.7
37.2703 -95.5522 1
City4566 37.2703 -95.5522 4.3
37.2706 -76.7078 1
City4567 37.2706 -76.7078 3.6
37.2708 -79.9417 1
City4568 37.2708 -79.9417 4.0
37.2722 -85.8911 1
City4569 37.2722 -85.8911 4.0
37.2742 -87.5119 1
City4570 37.2742 -87.5119 3.0
37.2742 -97.1686 1
City4571 37.2742 -97.1686 2.7
37.2750 -105.9597 1
City4572 37.2750 -105.9597 3.4
37.2753 -107.8794 1
City4573 37.2753 -107.8794 3.7
37.2769 -89.1833 1
City4574 37.2769 -89.1833 4.4
37.2775 -94.8247 1
City4575 37.2775 -94.8247 3.9
37.2778 -82.0992 1
City4576 37.2778 -82.0992 3.5
37.2808 -79.8972 1
City4577 37.2808 -79.8972 4.2
37.2811 -98.5800 1
City4578 37.2811 -98.5800 2.8
37.2856 -100.3397 1
City4579 37.2856 -100.3397 3.8
37.2867 -98.0256 1
City4580 37.2867 -98.0256 2.5
37.2872 -121.9489 1
City4581 37.2872 -121.9489 3.9
37.2894 -75.9717 1
City4582 37.2894 -75.9717 2.7
37.2908 -120.3175 1
City4583 37.2908 -120.3175 2.9
37.2936 -88.9753 1
City4584 37.2936 -88.9753 3.5
37.2939 -87.1233 1
City4585 37.2939 -87.1233 3.5
37.2992 -86.2286 1
City4586 37.2992 -86.2286 3.1
37.3003 -89.9811 1
City4587 37.3003 -89.9811 4.1
37.3011 -81.6911 1
City4588 37.3011 -81.6911 3.5
37.3019 -78.3922 1
City4589 37.3019 -78.3922 4.1
37.3022 -120.4819 1
City4590 37.3022 -120.4819 3.3
37.3039 -82.3511 1
City4591 37.3039 -82.3511 3.7
37.3050 -93.4283 1
City4592 37.3050 -93.4283 2.6
37.3058 -89.5181 1
City4593 37.3058 -89.5181 2.9
37.3058 -89.9703 1
City4594 37.3058 -89.9703 3.3
37.3100 -94.7717 1
City4595 37.3100 -94.7717 3.5
37.3125 -81.2600 1
City4596 37.3125 -81.2600 3.0
37.3128 -96.7539 1
City4597 37.3128 -96.7539 3.9
37.3139 -121.0197 1
City4598 37.3139 -121.0197 4.2
37.3153 -93.5850 1
City4599 37.3153 -93.5850 2.5
37.3194 -80.6392 1
City4600 37.3194 -80.6392 3.0
37.3206 -79.2578 1
City4601 37.3206 -79.2578 3.4
37.3231 -122.0311 1
City4602 37.3231 -122.0311 3.2
37.3250 -81.3119 1
City4603 37.3250 -81.3119 2.6
37.3261 -91.9558 1
City4604 37.3261 -91.9558 4.1
37.3264 -80.7353 1
City4605 37.3264 -80.7353 3.8
37.3281 -87.4989 1
City4606 37.3281 -87.4989 4.3
37.3281 -119.6483 1
City4607 37.3281 -119.6483 3.2
37.3314 -80.8114 1
City4608 37.3314 -80.8114 2.8
37.3325 -82.7211 1
City4609 37.3325 -82.7211 3.8
37.3328 -88.0811 1
City4610 37.3328 -88.0811 4.0
37.3339 -86.9961 1
City4611 37.3339 -86.9961 2.7
37.3342 -79.5233 1
City4612 37.3342 -79.5233 2.5
37.3353 -121.8939 1
City4613 37.3353 -121.8939 3.1
37.3358 -81.4367 1
City4614 37.3358 -81.4367 3.1
37.3358 -82.9806 1
City4615 37.3358 -82.9806 3.8
37.3361 -94.3011 1
City4616 37.3361 -94.3011 4.3
37.3386 -92.9069 1
City4617 37.3386 -92.9069 2.8
37.3403 -95.2608 1
City4618 37.3403 -95.2608 3.5
37.3411 -79.9433 1
City4619 37.3411 -79.9433 4.2
37.3433 -85.3419 1
City4620 37.3433 -85.3419 2.5
37.3442 -86.7547 1
City4621 37.3442 -86.7547 3.4
37.3450 -108.2886 1
City4622 37.3450 -108.2886 4.2
37.3458 -94.8086 1
City4623 37.3458 -94.8086 2.9
37.3475 -121.2675 1
City4624 37.3475 -121.2675 2.6
37.3489 -108.5853 1
City4625 37.3489 -108.5853 3.9
37.3539 -81.2528 1
City4626 37.3539 -81.2528 2.9
37.3567 -77.4419 1
City4627 37.3567 -77.4419 3.0
37.3569 -78.8256 1
City4628 37.3569 -78.8256 3.1
37.3603 -96.3036 1
City4629 37.3603 -96.3036 3.2
37.3611 -89.1658 1
City4630 37.3611 -89.1658 4.2
37.3636 -81.5503 1
City4631 37.3636 -81.5503 3.0
37.3636 -118.3942 1
City4632 37.3636 -118.3942 2.6
37.3661 -81.1028 1
City4633 37.3661 -81.1028 4.4
37.3661 -121.8261 1
City4634 37.3661 -121.8261 3.5
37.3672 -88.4864 1
City4635 37.3672 -88.4864 3.5
37.3689 -122.0353 1
City4636 37.3689 -122.0353 3.6
37.3783 -79.8072 1
City4637 37.3783 -79.8072 3.3
37.3797 -122.1364 1
City4638 37.3797 -122.1364 3.6
37.3819 -86.9225 1
City4639 37.3819 -86.9225 3.6
37.3822 -80.8228 1
City4640 37.3822 -80.8228 3.8
37.3822 -89.6661 1
City4641 37.3822 -89.6661 2.9
37.3839 -93.1511 1
City4642 37.3839 -93.1511 3.1
37.3842 -122.2342 1
City4643 37.3842 -122.2342 2.9
37.3856 -93.9531 1
City4644 37.3856 -93.9531 3.9
37.3856 -100.1953 1
City4645 37.3856 -100.1953 4.4
37.3861 -102.2778 1
City4646 37.3861 -102.2778 4.2
37.3869 -120.7225 1
City4647 37.3869 -120.7225 4.4
37.3875 -97.1139 1
City4648 37.3875 -97.1139 3.8
37.3894 -120.6122 1
City4649 37.3894 -120.6122 2.6
37.3903 -97.6419 1
City4650 37.3903 -97.6419 2.7
37.3931 -94.0936 1
City4651 37.3931 -94.0936 3.6
37.3939 -97.2808 1
City4652 37.3939 -97.2808 4.1
37.3972 -80.7994 1
City4653 37.3972 -80.7994 3.2
37.4019 -86.8758 1
City4654 37.4019 -86.8758 3.3
37.4028 -104.6528 1
City4655 37.4028 -104.6528 3.0
37.4042 -84.4139 1
City4656 37.4042 -84.4139 3.6
37.4083 -102.6139 1
City4657 37.4083 -102.6139 2.7
37.4108 -94.7047 1
City4658 37.4108 -94.7047 3.3
37.4111 -93.5494 1
City4659 37.4111 -93.5494 2.7
37.4136 -79.1425 1
City4660 37.4136 -79.1425 3.9
37.4153 -88.8978 1
City4661 37.4153 -88.8978 2.9
37.4153 -93.8408 1
City4662 37.4153 -93.8408 2.9
37.4158 -87.2656 1
City4663 37.4158 -87.2656 2.9
37.4183 -95.6800 1
City4664 37.4183 -95.6800 4.4
37.4200 -81.2433 1
City4665 37.4200 -81.2433 2.8
37.4208 -81.4403 1
City4666 37.4208 -81.4403 3.0
37.4217 -77.4378 1
City4667 37.4217 -77.4378 3.4
37.4222 -81.0164 1
City4668 37.4222 -81.0164 3.5
37.4236 -88.3461 1
City4669 37.4236 -88.3461 2.5
37.4242 -86.4883 1
City4670 37.4242 -86.4883 3.0
37.4256 -81.5069 1
City4671 37.4256 -81.5069 3.6
37.4283 -121.9056 1
City4672 37.4283 -121.9056 3.4
37.4300 -122.2528 1
City4673 37.4300 -122.2528 4.4
37.4303 -83.9981 1
City4674 37.4303 -83.9981 4.0
37.4308 -79.1233 1
City4675 37.4308 -79.1233 2.5
37.4322 -120.7775 1
City4676 37.4322 -120.7775 3.3
37.4328 -81.5847 1
City4677 37.4328 -81.5847 3.6
37.4372 -101.9717 1
City4678 37.4372 -101.9717 3.9
37.4419 -122.1419 1
City4679 37.4419 -122.1419 2.6
37.4433 -100.0147 1
City4680 37.4433 -100.0147 2.8
37.4450 -82.8053 1
City4681 37.4450 -82.8053 2.9
37.4450 -87.1439 1
City4682 37.4450 -87.1439 3.3
37.4511 -86.9092 1
City4683 37.4511 -86.9092 3.9
37.4517 -89.2681 1
City4684 37.4517 -89.2681 3.1
37.4539 -122.1811 1
City4685 37.4539 -122.1811 4.1
37.4556 -91.2094 1
City4686 37.4556 -91.2094 3.9
37.4556 -94.6889 1
City4687 37.4556 -94.6889 2.6
37.4603 -89.2469 1
City4688 37.4603 -89.2469 3.8
37.4614 -122.1967 1
City4689 37.4614 -122.1967 3.5
37.4636 -122.4275 1
City4690 37.4636 -122.4275 2.9
37.4644 -81.8139 1
City4691 37.4644 -81.8139 3.3
37.4644 -84.5067 1
City4692 37.4644 -84.5067 4.2
37.4650 -85.8933 1
City4693 37.4650 -85.8933 3.6
37.4689 -122.1400 1
City4694 37.4689 -122.1400 3.0
37.4694 -105.8694 1
City4695 37.4694 -105.8694 2.6
37.4703 -96.2633 1
City4696 37.4703 -96.2633 3.3
37.4717 -121.1286 1
City4697 37.4717 -121.1286 3.8
37.4739 -108.5039 1
City4698 37.4739 -108.5039 3.0
37.4744 -97.2436 1
City4699 37.4744 -97.2436 3.4
37.4747 -75.8586 1
City4700 37.4747 -75.8586 4.3
37.4767 -87.8200 1
City4701 37.4767 -87.8200 3.2
37.4783 -81.6536 1
City4702 37.4783 -81.6536 4.3
37.4792 -82.5189 1
City4703 37.4792 -82.5189 2.9
37.4800 -86.2939 1
City4704 37.4800 -86.2939 3.8
37.4817 -100.8433 1
City4705 37.4817 -100.8433 2.6
37.4850 -119.9653 1
City4706 37.4850 -119.9653 2.6
37.4861 -122.2333 1
City4707 37.4861 -122.2333 3.5
37.4931 -87.1319 1
City4708 37.4931 -87.1319 3.3
37.4931 -95.4700 1
City4709 37.4931 -95.4700 3.4
37.4947 -120.8456 1
City4710 37.4947 -120.8456 2.9
37.4950 -94.2764 1
City4711 37.4950 -94.2764 3.8
37.4953 -86.2214 1
City4712 37.4953 -86.2214 3.9
37.4994 -91.8569 1
City4713 37.4994 -91.8569 4.0
37.5019 -92.8208 1
City4714 37.5019 -92.8208 3.7
37.5028 -97.5042 1
City4715 37.5028 -97.5042 3.0
37.5028 -122.4683 1
City4716 37.5028 -122.4683 3.3
37.5050 -105.0072 1
City4717 37.5050 -105.0072 3.7
37.5111 -94.8378 1
City4718 37.5111 -94.8378 2.7
37.5178 -87.6903 1
City4719 37.5178 -87.6903 4.4
37.5203 -122.2747 1
City4720 37.5203 -122.2747 2.8
37.5239 -95.6611 1
City4721 37.5239 -95.6611 3.0
37.5264 -120.7958 1
City4722 37.5264 -120.7958 3.5
37.5272 -79.6800 1
City4723 37.5272 -79.6800 3.0
37.5275 -122.5122 1
City4724 37.5275 -122.5122 3.3
37.5297 -122.0392 1
City4725 37.5297 -122.0392 3.6
37.5311 -84.6619 1
City4726 37.5311 -84.6619 3.4
37.5314 -76.7967 1
City4727 37.5314 -76.7967 2.6
37.5314 -89.2533 1
City4728 37.5314 -89.2533 4.2
37.5317 -75.8233 1
City4729 37.5317 -75.8233 2.6
37.5339 -95.8264 1
City4730 37.5339 -95.8264 3.4
37.5389 -87.2583 1
City4731 37.5389 -87.2583 4.1
37.5422 -122.5150 1
City4732 37.5422 -122.5150 2.9
37.5428 -78.4575 1
City4733 37.5428 -78.4575 4.4
37.5439 -94.7000 1
City4734 37.5439 -94.7000 4.2
37.5456 -97.2686 1
City4735 37.5456 -97.2686 2.6
37.5458 -77.3281 1
City4736 37.5458 -77.3281 3.6
37.5467 -87.9839 1
City4737 37.5467 -87.9839 4.1
37.5472 -99.6339 1
City4738 37.5472 -99.6339 4.0
37.5536 -77.4606 1
City4739 37.5536 -77.4606 4.2
37.5544 -88.9722 1
City4740 37.5544 -88.9722 3.2
37.5547 -76.3372 1
City4741 37.5547 -76.3372 2.9
37.5569 -94.6217 1
City4742 37.5569 -94.6217 3.8
37.5581 -94.5197 1
City4743 37.5581 -94.5197 3.9
37.5583 -97.1347 1
City4744 37.5583 -97.1347 3.6
37.5586 -122.2700 1
City4745 37.5586 -122.2700 3.9
37.5597 -90.2939 1
City4746 37.5597 -90.2939 4.3
37.5631 -122.3244 1
City4747 37.5631 -122.3244 3.1
37.5658 -97.3539 1
City4748 37.5658 -97.3539 3.3
37.5686 -84.2964 1
City4749 37.5686 -84.2964 4.2
37.5697 -85.2528 1
City4750 37.5697 -85.2528 3.0
37.5717 -83.7069 1
City4751 37.5717 -83.7069 4.3
37.5728 -82.7528 1
City4752 37.5728 -82.7528 3.6
37.5739 -85.7400 1
City4753 37.5739 -85.7400 4.4
37.5742 -122.3783 1
City4754 37.5742 -122.3783 2.5
37.5792 -106.1475 1
City4755 37.5792 -106.1475 4.0
37.5808 -77.4072 1
City4756 37.5808 -77.4072 2.7
37.5814 -101.3547 1
City4757 37.5814 -101.3547 4.3
37.5831 -81.3806 1
City4758 37.5831 -81.3806 2.8
37.5831 -81.5372 1
City4759 37.5831 -81.5372 2.6
37.5842 -122.3650 1
City4760 37.5842 -122.3650 3.8
37.5850 -79.0517 1
City4761 37.5850 -79.0517 3.5
37.5867 -84.7939 1
City4762 37.5867 -84.7939 3.3
37.5881 -90.6289 1
City4763 37.5881 -90.6289 3.1
37.5900 -77.5567 1
City4764 37.5900 -77.5567 2.8
37.5914 -80.5439 1
City4765 37.5914 -80.5439 3.4
37.5950 -120.9567 1
City4766 37.5950 -120.9567 2.9
37.5958 -81.6361 1
City4767 37.5958 -81.6361 3.4
37.5958 -100.4428 1
City4768 37.5958 -100.4428 4.3
37.5969 -120.8650 1
City4769 37.5969 -120.8650 3.1
37.5972 -90.6272 1
City4770 37.5972 -90.6272 2.5
37.5986 -122.3861 1
City4771 37.5986 -122.3861 4.1
37.6028 -99.2922 1
City4772 37.6028 -99.2922 3.1
37.6036 -77.4917 1
City4773 37.6036 -77.4917 4.0
37.6069 -87.5286 1
City4774 37.6069 -87.5286 4.4
37.6075 -77.4772 1
City4775 37.6075 -77.4772 2.7
37.6133 -77.9050 1
City4776 37.6133 -77.9050 4.4
37.6142 -81.8667 1
City4777 37.6142 -81.8667 4.3
37.6144 -93.4103 1
City4778 37.6144 -93.4103 3.0
37.6150 -114.5111 1
City4779 37.6150 -114.5111 3.4
37.6194 -84.5781 1
City4780 37.6194 -84.5781 3.1
37.6194 -88.8367 1
City4781 37.6194 -88.8367 2.9
37.6194 -99.1061 1
City4782 37.6194 -99.1061 4.0
37.6211 -90.6403 1
City4783 37.6211 -90.6403 4.0
37.6219 -82.1633 1
City4784 37.6219 -82.1633 4.0
37.6242 -104.7797 1
City4785 37.6242 -104.7797 3.8
37.6242 -109.4775 1
City4786 37.6242 -109.4775 3.9
37.6264 -89.4978 1
City4787 37.6264 -89.4978 3.4
37.6300 -97.7822 1
City4788 37.6300 -97.7822 3.1
37.6306 -122.4100 1
City4789 37.6306 -122.4100 3.9
37.6339 -79.4506 1
City4790 37.6339 -79.4506 2.9
37.6353 -85.4008 1
City4791 37.6353 -85.4008 3.1
37.6361 -86.7175 1
City4792 37.6361 -86.7175 2.5
37.6375 -76.5747 1
City4793 37.6375 -76.5747 4.2
37.6414 -120.7594 1
City4794 37.6414 -120.7594 3.1
37.6439 -93.0922 1
City4795 37.6439 -93.0922 2.7
37.6439 -98.4308 1
City4796 37.6439 -98.4308 3.0
37.6439 -98.7372 1
City4797 37.6439 -98.7372 4.4
37.6453 -83.6489 1
City4798 37.6453 -83.6489 3.6
37.6456 -84.7722 1
City4799 37.6456 -84.7722 3.0
37.6456 -91.5358 1
City4800 37.6456 -91.5358 3.4
37.6458 -98.1133 1
City4801 37.6458 -98.1133 3.3
37.6486 -118.9711 1
City4802 37.6486 -118.9711 2.8
37.6547 -122.4067 1
City4803 37.6547 -122.4067 4.1
37.6578 -85.5911 1
City4804 37.6578 -85.5911 4.2
37.6583 -97.6833 1
City4805 37.6583 -97.6833 3.9
37.6597 -97.5750 1
City4806 37.6597 -97.5750 4.1
37.6614 -76.4194 1
City4807 37.6614 -76.4194 2.6
37.6625 -121.8736 1
City4808 37.6625 -121.8736 3.4
37.6656 -82.7717 1
City4809 37.6656 -82.7717 4.2
37.6658 -77.5067 1
City4810 37.6658 -77.5067 3.7
37.6719 -82.2842 1
City4811 37.6719 -82.2842 2.6
37.6739 -80.8894 1
City4812 37.6739 -80.8894 2.9
37.6742 -82.2775 1
City4813 37.6742 -82.2775 3.4
37.6775 -113.0611 1
City4814 37.6775 -113.0611 3.6
37.6789 -81.2106 1
City4815 37.6789 -81.2106 3.6
37.6789 -106.3528 1
City4816 37.6789 -106.3528 3.7
37.6792 -95.4569 1
City4817 37.6792 -95.4569 3.6
37.6806 -92.6636 1
City4818 37.6806 -92.6636 4.2
37.6808 -122.3989 1
City4819 37.6808 -122.3989 2.8
37.6811 -122.1233 1
City4820 37.6811 -122.1233 3.5
37.6819 -121.7669 1
City4821 37.6819 -121.7669 2.7
37.6831 -86.8714 1
City4822 37.6831 -86.8714 3.8
37.6833 -87.9167 1
City4823 37.6833 -87.9167 2.8
37.6844 -83.9531 1
City4824 37.6844 -83.9531 3.1
37.6853 -85.2222 1
City4825 37.6853 -85.2222 3.4
37.6867 -97.9764 1
City4826 37.6867 -97.9764 2.9
37.6881 -97.2633 1
City4827 37.6881 -97.2633 2.9
37.6903 -96.7819 1
City4828 37.6903 -96.7819 3.2
37.6908 -75.7164 1
City4829 37.6908 -75.7164 2.5
37.6919 -81.6242 1
City4830 37.6919 -81.6242 4.0
37.6922 -97.3372 1
City4831 37.6922 -97.3372 4.2
37.6939 -85.8592 1
City4832 37.6939 -85.8592 3.3
37.6942 -122.0853 1
City4833 37.6942 -122.0853 3.1
37.6947 -122.1128 1
City4834 37.6947 -122.1128 3.3
37.6989 -93.7958 1
City4835 37.6989 -93.7958 4.1
37.7006 -83.9739 1
City4836 37.7006 -83.9739 4.1
37.7022 -121.9347 1
City4837 37.7022 -121.9347 2.5
37.7033 -82.2811 1
City4838 37.7033 -82.2811 2.7
37.7075 -81.2508 1
City4839 37.7075 -81.2508 3.1
37.7103 -76.3800 1
City4840 37.7103 -76.3800 2.7
37.7106 -82.1842 1
City4841 37.7106 -82.1842 3.3
37.7117 -75.7494 1
City4842 37.7117 -75.7494 2.5
37.7131 -88.1867 1
City4843 37.7131 -88.1867 4.2
37.7139 -97.1361 1
City4844 37.7139 -97.1361 4.4
37.7153 -91.1350 1
City4845 37.7153 -91.1350 3.5
37.7194 -75.6658 1
City4846 37.7194 -75.6658 4.2
37.7203 -122.5258 1
City4847 37.7203 -122.5258 3.0
37.7242 -89.8611 1
City4848 37.7242 -89.8611 2.9
37.7250 -122.1550 1
City4849 37.7250 -122.1550 2.6
37.7258 -80.6422 1
City4850 37.7258 -80.6422 4.0
37.7272 -89.2167 1
City4851 37.7272 -89.2167 2.9
37.7306 -81.8381 1
City4852 37.7306 -81.8381 3.6
37.7306 -88.9331 1
City4853 37.7306 -88.9331 3.2
37.7339 -88.3433 1
City4854 37.7339 -88.3433 3.7
37.7342 -79.3542 1
City4855 37.7342 -79.3542 2.6
37.7347 -81.2997 1
City4856 37.7347 -81.2997 2.9
37.7361 -120.9344 1
City4857 37.7361 -120.9344 4.2
37.7383 -88.5406 1
City4858 37.7383 -88.5406 4.4
37.7397 -81.8778 1
City4859 37.7397 -81.8778 3.4
37.7397 -121.4242 1
City4860 37.7397 -121.4242 4.3
37.7406 -81.2308 1
City4861 37.7406 -81.2308 2.7
37.7417 -121.1233 1
City4862 37.7417 -121.1233 4.2
37.7431 -81.1231 1
City4863 37.7431 -81.1231 3.8
37.7433 -87.7039 1
City4864 37.7433 -87.7039 2.5
37.7478 -84.2947 1
City4865 37.7478 -84.2947 4.1
37.7497 -80.4631 1
City4866 37.7497 -80.4631 3.6
37.7519 -89.0678 1
City4867 37.7519 -89.0678 3.5
37.7525 -83.0689 1
City4868 37.7525 -83.0689 3.7
37.7528 -100.0167 1
City4869 37.7528 -100.0167 3.9
37.7531 -106.1081 1
City4870 37.7531 -106.1081 3.3
37.7533 -84.7667 1
City4871 37.7533 -84.7667 2.8
37.7583 -81.2128 1
City4872 37.7583 -81.2128 3.5
37.7589 -77.4803 1
City4873 37.7589 -77.4803 3.0
37.7600 -89.0772 1
City4874 37.7600 -89.0772 3.1
37.7622 -84.8433 1
City4875 37.7622 -84.8433 4.0
37.7644 -89.3350 1
City4876 37.7644 -89.3350 3.3
37.7661 -108.9053 1
City4877 37.7661 -108.9053 3.7
37.7667 -120.8461 1
City4878 37.7667 -120.8461 2.7
37.7692 -90.6247 1
City4879 37.7692 -90.6247 2.9
37.7703 -111.6014 1
City4880 37.7703 -111.6014 3.0
37.7708 -81.2086 1
City4881 37.7708 -81.2086 2.6
37.7733 -113.0236 1
City4882 37.7733 -113.0236 2.7
37.7739 -89.0264 1
City4883 37.7739 -89.0264 3.1
37.7742 -87.1133 1
City4884 37.7742 -87.1133 4.4
37.7750 -122.4183 1
City4885 37.7750 -122.4183 4.1
37.7753 -87.9306 1
City4886 37.7753 -87.9306 4.2
37.7781 -81.1883 1
City4887 37.7781 -81.1883 4.1
37.7792 -96.4669 1
City4888 37.7792 -96.4669 3.4
37.7792 -97.5361 1
City4889 37.7792 -97.5361 3.3
37.7800 -86.4606 1
City4890 37.7800 -86.4606 3.7
37.7800 -98.0194 1
City4891 37.7800 -98.0194 4.1
37.7800 -121.9769 1
City4892 37.7800 -121.9769 4.3
37.7806 -80.4572 1
City4893 37.7806 -80.4572 2.8
37.7808 -90.4217 1
City4894 37.7808 -90.4217 2.8
37.7814 -89.1192 1
City4895 37.7814 -89.1192 3.1
37.7819 -75.6539 1
City4896 37.7819 -75.6539 4.2
37.7831 -81.2661 1
City4897 37.7831 -81.2661 3.0
37.7839 -79.4431 1
City4898 37.7839 -79.4431 2.5
37.7889 -97.1083 1
City4899 37.7889 -97.1083 3.9
37.7906 -97.6292 1
City4900 37.7906 -97.6292 2.5
37.7931 -81.9878 1
City4901 37.7931 -81.9878 3.7
37.7933 -79.9942 1
City4902 37.7933 -79.9942 3.8
37.7944 -93.5778 1
City4903 37.7944 -93.5778 2.6
37.7964 -80.2978 1
City4904 37.7964 -80.2978 3.3
37.7975 -79.7914 1
City4905 37.7975 -79.7914 3.3
37.7975 -96.9994 1
City4906 37.7975 -96.9994 4.0
37.7975 -120.9956 1
City4907 37.7975 -120.9956 2.9
37.7975 -121.2150 1
City4908 37.7975 -121.2150 4.1
37.7992 -88.2611 1
City4909 37.7992 -88.2611 4.1
37.8000 -97.3181 1
City4910 37.8000 -97.3181 4.3
37.8017 -80.4458 1
City4911 37.8017 -80.4458 3.1
37.8031 -89.0275 1
City4912 37.8031 -89.0275 3.6
37.8044 -122.2697 1
City4913 37.8044 -122.2697 3.1
37.8067 -100.3478 1
City4914 37.8067 -100.3478 4.2
37.8092 -85.4669 1
City4915 37.8092 -85.4669 2.6
37.8100 -85.9814 1
City4916 37.8100 -85.9814 2.8
37.8106 -95.4367 1
City4917 37.8106 -95.4367 4.2
37.8119 -107.6639 1
City4918 37.8119 -107.6639 2.7
37.8133 -82.0247 1
City4919 37.8133 -82.0247 3.1
37.8136 -88.4381 1
City4920 37.8136 -88.4381 2.7
37.8144 -82.8072 1
City4921 37.8144 -82.8072 3.7
37.8158 -81.1525 1
City4922 37.8158 -81.1525 3.5
37.8161 -79.8247 1
City4923 37.8161 -79.8247 3.4
37.8172 -96.8619 1
City4924 37.8172 -96.8619 2.8
37.8175 -89.2278 1
City4925 37.8175 -89.2278 3.6
37.8206 -88.9275 1
City4926 37.8206 -88.9275 4.2
37.8217 -121.9989 1
City4927 37.8217 -121.9989 3.0
37.8228 -112.4350 1
City4928 37.8228 -112.4350 3.2
37.8228 -121.2756 1
City4929 37.8228 -121.2756 3.2
37.8239 -96.2889 1
City4930 37.8239 -96.2889 4.0
37.8242 -82.0597 1
City4931 37.8242 -82.0597 3.7
37.8244 -122.2306 1
City4932 37.8244 -122.2306 4.3
37.8261 -75.9919 1
City4933 37.8261 -75.9919 2.6
37.8286 -92.2006 1
City4934 37.8286 -92.2006 3.4
37.8314 -122.2842 1
City4935 37.8314 -122.2842 3.0
37.8331 -89.1428 1
City4936 37.8331 -89.1428 2.9
37.8333 -86.6328 1
City4937 37.8333 -86.6328 3.4
37.8344 -85.7319 1
City4938 37.8344 -85.7319 3.1
37.8347 -97.3731 1
City4939 37.8347 -97.3731 3.9
37.8361 -81.1350 1
City4940 37.8361 -81.1350 2.5
37.8361 -87.5900 1
City4941 37.8361 -87.5900 3.8
37.8364 -81.2019 1
City4942 37.8364 -81.2019 4.3
37.8367 -90.5328 1
City4943 37.8367 -90.5328 3.1
37.8392 -94.3544 1
City4944 37.8392 -94.3544 3.9
37.8397 -94.7081 1
City4945 37.8397 -94.7081 2.7
37.8403 -85.9492 1
City4946 37.8403 -85.9492 3.9
37.8406 -88.6092 1
City4947 37.8406 -88.6092 3.8
37.8422 -112.8272 1
City4948 37.8422 -112.8272 2.7
37.8436 -82.4094 1
City4949 37.8436 -82.4094 4.1
37.8456 -83.8583 1
City4950 37.8456 -83.8583 2.8
37.8486 -81.9936 1
City4951 37.8486 -81.9936 2.8
37.8492 -106.9258 1
City4952 37.8492 -106.9258 3.1
37.8500 -99.7564 1
City4953 37.8500 -99.7564 3.7
37.8503 -90.4986 1
City4954 37.8503 -90.4986 2.9
37.8503 -122.0311 1
City4955 37.8503 -122.0311 2.8
37.8511 -90.5206 1
City4956 37.8511 -90.5206 3.5
37.8567 -92.4050 1
City4957 37.8567 -92.4050 3.9
37.8589 -80.8544 1
City4958 37.8589 -80.8544 4.1
37.8592 -83.9186 1
City4959 37.8592 -83.9186 3.4
37.8592 -122.4842 1
City4960 37.8592 -122.4842 3.3
37.8619 -84.6617 1
City4961 37.8619 -84.6617 2.7
37.8667 -81.9867 1
City4962 37.8667 -81.9867 3.7
37.8672 -90.5931 1
City4963 37.8672 -90.5931 3.6
37.8686 -97.6647 1
City4964 37.8686 -97.6647 3.4
37.8714 -109.3422 1
City4965 37.8714 -109.3422 4.3
37.8717 -122.2717 1
City4966 37.8717 -122.2717 3.4
37.8728 -90.5278 1
City4967 37.8728 -90.5278 2.7
37.8736 -122.4556 1
City4968 37.8736 -122.4556 4.2
37.8769 -89.1144 1
City4969 37.8769 -89.1144 3.2
37.8772 -122.1786 1
City4970 37.8772 -122.1786 3.1
37.8803 -86.2839 1
City4971 37.8803 -86.2839 3.5
37.8806 -84.5731 1
City4972 37.8806 -84.5731 3.2
37.8811 -95.7331 1
City4973 37.8811 -95.7331 3.8
37.8831 -87.0494 1
City4974 37.8831 -87.0494 3.1
37.8858 -122.1169 1
City4975 37.8858 -122.1169 4.1
37.8869 -122.2967 1
City4976 37.8869 -122.2967 3.7
37.8883 -89.4947 1
City4977 37.8883 -89.4947 3.0
37.8967 -98.1783 1
City4978 37.8967 -98.1783 3.8
37.8978 -88.9314 1
City4979 37.8978 -88.9314 2.8
37.8989 -97.7825 1
City4980 37.8989 -97.7825 3.3
37.8994 -89.0519 1
City4981 37.8994 -89.0519 3.3
37.9000 -86.7550 1
City4982 37.9000 -86.7550 3.7
37.9061 -122.5439 1
City4983 37.9061 -122.5439 3.1
37.9064 -122.0639 1
City4984 37.9064 -122.0639 4.1
37.9086 -88.1292 1
City4985 37.9086 -88.1292 4.0
37.9094 -122.6853 1
City4986 37.9094 -122.6853 4.4
37.9100 -89.2358 1
City4987 37.9100 -89.2358 3.5
37.9103 -85.3167 1
City4988 37.9103 -85.3167 3.0
37.9106 -122.2792 1
City4989 37.9106 -122.2792 2.6
37.9114 -86.7444 1
City4990 37.9114 -86.7444 4.1
37.9136 -89.8219 1
City4991 37.9136 -89.8219 2.6
37.9142 -91.9025 1
City4992 37.9142 -91.9025 2.7
37.9161 -95.1700 1
City4993 37.9161 -95.1700 3.8
37.9167 -97.4222 1
City4994 37.9167 -97.4222 4.0
37.9169 -95.2989 1
City4995 37.9169 -95.2989 3.6
37.9175 -88.7622 1
City4996 37.9175 -88.7622 3.3
37.9214 -83.2597 1
City4997 37.9214 -83.2597 3.1
37.9231 -90.5553 1
City4998 37.9231 -90.5553 3.6
37.9231 -99.4094 1
City4999 37.9231 -99.4094 4.2
37.9236 -95.3458 1
City5000 37.9236 -95.3458 3.5
37.9244 -95.3997 1
City5001 37.9244 -95.3997 4.1
37.9253 -76.8594 1
City5002 37.9253 -76.8594 4.2
37.9256 -122.5264 1
City5003 37.9256 -122.5264 2.9
37.9331 -75.3792 1
City5004 37.9331 -75.3792 3.8
37.9358 -122.3467 1
City5005 37.9358 -122.3467 4.2
37.9361 -99.2522 1
City5006 37.9361 -99.2522 3.3
37.9364 -90.7878 1
City5007 37.9364 -90.7878 2.8
37.9369 -85.9917 1
City5008 37.9369 -85.9917 4.0
37.9369 -86.9022 1
City5009 37.9369 -86.9022 3.0
37.9375 -107.8117 1
City5010 37.9375 -107.8117 3.4
37.9389 -97.0194 1
City5011 37.9389 -97.0194 3.6
37.9403 -91.8808 1
City5012 37.9403 -91.8808 4.2
37.9406 -101.2544 1
City5013 37.9406 -101.2544 2.7
37.9444 -87.4053 1
City5014 37.9444 -87.4053 3.7
37.9481 -122.0597 1
City5015 37.9481 -122.0597 4.4
37.9489 -92.2636 1
City5016 37.9489 -92.2636 3.6
37.9508 -83.6258 1
City5017 37.9508 -83.6258 3.5
37.9514 -86.7678 1
City5018 37.9514 -86.7678 4.3
37.9514 -91.7711 1
City5019 37.9514 -91.7711 2.7
37.9533 -120.4217 1
City5020 37.9533 -120.4217 4.3
37.9578 -121.2897 1
City5021 37.9578 -121.2897 2.7
37.9586 -76.7583 1
City5022 37.9586 -76.7583 3.3
37.9622 -98.6003 1
City5023 37.9622 -98.6003 4.3
37.9622 -122.3444 1
City5024 37.9622 -122.3444 3.2
37.9631 -80.6897 1
City5025 37.9631 -80.6897 3.6
37.9647 -97.1472 1
City5026 37.9647 -97.1472 3.0
37.9681 -91.3547 1
City5027 37.9681 -91.3547 3.0
37.9686 -80.7672 1
City5028 37.9686 -80.7672 3.1
37.9717 -100.8722 1
City5029 37.9717 -100.8722 4.3
37.9725 -89.0533 1
City5030 37.9725 -89.0533 3.8
37.9736 -82.0175 1
City5031 37.9736 -82.0175 4.2
37.9736 -83.8419 1
City5032 37.9736 -83.8419 3.1
37.9736 -121.6944 1
City5033 37.9736 -121.6944 4.4
37.9736 -122.5300 1
City5034 37.9736 -122.5300 4.0
37.9747 -75.8342 1
City5035 37.9747 -75.8342 2.6
37.9747 -81.5292 1
City5036 37.9747 -81.5292 2.9
37.9747 -87.5558 1
City5037 37.9747 -87.5558 2.6
37.9747 -122.5606 1
City5038 37.9747 -122.5606 3.6
37.9772 -122.2942 1
City5039 37.9772 -122.2942 3.4
37.9781 -122.0300 1
City5040 37.9781 -122.0300 2.5
37.9797 -101.1328 1
City5041 37.9797 -101.1328 3.3
37.9806 -101.7522 1
City5042 37.9806 -101.7522 4.3
37.9811 -88.3292 1
City5043 37.9811 -88.3292 2.6
37.9831 -89.0161 1
City5044 37.9831 -89.0161 4.0
37.9833 -75.8542 1
City5045 37.9833 -75.8542 2.9
37.9839 -89.5894 1
City5046 37.9839 -89.5894 3.9
37.9842 -120.3811 1
City5047 37.9842 -120.3811 4.2
37.9850 -103.5433 1
City5048 37.9850 -103.5433 3.8
37.9861 -100.9889 1
City5049 37.9861 -100.9889 3.4
37.9872 -122.5878 1
City5050 37.9872 -122.5878 3.9
37.9883 -85.7158 1
City5051 37.9883 -85.7158 2.8
37.9900 -84.1797 1
City5052 37.9900 -84.1797 3.6
37.9917 -92.0936 1
City5053 37.9917 -92.0936 3.6
37.9942 -83.8878 1
City5054 37.9942 -83.8878 4.2
37.9953 -86.7978 1
City5055 37.9953 -86.7978 3.0
37.9967 -88.9200 1
City5056 37.9967 -88.9200 3.0
37.9969 -103.5314 1
City5057 37.9969 -103.5314 3.4
37.9975 -121.7114 1
City5058 37.9975 -121.7114 4.0
37.9978 -120.2689 1
City5059 37.9978 -120.2689 2.9
37.9989 -86.1694 1
City5060 37.9989 -86.1694 4.2
37.9994 -85.9436 1
City5061 37.9994 -85.9436 3.3
38.0014 -97.5083 1
City5062 38.0014 -97.5083 3.3
38.0044 -122.2978 1
City5063 38.0044 -122.2978 2.9
38.0050 -121.8047 1
City5064 38.0050 -121.8047 3.1
38.0072 -89.6583 1
City5065 38.0072 -89.6583 2.6
38.0081 -92.7444 1
City5066 38.0081 -92.7444 3.8
38.0128 -122.6442 1
City5067 38.0128 -122.6442 3.4
38.0144 -103.6278 1
City5068 38.0144 -103.6278 2.5
38.0147 -87.0364 1
City5069 38.0147 -87.0364 3.3
38.0150 -121.6394 1
City5070 38.0150 -121.6394 2.9
38.0153 -89.0425 1
City5071 38.0153 -89.0425 2.8
38.0164 -89.6186 1
City5072 38.0164 -89.6186 4.0
38.0172 -122.2875 1
City5073 38.0172 -122.2875 4.2
38.0228 -107.6708 1
City5074 38.0228 -107.6708 3.5
38.0239 -97.6694 1
City5075 38.0239 -97.6694 3.6
38.0250 -78.0044 1
City5076 38.0250 -78.0044 4.2
38.0269 -121.9361 1
City5077 38.0269 -121.9361 4.3
38.0281 -97.9400 1
City5078 38.0281 -97.9400 3.9
38.0281 -121.8836 1
City5079 38.0281 -121.8836 3.9
38.0292 -78.4769 1
City5080 38.0292 -78.4769 3.9
38.0300 -79.0339 1
City5081 38.0300 -79.0339 3.5
38.0317 -85.3425 1
City5082 38.0317 -85.3425 2.6
38.0331 -122.2658 1
City5083 38.0331 -122.2658 2.9
38.0372 -84.8967 1
City5084 38.0372 -84.8967 3.4
38.0397 -120.2317 1
City5085 38.0397 -120.2317 3.1
38.0467 -93.7042 1
City5086 38.0467 -93.7042 3.4
38.0467 -97.3447 1
City5087 38.0467 -97.3447 4.1
38.0492 -87.2742 1
City5088 38.0492 -87.2742 2.9
38.0494 -77.3469 1
City5089 38.0494 -77.3469 4.0
38.0494 -122.1575 1
City5090 38.0494 -122.1575 2.6
38.0500 -85.5458 1
City5091 38.0500 -85.5458 4.0
38.0522 -102.1222 1
City5092 38.0522 -102.1222 3.6
38.0525 -84.7300 1
City5093 38.0525 -84.7300 4.2
38.0528 -81.1042 1
City5094 38.0528 -81.1042 3.5
38.0564 -83.9433 1
City5095 38.0564 -83.9433 3.2
38.0608 -97.9294 1
City5096 38.0608 -97.9294 3.7
38.0628 -91.4033 1
City5097 38.0628 -91.4033 2.6
38.0633 -78.5028 1
City5098 38.0633 -78.5028 3.3
38.0639 -102.3100 1
City5099 38.0639 -102.3100 3.5
38.0667 -103.2222 1
City5100 38.0667 -103.2222 4.1
38.0669 -81.8194 1
City5101 38.0669 -81.8194 3.2
38.0672 -117.2292 1
City5102 38.0672 -117.2292 3.5
38.0683 -78.8897 1
City5103 38.0683 -78.8897 3.5
38.0694 -78.7008 1
City5104 38.0694 -78.7008 3.6
38.0722 -97.3453 1
City5105 38.0722 -97.3453 2.6
38.0756 -75.5683 1
City5106 38.0756 -75.5683 3.4
38.0786 -79.3833 1
City5107 38.0786 -79.3833 3.6
38.0803 -89.3819 1
City5108 38.0803 -89.3819 3.4
38.0808 -81.8342 1
City5109 38.0808 -81.8342 4.3
38.0831 -90.0958 1
City5110 38.0831 -90.0958 2.9
38.0839 -95.6342 1
City5111 38.0839 -95.6342 2.7
38.0844 -99.8931 1
City5112 38.0844 -99.8931 3.2
38.0864 -83.1264 1
City5113 38.0864 -83.1264 2.7
38.0872 -102.6203 1
City5114 38.0872 -102.6203 3.2
38.0875 -106.0944 1
City5115 38.0875 -106.0944 3.4
38.0903 -89.9383 1
City5116 38.0903 -89.9383 4.3
38.0903 -92.2925 1
City5117 38.0903 -92.2925 3.3
38.0908 -88.1586 1
City5118 38.0908 -88.1586 3.7
38.0917 -89.0503 1
City5119 38.0917 -89.0503 3.6
38.0933 -88.5356 1
City5120 38.0933 -88.5356 2.9
38.0989 -81.3242 1
City5121 38.0989 -81.3242 3.9
38.0992 -87.5789 1
City5122 38.0992 -87.5789 2.8
38.0994 -88.3375 1
City5123 38.0994 -88.3375 3.2
38.1042 -122.2556 1
City5124 38.1042 -122.2556 2.8
38.1050 -85.7589 1
City5125 38.1050 -85.7589 3.1
38.1075 -122.5686 1
City5126 38.1075 -122.5686 3.4
38.1089 -78.8578 1
City5127 38.1089 -78.8578 2.6
38.1111 -85.8703 1
City5128 38.1111 -85.8703 3.2
38.1142 -82.6033 1
City5129 38.1142 -82.6033 2.8
38.1161 -82.5958 1
City5130 38.1161 -82.5958 4.1
38.1169 -78.4419 1
City5131 38.1169 -78.4419 4.4
38.1200 -86.9142 1
City5132 38.1200 -86.9142 3.3
38.1231 -89.7017 1
City5133 38.1231 -89.7017 3.0
38.1236 -85.7197 1
City5134 38.1236 -85.7197 4.3
38.1292 -104.0228 1
City5135 38.1292 -104.0228 4.2
38.1297 -87.9350 1
City5136 38.1297 -87.9350 3.3
38.1303 -121.2714 1
City5137 38.1303 -121.2714 3.7
38.1344 -97.7697 1
City5138 38.1344 -97.7697 3.1
38.1356 -96.1356 1
City5139 38.1356 -96.1356 3.3
38.1361 -81.0997 1
City5140 38.1361 -81.0997 3.9
38.1372 -78.1881 1
City5141 38.1372 -78.1881 2.9
38.1375 -120.4586 1
City5142 38.1375 -120.4586 2.8
38.1378 -89.2300 1
City5143 38.1378 -89.2300 2.9
38.1383 -97.4311 1
City5144 38.1383 -97.4311 3.7
38.1400 -93.7267 1
City5145 38.1400 -93.7267 3.0
38.1411 -85.6878 1
City5146 38.1411 -85.6878 2.9
38.1428 -94.8133 1
City5147 38.1428 -94.8133 4.3
38.1450 -84.1114 1
City5148 38.1450 -84.1114 4.2
38.1472 -98.0833 1
City5149 38.1472 -98.0833 3.7
38.1494 -79.0719 1
City5150 38.1494 -79.0719 3.1
38.1503 -92.6178 1
City5151 38.1503 -92.6178 2.9
38.1506 -81.2875 1
City5152 38.1506 -81.2875 3.0
38.1522 -121.2422 1
City5153 38.1522 -121.2422 4.0
38.1542 -121.3003 1
City5154 38.1542 -121.3003 3.5
38.1547 -91.2439 1
City5155 38.1547 -91.2439 4.4
38.1558 -121.6903 1
City5156 38.1558 -121.6903 3.1
38.1597 -85.5878 1
City5157 38.1597 -85.5878 2.8
38.1597 -87.4483 1
City5158 38.1597 -87.4483 2.8
38.1600 -85.6597 1
City5159 38.1600 -85.6597 3.2
38.1617 -88.0653 1
City5160 38.1617 -88.0653 3.3
38.1619 -83.4289 1
City5161 38.1619 -83.4289 3.1
38.1619 -121.6106 1
City5162 38.1619 -121.6106 3.5
38.1636 -121.1489 1
City5163 38.1636 -121.1489 4.3
38.1683 -81.1950 1
City5164 38.1683 -81.1950 2.8
38.1689 -86.9900 1
City5165 38.1689 -86.9900 3.8
38.1694 -97.1064 1
City5166 38.1694 -97.1064 3.6
38.1700 -87.7831 1
City5167 38.1700 -87.7831 4.0
38.1769 -75.3931 1
City5168 38.1769 -75.3931 3.6
38.1778 -94.7111 1
City5169 38.1778 -94.7111 2.9
38.1783 -85.7097 1
City5170 38.1783 -85.7097 4.0
38.1803 -81.3286 1
City5171 38.1803 -81.3286 3.0
38.1806 -99.0983 1
City5172 38.1806 -99.0983 2.5
38.1811 -81.3072 1
City5173 38.1811 -81.3072 4.2
38.1864 -89.6056 1
City5174 38.1864 -89.6056 4.2
38.1867 -91.9469 1
City5175 38.1867 -91.9469 4.0
38.1869 -81.3656 1
City5176 38.1869 -81.3656 3.6
38.1875 -87.7103 1
City5177 38.1875 -87.7103 4.0
38.1906 -94.0292 1
City5178 38.1906 -94.0292 3.4
38.1942 -85.5644 1
City5179 38.1942 -85.5644 3.1
38.1944 -95.7425 1
City5180 38.1944 -95.7425 4.0
38.1950 -85.6519 1
City5181 38.1950 -85.6519 3.5
38.1961 -87.2967 1
City5182 38.1961 -87.2967 2.7
38.1961 -120.6794 1
City5183 38.1961 -120.6794 4.2
38.1969 -85.6633 1
City5184 38.1969 -85.6633 2.6
38.1981 -88.6844 1
City5185 38.1981 -88.6844 3.7
38.2000 -85.8228 1
City5186 38.2000 -85.8228 4.3
38.2008 -84.8733 1
City5187 38.2008 -84.8733 3.1
38.2019 -79.0086 1
City5188 38.2019 -79.0086 4.3
38.2028 -75.6928 1
City5189 38.2028 -75.6928 2.7
38.2031 -97.5189 1
City5190 38.2031 -97.5189 3.4
38.2039 -85.7253 1
City5191 38.2039 -85.7253 3.1
38.2050 -87.5742 1
City5192 38.2050 -87.5742 3.0
38.2081 -91.1603 1
City5193 38.2081 -91.1603 2.8
38.2097 -84.2531 1
City5194 38.2097 -84.2531 4.3
38.2100 -81.3842 1
City5195 38.2100 -81.3842 3.2
38.2100 -98.2067 1
City5196 38.2100 -98.2067 2.6
38.2117 -89.9942 1
City5197 38.2117 -89.9942 4.3
38.2119 -85.2236 1
City5198 38.2119 -85.2236 2.9
38.2119 -86.1219 1
City5199 38.2119 -86.1219 3.4
38.2119 -89.6825 1
City5200 38.2119 -89.6825 3.2
38.2125 -85.7403 1
City5201 38.2125 -85.7403 3.3
38.2142 -85.6139 1
City5202 38.2142 -85.6139 3.7
38.2142 -112.9228 1
City5203 38.2142 -112.9228 4.2
38.2153 -81.4247 1
City5204 38.2153 -81.4247 3.4
38.2181 -81.4431 1
City5205 38.2181 -81.4431 4.0
38.2181 -103.7556 1
City5206 38.2181 -103.7556 2.9
38.2183 -108.5681 1
City5207 38.2183 -108.5681 3.5
38.2206 -90.3958 1
City5208 38.2206 -90.3958 2.8
38.2211 -90.3789 1
City5209 38.2211 -90.3789 3.2
38.2214 -82.4425 1
City5210 38.2214 -82.4425 3.5
38.2225 -85.3553 1
City5211 38.2225 -85.3553 3.1
38.2233 -80.0947 1
City5212 38.2233 -80.0947 3.0
38.2239 -86.8622 1
City5213 38.2239 -86.8622 2.8
38.2247 -80.5333 1
City5214 38.2247 -80.5333 4.1
38.2289 -85.6775 1
City5215 38.2289 -85.6775 2.9
38.2319 -81.5378 1
City5216 38.2319 -81.5378 2.6
38.2319 -97.7731 1
City5217 38.2319 -97.7731 3.0
38.2322 -90.5628 1
City5218 38.2322 -90.5628 3.4
38.2325 -122.6356 1
City5219 38.2325 -122.6356 2.7
38.2369 -85.9858 1
City5220 38.2369 -85.9858 2.8
38.2383 -122.0392 1
City5221 38.2383 -122.0392 3.1
38.2403 -85.5242 1
City5222 38.2403 -85.5242 4.0
38.2431 -93.3817 1
City5223 38.2431 -93.3817 4.2
38.2444 -96.9278 1
City5224 38.2444 -96.9278 3.8
38.2453 -78.1111 1
City5225 38.2453 -78.1111 4.0
38.2453 -81.5672 1
City5226 38.2453 -81.5672 3.8
38.2456 -87.0361 1
City5227 38.2456 -87.0361 3.6
38.2494 -122.0389 1
City5228 38.2494 -122.0389 3.6
38.2500 -89.7500 1
City5229 38.2500 -89.7500 3.3
38.2511 -87.5811 1
City5230 38.2511 -87.5811 4.3
38.2522 -85.5922 1
City5231 38.2522 -85.5922 4.1
38.2542 -85.7594 1
City5232 38.2542 -85.7594 4.1
38.2544 -76.9639 1
City5233 38.2544 -76.9639 4.0
38.2544 -104.6086 1
City5234 38.2544 -104.6086 2.6
38.2547 -85.6314 1
City5235 38.2547 -85.6314 3.2
38.2547 -121.2989 1
City5236 38.2547 -121.2989 4.3
38.2567 -85.6017 1
City5237 38.2567 -85.6017 4.2
38.2575 -87.9936 1
City5238 38.2575 -87.9936 3.2
38.2586 -94.3303 1
City5239 38.2586 -94.3303 3.3
38.2614 -85.6292 1
City5240 38.2614 -85.6292 2.5
38.2667 -76.4542 1
City5241 38.2667 -76.4542 3.9
38.2667 -85.5331 1
City5242 38.2667 -85.5331 3.3
38.2672 -78.8261 1
City5243 38.2672 -78.8261 2.9
38.2678 -85.6717 1
City5244 38.2678 -85.6717 3.3
38.2683 -90.3800 1
City5245 38.2683 -90.3800 3.0
38.2694 -108.5472 1
City5246 38.2694 -108.5472 2.9
38.2717 -84.6864 1
City5247 38.2717 -84.6864 3.6
38.2719 -87.6878 1
City5248 38.2719 -87.6878 2.6
38.2722 -85.5836 1
City5249 38.2722 -85.5836 2.5
38.2731 -85.6231 1
City5250 38.2731 -85.6231 2.8
38.2739 -85.6344 1
City5251 38.2739 -85.6344 3.9
38.2750 -85.6150 1
City5252 38.2750 -85.6150 2.7
38.2769 -112.6403 1
City5253 38.2769 -112.6403 3.3
38.2786 -82.1031 1
City5254 38.2786 -82.1031 4.3
38.2794 -85.6500 1
City5255 38.2794 -85.6500 3.8
38.2806 -95.2417 1
City5256 38.2806 -95.2417 3.8
38.2811 -80.8528 1
City5257 38.2811 -80.8528 3.1
38.2825 -85.5744 1
City5258 38.2825 -85.5744 4.1
38.2833 -85.5911 1
City5259 38.2833 -85.5911 3.0
38.2833 -90.3950 1
City5260 38.2833 -90.3950 2.8
38.2856 -82.1958 1
City5261 38.2856 -82.1958 2.6
38.2856 -85.8242 1
City5262 38.2856 -85.8242 3.0
38.2858 -91.7203 1
City5263 38.2858 -91.7203 2.5
38.2911 -76.6361 1
City5264 38.2911 -76.6361 3.2
38.2919 -122.4569 1
City5265 38.2919 -122.4569 2.8
38.2944 -90.3158 1
City5266 38.2944 -90.3158 2.9
38.2972 -85.6033 1
City5267 38.2972 -85.6033 3.4
38.2972 -122.2844 1
City5268 38.2972 -122.2844 4.0
38.2978 -122.4906 1
City5269 38.2978 -122.4906 4.1
38.2989 -86.9550 1
City5270 38.2989 -86.9550 2.5
38.3000 -83.1742 1
City5271 38.3000 -83.1742 3.4
38.3003 -76.5078 1
City5272 38.3003 -76.5078 2.9
38.3017 -91.6328 1
City5273 38.3017 -91.6328 3.7
38.3019 -84.1475 1
City5274 38.3019 -84.1475 2.6
38.3028 -85.5961 1
City5275 38.3028 -85.5961 3.4
38.3050 -89.9942 1
City5276 38.3050 -89.9942 3.9
38.3056 -85.6964 1
City5277 38.3056 -85.6964 3.4
38.3083 -95.9556 1
City5278 38.3083 -95.9556 3.8
38.3106 -85.4875 1
City5279 38.3106 -85.4875 4.2
38.3119 -84.0275 1
City5280 38.3119 -84.0275 3.1
38.3139 -122.4808 1
City5281 38.3139 -122.4808 2.9
38.3150 -91.9225 1
City5282 38.3150 -91.9225 3.4
38.3167 -86.6958 1
City5283 38.3167 -86.6958 3.4
38.3172 -88.9031 1
City5284 38.3172 -88.9031 2.7
38.3175 -81.5211 1
City5285 38.3175 -81.5211 2.8
38.3219 -75.6206 1
City5286 38.3219 -75.6206 3.3
38.3225 -75.2181 1
City5287 38.3225 -75.2181 3.4
38.3239 -77.4686 1
City5288 38.3239 -77.4686 3.2
38.3239 -121.8211 1
City5289 38.3239 -121.8211 3.3
38.3264 -89.8769 1
City5290 38.3264 -89.8769 3.3
38.3269 -122.7061 1
City5291 38.3269 -122.7061 3.4
38.3294 -89.1908 1
City5292 38.3294 -89.1908 2.8
38.3306 -80.6533 1
City5293 38.3306 -80.6533 3.0
38.3308 -88.7258 1
City5294 38.3308 -88.7258 3.1
38.3322 -87.4453 1
City5295 38.3322 -87.4453 4.4
38.3325 -82.9486 1
City5296 38.3325 -82.9486 4.3
38.3336 -85.6536 1
City5297 38.3336 -85.6536 3.7
38.3344 -86.4642 1
City5298 38.3344 -86.4642 3.0
38.3358 -90.1497 1
City5299 38.3358 -90.1497 4.0
38.3364 -75.0853 1
City5300 38.3364 -75.0853 3.7
38.3386 -87.3450 1
City5301 38.3386 -87.3450 2.6
38.3397 -122.7000 1
City5302 38.3397 -122.7000 3.4
38.3422 -86.2761 1
City5303 38.3422 -86.2761 4.3
38.3436 -89.3806 1
City5304 38.3436 -89.3806 2.7
38.3450 -85.6156 1
City5305 38.3450 -85.6156 3.4
38.3450 -98.2014 1
City5306 38.3450 -98.2014 3.2
38.3453 -88.5878 1
City5307 38.3453 -88.5878 3.2
38.3456 -91.5014 1
City5308 38.3456 -91.5014 4.1
38.3483 -92.5814 1
City5309 38.3483 -92.5814 2.6
38.3483 -97.0169 1
City5310 38.3483 -97.0169 4.3
38.3489 -120.7731 1
City5311 38.3489 -120.7731 4.0
38.3497 -81.6328 1
City5312 38.3497 -81.6328 4.3
38.3500 -94.7611 1
City5313 38.3500 -94.7611 3.2
38.3517 -85.9417 1
City5314 38.3517 -85.9417 4.0
38.3519 -97.2042 1
City5315 38.3519 -97.2042 3.1
38.3528 -120.9317 1
City5316 38.3528 -120.9317 2.7
38.3550 -98.3492 1
City5317 38.3550 -98.3492 2.7
38.3553 -87.5675 1
City5318 38.3553 -87.5675 3.5
38.3556 -98.5806 1
City5319 38.3556 -98.5806 4.2
38.3567 -121.9867 1
City5320 38.3567 -121.9867 3.2
38.3606 -75.5997 1
City5321 38.3606 -75.5997 3.7
38.3606 -81.7375 1
City5322 38.3606 -81.7375 3.2
38.3642 -122.5231 1
City5323 38.3642 -122.5231 3.1
38.3644 -98.7644 1
City5324 38.3644 -98.7644 2.7
38.3683 -81.6997 1
City5325 38.3683 -81.6997 3.2
38.3700 -85.1806 1
City5326 38.3700 -85.1806 4.3
38.3708 -97.6639 1
City5327 38.3708 -97.6639 2.7
38.3722 -96.5425 1
City5328 38.3722 -96.5425 3.9
38.3756 -86.3447 1
City5329 38.3756 -86.3447 3.3
38.3775 -88.0561 1
City5330 38.3775 -88.0561 2.5
38.3819 -78.9769 1
City5331 38.3819 -78.9769 3.4
38.3819 -97.5372 1
City5332 38.3819 -97.5372 3.6
38.3822 -87.2128 1
City5333 38.3822 -87.2128 2.8
38.3861 -97.4278 1
City5334 38.3861 -97.4278 3.2
38.3903 -84.2942 1
City5335 38.3903 -84.2942 2.6
38.3903 -105.1181 1
City5336 38.3903 -105.1181 3.7
38.3908 -93.3344 1
City5337 38.3908 -93.3344 3.7
38.3911 -75.3489 1
City5338 38.3911 -75.3489 3.1
38.3914 -86.9311 1
City5339 38.3914 -86.9311 2.5
38.3931 -120.8014 1
City5340 38.3931 -120.8014 2.7
38.3939 -95.6028 1
City5341 38.3939 -95.6028 3.5
38.3953 -75.4133 1
City5342 38.3953 -75.4133 3.6
38.3964 -82.5589 1
City5343 38.3964 -82.5589 2.9
38.3969 -113.0100 1
City5344 38.3969 -113.0100 4.4
38.3975 -94.3514 1
City5345 38.3975 -94.3514 4.4
38.3981 -85.7550 1
City5346 38.3981 -85.7550 3.7
38.3981 -98.0117 1
City5347 38.3981 -98.0117 3.7
38.3989 -82.5783 1
City5348 38.3989 -82.5783 3.7
38.3997 -91.3306 1
City5349 38.3997 -91.3306 3.5
38.4000 -105.2167 1
City5350 38.4000 -105.2167 2.8
38.4017 -122.3597 1
City5351 38.4017 -122.3597 2.8
38.4028 -94.2536 1
City5352 38.4028 -94.2536 3.7
38.4039 -96.1814 1
City5353 38.4039 -96.1814 4.0
38.4047 -82.6006 1
City5354 38.4047 -82.6006 4.0
38.4069 -87.5856 1
City5355 38.4069 -87.5856 3.3
38.4075 -85.3789 1
City5356 38.4075 -85.3789 2.9
38.4078 -78.6239 1
City5357 38.4078 -78.6239 4.1
38.4078 -86.1100 1
City5358 38.4078 -86.1100 3.3
38.4086 -89.9919 1
City5359 38.4086 -89.9919 3.7
38.4089 -121.3706 1
City5360 38.4089 -121.3706 4.3
38.4094 -80.5581 1
City5361 38.4094 -80.5581 4.4
38.4094 -82.2947 1
City5362 38.4094 -82.2947 2.7
38.4108 -87.7614 1
City5363 38.4108 -87.7614 3.4
38.4147 -78.9389 1
City5364 38.4147 -78.9389 2.6
38.4147 -81.8442 1
City5365 38.4147 -81.8442 3.4
38.4167 -95.8528 1
City5366 38.4167 -95.8528 3.9
38.4178 -82.5864 1
City5367 38.4178 -82.5864 2.5
38.4192 -82.4453 1
City5368 38.4192 -82.4453 3.5
38.4200 -75.6881 1
City5369 38.4200 -75.6881 3.5
38.4200 -82.0556 1
City5370 38.4200 -82.0556 3.0
38.4222 -83.7339 1
City5371 38.4222 -83.7339 3.7
38.4275 -89.9136 1
City5372 38.4275 -89.9136 4.3
38.4278 -82.4572 1
City5373 38.4278 -82.4572 2.8
38.4292 -105.2194 1
City5374 38.4292 -105.2194 3.4
38.4314 -92.8408 1
City5375 38.4314 -92.8408 2.8
38.4325 -82.0203 1
City5376 38.4325 -82.0203 2.7
38.4328 -90.3775 1
City5377 38.4328 -90.3775 3.8
38.4333 -85.1697 1
City5378 38.4333 -85.1697 3.4
38.4342 -89.5503 1
City5379 38.4342 -89.5503 4.3
38.4344 -82.1325 1
City5380 38.4344 -82.1325 3.1
38.4364 -122.8686 1
City5381 38.4364 -122.8686 3.1
38.4369 -82.3772 1
City5382 38.4369 -82.3772 3.9
38.4392 -89.1628 1
City5383 38.4392 -89.1628 4.3
38.4406 -122.7133 1
City5384 38.4406 -122.7133 2.6
38.4408 -92.9917 1
City5385 38.4408 -92.9917 3.8
38.4417 -89.2742 1
City5386 38.4417 -89.2742 3.1
38.4428 -81.4806 1
City5387 38.4428 -81.4806 4.3
38.4436 -90.2011 1
City5388 38.4436 -90.2011 3.4
38.4456 -91.0056 1
City5389 38.4456 -91.0056 3.1
38.4494 -78.8692 1
City5390 38.4494 -78.8692 4.2
38.4528 -99.9061 1
City5391 38.4528 -99.9061 4.1
38.4531 -85.6703 1
City5392 38.4531 -85.6703 3.1
38.4558 -75.5778 1
City5393 38.4558 -75.5778 3.8
38.4564 -75.5775 1
City5394 38.4564 -75.5775 3.7
38.4597 -94.0006 1
City5395 38.4597 -94.0006 2.7
38.4600 -93.2025 1
City5396 38.4600 -93.2025 2.6
38.4603 -75.2211 1
City5397 38.4603 -75.2211 3.9
38.4603 -81.0853 1
City5398 38.4603 -81.0853 4.3
38.4614 -90.0917 1
City5399 38.4614 -90.0917 2.9
38.4656 -123.0078 1
City5400 38.4656 -123.0078 3.0
38.4697 -101.7522 1
City5401 38.4697 -101.7522 3.8
38.4722 -81.8144 1
City5402 38.4722 -81.8144 2.8
38.4731 -77.9969 1
City5403 38.4731 -77.9969 3.4
38.4783 -82.6381 1
City5404 38.4783 -82.6381 3.2
38.4783 -107.8756 1
City5405 38.4783 -107.8756 2.6
38.4794 -94.6083 1
City5406 38.4794 -94.6083 4.0
38.4797 -101.3583 1
City5407 38.4797 -101.3583 3.5
38.4806 -102.7814 1
City5408 38.4806 -102.7814 2.8
38.4808 -76.7783 1
City5409 38.4808 -76.7783 2.5
38.4817 -94.3542 1
City5410 38.4817 -94.3542 4.2
38.4819 -90.7414 1
City5411 38.4819 -90.7414 3.4
38.4819 -100.4667 1
City5412 38.4819 -100.4667 4.1
38.4819 -120.8436 1
City5413 38.4819 -120.8436 3.5
38.4825 -100.9067 1
City5414 38.4825 -100.9067 3.1
38.4850 -78.6253 1
City5415 38.4850 -78.6253 3.4
38.4858 -91.8503 1
City5416 38.4858 -91.8503 4.2
38.4886 -81.3483 1
City5417 38.4886 -81.3483 3.9
38.4889 -92.1742 1
City5418 38.4889 -92.1742 3.7
38.4897 -76.6825 1
City5419 38.4897 -76.6825 4.0
38.4903 -81.6475 1
City5420 38.4903 -81.6475 2.9
38.4903 -89.7931 1
City5421 38.4903 -89.7931 3.4
38.4903 -90.4869 1
City5422 38.4903 -90.4869 3.9
38.4919 -87.2786 1
City5423 38.4919 -87.2786 3.1
38.4925 -82.6903 1
City5424 38.4925 -82.6903 3.4
38.4961 -121.4078 1
City5425 38.4961 -121.4078 3.6
38.4972 -94.9503 1
City5426 38.4972 -94.9503 4.1
38.5019 -122.9950 1
City5427 38.5019 -122.9950 2.8
38.5025 -90.6278 1
City5428 38.5025 -90.6278 3.7
38.5033 -82.6472 1
City5429 38.5033 -82.6472 2.9
38.5069 -96.2617 1
City5430 38.5069 -96.2617 3.0
38.5086 -90.6025 1
City5431 38.5086 -90.6025 4.0
38.5089 -89.1406 1
City5432 38.5089 -89.1406 3.3
38.5094 -81.8400 1
City5433 38.5094 -81.8400 3.8
38.5131 -90.4358 1
City5434 38.5131 -90.4358 2.9
38.5158 -88.4375 1
City5435 38.5158 -88.4375 3.9
38.5161 -90.2103 1
City5436 38.5161 -90.2103 3.3
38.5172 -75.2353 1
City5437 38.5172 -75.2353 3.6
38.5172 -82.6978 1
City5438 38.5172 -82.6978 3.7
38.5181 -98.7778 1
City5439 38.5181 -98.7778 4.1
38.5200 -89.9839 1
City5440 38.5200 -89.9839 2.7
38.5208 -88.0047 1
City5441 38.5208 -88.0047 4.1
38.5222 -77.2939 1
City5442 38.5222 -77.2939 3.4
38.5225 -82.7172 1
City5443 38.5225 -82.7172 3.8
38.5247 -118.6236 1
City5444 38.5247 -118.6236 3.4
38.5250 -89.1333 1
City5445 38.5250 -89.1333 4.2
38.5250 -98.5333 1
City5446 38.5250 -98.5333 2.9
38.5250 -121.9697 1
City5447 38.5250 -121.9697 3.3
38.5267 -87.7097 1
City5448 38.5267 -87.7097 3.3
38.5314 -99.3083 1
City5449 38.5314 -99.3083 3.0
38.5322 -93.5219 1
City5450 38.5322 -93.5219 2.9
38.5325 -76.7842 1
City5451 38.5325 -76.7842 3.2
38.5333 -90.2869 1
City5452 38.5333 -90.2869 3.4
38.5339 -89.9889 1
City5453 38.5339 -89.9889 3.5
38.5347 -105.9983 1
City5454 38.5347 -105.9983 3.0
38.5364 -84.8419 1
City5455 38.5364 -84.8419 3.9
38.5364 -85.9286 1
City5456 38.5364 -85.9286 3.9
38.5367 -82.6831 1
City5457 38.5367 -82.6831 4.0
38.5369 -90.3797 1
City5458 38.5369 -90.3797 2.9
38.5375 -81.9325 1
City5459 38.5375 -81.9325 2.5
38.5386 -90.3350 1
City5460 38.5386 -90.3350 3.7
38.5389 -90.4072 1
City5461 38.5389 -90.4072 2.8
38.5400 -82.7286 1
City5462 38.5400 -82.7286 4.1
38.5403 -76.5847 1
City5463 38.5403 -76.5847 4.2
38.5411 -90.2800 1
City5464 38.5411 -90.2800 4.0
38.5417 -85.7678 1
City5465 38.5417 -85.7678 3.9
38.5419 -90.2328 1
City5466 38.5419 -90.2328 3.8
38.5425 -75.7197 1
City5467 38.5425 -75.7197 2.9
38.5433 -89.6122 1
City5468 38.5433 -89.6122 4.1
38.5450 -121.7394 1
City5469 38.5450 -121.7394 2.7
38.5458 -106.9247 1
City5470 38.5458 -106.9247 3.7
38.5467 -77.3369 1
City5471 38.5467 -77.3369 3.6
38.5489 -86.6200 1
City5472 38.5489 -86.6200 3.5
38.5492 -90.4925 1
City5473 38.5492 -90.4925 4.2
38.5503 -82.7781 1
City5474 38.5503 -82.7781 3.0
38.5506 -90.3331 1
City5475 38.5506 -90.3331 4.2
38.5531 -90.3094 1
City5476 38.5531 -90.3094 2.7
38.5536 -89.5383 1
City5477 38.5536 -89.5383 3.1
38.5542 -90.3450 1
City5478 38.5542 -90.3450 3.6
38.5556 -97.8333 1
City5479 38.5556 -97.8333 2.8
38.5561 -86.4683 1
City5480 38.5561 -86.4683 3.3
38.5564 -75.5717 1
City5481 38.5564 -75.5717 4.1
38.5569 -90.3817 1
City5482 38.5569 -90.3817 2.5
38.5581 -91.0119 1
City5483 38.5581 -91.0119 3.7
38.5594 -83.5761 1
City5484 38.5594 -83.5761 3.9
38.5611 -94.1911 1
City5485 38.5611 -94.1911 2.9
38.5614 -89.8972 1
City5486 38.5614 -89.8972 4.2
38.5631 -76.0792 1
City5487 38.5631 -76.0792 3.6
38.5672 -86.6283 1
City5488 38.5672 -86.6283 2.9
38.5675 -77.3283 1
City5489 38.5675 -77.3283 2.8
38.5708 -90.1900 1
City5490 38.5708 -90.1900 3.4
38.5722 -94.8789 1
City5491 38.5722 -94.8789 4.4
38.5731 -82.8303 1
City5492 38.5731 -82.8303 2.7
38.5733 -109.5492 1
City5493 38.5733 -109.5492 3.7
38.5736 -97.6742 1
City5494 38.5736 -97.6742 3.5
38.5753 -77.1558 1
City5495 38.5753 -77.1558 3.7
38.5753 -78.5028 1
City5496 38.5753 -78.5028 3.8
38.5758 -122.4489 1
City5497 38.5758 -122.4489 3.2
38.5767 -92.1733 1
City5498 38.5767 -92.1733 3.5
38.5789 -122.5786 1
City5499 38.5789 -122.5786 3.5
38.5806 -121.5292 1
City5500 38.5806 -121.5292 4.2
38.5817 -121.4933 1
City5501 38.5817 -121.4933 3.9
38.5831 -93.6944 1
City5502 38.5831 -93.6944 3.1
38.5833 -90.1250 1
City5503 38.5833 -90.1250 3.5
38.5833 -90.4067 1
City5504 38.5833 -90.4067 4.2
38.5869 -98.4108 1
City5505 38.5869 -98.4108 4.2
38.5892 -121.3017 1
City5506 38.5892 -121.3017 3.7
38.5897 -90.1200 1
City5507 38.5897 -90.1200 3.2
38.5903 -76.9406 1
City5508 38.5903 -76.9406 3.7
38.5903 -90.3367 1
City5509 38.5903 -90.3367 3.7
38.5908 -82.2831 1
City5510 38.5908 -82.2831 2.6
38.5914 -75.2917 1
City5511 38.5914 -75.2917 3.6
38.5922 -89.9111 1
City5512 38.5922 -89.9111 2.8
38.5925 -85.3178 1
City5513 38.5925 -85.3178 3.3
38.5925 -90.3572 1
City5514 38.5925 -90.3572 2.6
38.5925 -90.5869 1
City5515 38.5925 -90.5869 3.6
38.5950 -90.5461 1
City5516 38.5950 -90.5461 2.9
38.5969 -90.5092 1
City5517 38.5969 -90.5092 3.6
38.5992 -83.3189 1
City5518 38.5992 -83.3189 3.6
38.6000 -77.1625 1
City5519 38.6000 -77.1625 3.6
38.6008 -90.4328 1
City5520 38.6008 -90.4328 3.5
38.6039 -89.8072 1
City5521 38.6039 -89.8072 2.8
38.6050 -107.9817 1
City5522 38.6050 -107.9817 3.9
38.6056 -89.4358 1
City5523 38.6056 -89.4358 3.2
38.6056 -89.6819 1
City5524 38.6056 -89.6819 3.6
38.6067 -89.6075 1
City5525 38.6067 -89.6075 3.6
38.6067 -121.2656 1
City5526 38.6067 -121.2656 3.0
38.6072 -90.3833 1
City5527 38.6072 -90.3833 3.1
38.6075 -90.3783 1
City5528 38.6075 -90.3783 4.4
38.6083 -91.2189 1
City5529 38.6083 -91.2189 3.9
38.6086 -77.1408 1
City5530 38.6086 -77.1408 3.5
38.6103 -89.3725 1
City5531 38.6103 -89.3725 3.9
38.6106 -89.5269 1
City5532 38.6106 -89.5269 3.8
38.6106 -122.8681 1
City5533 38.6106 -122.8681 2.6
38.6122 -90.4633 1
City5534 38.6122 -90.4633 3.5
38.6125 -90.3244 1
City5535 38.6125 -90.3244 3.0
38.6131 -78.7992 1
City5536 38.6131 -78.7992 3.1
38.6153 -87.3544 1
City5537 38.6153 -87.3544 3.4
38.6156 -89.1142 1
City5538 38.6156 -89.1142 3.2
38.6156 -95.2675 1
City5539 38.6156 -95.2675 2.8
38.6158 -83.8086 1
City5540 38.6158 -83.8086 3.8
38.6172 -89.0522 1
City5541 38.6172 -89.0522 2.9
38.6172 -121.3272 1
City5542 38.6172 -121.3272 3.5
38.6175 -81.9819 1
City5543 38.6175 -81.9819 4.2
38.6175 -90.3492 1
City5544 38.6175 -90.3492 3.7
38.6183 -90.5892 1
City5545 38.6183 -90.5892 4.1
38.6194 -94.6806 1
City5546 38.6194 -94.6806 3.8
38.6242 -75.8547 1
City5547 38.6242 -75.8547 3.9
38.6244 -76.9394 1
City5548 38.6244 -76.9394 3.2
38.6269 -77.0733 1
City5549 38.6269 -77.0733 2.9
38.6269 -88.9456 1
City5550 38.6269 -88.9456 3.5
38.6275 -92.5664 1
City5551 38.6275 -92.5664 2.6
38.6283 -91.0575 1
City5552 38.6283 -91.0575 4.0
38.6286 -90.3194 1
City5553 38.6286 -90.3194 3.3
38.6300 -112.1200 1
City5554 38.6300 -112.1200 2.8
38.6339 -95.8256 1
City5555 38.6339 -95.8256 3.9
38.6350 -90.0928 1
City5556 38.6350 -90.0928 3.4
38.6356 -75.6103 1
City5557 38.6356 -75.6103 4.4
38.6356 -90.4150 1
City5558 38.6356 -90.4150 2.8
38.6367 -90.0256 1
City5559 38.6367 -90.0256 3.1
38.6369 -77.3114 1
City5560 38.6369 -77.3114 4.4
38.6381 -84.5606 1
City5561 38.6381 -84.5606 4.0
38.6389 -78.7742 1
City5562 38.6389 -78.7742 2.9
38.6403 -92.1222 1
City5563 38.6403 -92.1222 2.6
38.6411 -75.6114 1
City5564 38.6411 -75.6114 2.7
38.6411 -83.7444 1
City5565 38.6411 -83.7444 2.9
38.6425 -90.3236 1
City5566 38.6425 -90.3236 2.5
38.6450 -82.8489 1
City5567 38.6450 -82.8489 3.1
38.6478 -78.6717 1
City5568 38.6478 -78.6717 3.0
38.6497 -90.0931 1
City5569 38.6497 -90.0931 4.4
38.6497 -90.3806 1
City5570 38.6497 -90.3806 2.8
38.6514 -86.2611 1
City5571 38.6514 -86.2611 2.8
38.6533 -94.3486 1
City5572 38.6533 -94.3486 3.3
38.6556 -83.7611 1
City5573 38.6556 -83.7611 4.3
38.6556 -92.7797 1
City5574 38.6556 -92.7797 3.5
38.6581 -77.2500 1
City5575 38.6581 -77.2500 2.8
38.6592 -87.1728 1
City5576 38.6592 -87.1728 3.4
38.6608 -90.4225 1
City5577 38.6608 -90.4225 2.9
38.6611 -96.4917 1
City5578 38.6611 -96.4917 4.0
38.6617 -86.4264 1
City5579 38.6617 -86.4264 3.5
38.6636 -87.3094 1
City5580 38.6636 -87.3094 2.9
38.6644 -80.7100 1
City5581 38.6644 -80.7100 3.1
38.6653 -78.4597 1
City5582 38.6653 -78.4597 3.3
38.6653 -90.3758 1
City5583 38.6653 -90.3758 3.6
38.6658 -120.9250 1
City5584 38.6658 -120.9250 3.1
38.6664 -86.7911 1
City5585 38.6664 -86.7911 3.6
38.6675 -77.0286 1
City5586 38.6675 -77.0286 4.2
38.6689 -88.4856 1
City5587 38.6689 -88.4856 3.7
38.6703 -89.9844 1
City5588 38.6703 -89.9844 4.3
38.6711 -96.9422 1
City5589 38.6711 -96.9422 3.4
38.6722 -90.1697 1
City5590 38.6722 -90.1697 3.7
38.6728 -90.2992 1
City5591 38.6728 -90.2992 4.2
38.6731 -80.7750 1
City5592 38.6731 -80.7750 2.8
38.6753 -91.7694 1
City5593 38.6753 -91.7694 3.8
38.6764 -121.3353 1
City5594 38.6764 -121.3353 2.6
38.6767 -84.3303 1
City5595 38.6767 -84.3303 3.2
38.6769 -86.9142 1
City5596 38.6769 -86.9142 3.0
38.6772 -87.5286 1
City5597 38.6772 -87.5286 3.5
38.6772 -123.1342 1
City5598 38.6772 -123.1342 3.5
38.6781 -121.1750 1
City5599 38.6781 -121.1750 2.5
38.6786 -121.2247 1
City5600 38.6786 -121.2247 2.6
38.6800 -93.0928 1
City5601 38.6800 -93.0928 3.8
38.6808 -85.1794 1
City5602 38.6808 -85.1794 2.7
38.6819 -84.5900 1
City5603 38.6819 -84.5900 2.5
38.6822 -104.7003 1
City5604 38.6822 -104.7003 4.2
38.6825 -84.0658 1
City5605 38.6825 -84.0658 2.8
38.6825 -90.1569 1
City5606 38.6825 -90.1569 3.8
38.6828 -112.1475 1
City5607 38.6828 -112.1475 3.4
38.6833 -90.2839 1
City5608 38.6833 -90.2839 3.3
38.6833 -90.3078 1
City5609 38.6833 -90.3078 2.7
38.6858 -90.3239 1
City5610 38.6858 -90.3239 3.7
38.6858 -121.3711 1
City5611 38.6858 -121.3711 3.1
38.6861 -76.5350 1
City5612 38.6861 -76.5350 3.5
38.6864 -76.1719 1
City5613 38.6864 -76.1719 4.2
38.6886 -88.3542 1
City5614 38.6886 -88.3542 3.0
38.6900 -75.3858 1
City5615 38.6900 -75.3858 2.9
38.6900 -90.3425 1
City5616 38.6900 -90.3425 3.5
38.6906 -90.2872 1
City5617 38.6906 -90.2872 2.6
38.6911 -121.4475 1
City5618 38.6911 -121.4475 4.3
38.6922 -122.0161 1
City5619 38.6922 -122.0161 3.8
38.6931 -90.2822 1
City5620 38.6931 -90.2822 3.4
38.6942 -75.7739 1
City5621 38.6942 -75.7739 3.5
38.6947 -90.2783 1
City5622 38.6947 -90.2783 4.3
38.6947 -120.8139 1
City5623 38.6947 -120.8139 4.3
38.6953 -90.3139 1
City5624 38.6953 -90.3139 3.8
38.6967 -76.8481 1
City5625 38.6967 -76.8481 4.2
38.6975 -88.2236 1
City5626 38.6975 -88.2236 4.3
38.7000 -90.2922 1
City5627 38.7000 -90.2922 3.6
38.7008 -90.3497 1
City5628 38.7008 -90.3497 4.0
38.7011 -90.3622 1
City5629 38.7011 -90.3622 4.0
38.7014 -90.1486 1
City5630 38.7014 -90.1486 2.6
38.7019 -90.3169 1
City5631 38.7019 -90.3169 2.8
38.7025 -90.3433 1
City5632 38.7025 -90.3433 4.0
38.7042 -77.2281 1
City5633 38.7042 -77.2281 3.7
38.7042 -90.2817 1
City5634 38.7042 -90.2817 3.2
38.7042 -91.4372 1
City5635 38.7042 -91.4372 3.8
38.7044 -93.2281 1
City5636 38.7044 -93.2281 4.3
38.7058 -87.7600 1
City5637 38.7058 -87.7600 3.7
38.7072 -76.5314 1
City5638 38.7072 -76.5314 3.1
38.7072 -121.2800 1
City5639 38.7072 -121.2800 3.2
38.7078 -77.0864 1
City5640 38.7078 -77.0864 3.0
38.7083 -90.2928 1
City5641 38.7083 -90.2928 3.1
38.7106 -90.2981 1
City5642 38.7106 -90.2981 2.5
38.7111 -98.1569 1
City5643 38.7111 -98.1569 3.8
38.7131 -90.4297 1
City5644 38.7131 -90.4297 3.2
38.7133 -77.7956 1
City5645 38.7133 -77.7956 3.3
38.7142 -85.4736 1
City5646 38.7142 -85.4736 2.8
38.7142 -93.9911 1
City5647 38.7142 -93.9911 4.1
38.7144 -90.3672 1
City5648 38.7144 -90.3672 4.4
38.7169 -87.8614 1
City5649 38.7169 -87.8614 4.4
38.7175 -90.2656 1
City5650 38.7175 -90.2656 4.0
38.7183 -90.2922 1
City5651 38.7183 -90.2922 2.6
38.7183 -95.0814 1
City5652 38.7183 -95.0814 4.2
38.7192 -90.2603 1
City5653 38.7192 -90.2603 3.4
38.7192 -94.4583 1
City5654 38.7192 -94.4583 3.1
38.7203 -92.0911 1
City5655 38.7203 -92.0911 4.4
38.7208 -75.0764 1
City5656 38.7208 -75.0764 2.7
38.7208 -82.9583 1
City5657 38.7208 -82.9583 3.6
38.7208 -90.2747 1
City5658 38.7208 -90.2747 3.2
38.7236 -85.3694 1
City5659 38.7236 -85.3694 4.2
38.7236 -89.9558 1
City5660 38.7236 -89.9558 3.7
38.7239 -77.0100 1
City5661 38.7239 -77.0100 3.4
38.7253 -90.2967 1
City5662 38.7253 -90.2967 4.0
38.7264 -90.3586 1
City5663 38.7264 -90.3586 4.2
38.7275 -90.3108 1
City5664 38.7275 -90.3108 4.0
38.7292 -87.6817 1
City5665 38.7292 -87.6817 4.2
38.7292 -89.8831 1
City5666 38.7292 -89.8831 3.8
38.7297 -120.7975 1
City5667 38.7297 -120.7975 3.8
38.7303 -82.8556 1
City5668 38.7303 -82.8556 4.1
38.7306 -98.2278 1
City5669 38.7306 -98.2278 3.8
38.7308 -88.0853 1
City5670 38.7308 -88.0853 3.5
38.7314 -79.9703 1
City5671 38.7314 -79.9703 3.3
38.7317 -82.9978 1
City5672 38.7317 -82.9978 4.2
38.7317 -90.0803 1
City5673 38.7317 -90.0803 3.1
38.7328 -76.3939 1
City5674 38.7328 -76.3939 4.3
38.7358 -85.3800 1
City5675 38.7358 -85.3800 3.2
38.7358 -90.3639 1
City5676 38.7358 -90.3639 3.0
38.7383 -77.1853 1
City5677 38.7383 -77.1853 3.2
38.7394 -89.6711 1
City5678 38.7394 -89.6711 3.5
38.7400 -90.3264 1
City5679 38.7400 -90.3264 4.3
38.7403 -90.2264 1
City5680 38.7403 -90.2264 3.8
38.7422 -108.0683 1
City5681 38.7422 -108.0683 2.6
38.7425 -75.6047 1
City5682 38.7425 -75.6047 3.2
38.7431 -94.8253 1
City5683 38.7431 -94.8253 3.0
38.7442 -90.3061 1
City5684 38.7442 -90.3061 3.8
38.7456 -83.8450 1
City5685 38.7456 -83.8450 2.8
38.7458 -78.6425 1
City5686 38.7458 -78.6425 2.9
38.7467 -105.1778 1
City5687 38.7467 -105.1778 4.0
38.7469 -90.2400 1
City5688 38.7469 -90.2400 4.3
38.7475 -77.0833 1
City5689 38.7475 -77.0833 4.2
38.7478 -85.0672 1
City5690 38.7478 -85.0672 4.1
38.7483 -89.9831 1
City5691 38.7483 -89.9831 3.5
38.7494 -90.2856 1
City5692 38.7494 -90.2856 4.3
38.7508 -77.4756 1
City5693 38.7508 -77.4756 4.1
38.7517 -76.9789 1
City5694 38.7517 -76.9789 3.8
38.7522 -82.9369 1
City5695 38.7522 -82.9369 3.9
38.7544 -90.3311 1
City5696 38.7544 -90.3311 2.7
38.7547 -82.8689 1
City5697 38.7547 -82.8689 3.1
38.7553 -89.0953 1
City5698 38.7553 -89.0953 3.3
38.7553 -95.0022 1
City5699 38.7553 -95.0022 3.7
38.7583 -83.0292 1
City5700 38.7583 -83.0292 2.8
38.7583 -85.8081 1
City5701 38.7583 -85.8081 4.4
38.7594 -87.4156 1
City5702 38.7594 -87.4156 3.2
38.7614 -120.5856 1
City5703 38.7614 -120.5856 4.0
38.7628 -93.7358 1
City5704 38.7628 -93.7358 3.3
38.7647 -90.3136 1
City5705 38.7647 -90.3136 3.7
38.7647 -95.0078 1
City5706 38.7647 -95.0078 2.7
38.7650 -76.8986 1
City5707 38.7650 -76.8986 4.1
38.7650 -93.5564 1
City5708 38.7650 -93.5564 3.2
38.7714 -90.3708 1
City5709 38.7714 -90.3708 4.0
38.7717 -84.0058 1
City5710 38.7717 -84.0058 3.9
38.7722 -88.5025 1
City5711 38.7722 -88.5025 4.1
38.7725 -77.2214 1
City5712 38.7725 -77.2214 4.4
38.7725 -112.0833 1
City5713 38.7725 -112.0833 4.4
38.7733 -88.8467 1
City5714 38.7733 -88.8467 3.0
38.7742 -76.0767 1
City5715 38.7742 -76.0767 4.0
38.7742 -87.3078 1
City5716 38.7742 -87.3078 3.3
38.7744 -75.1397 1
City5717 38.7744 -75.1397 3.1
38.7744 -92.2569 1
City5718 38.7744 -92.2569 2.8
38.7750 -95.1861 1
City5719 38.7750 -95.1861 3.6
38.7764 -76.5556 1
City5720 38.7764 -76.5556 2.6
38.7775 -75.3103 1
City5721 38.7775 -75.3103 2.5
38.7800 -89.5981 1
City5722 38.7800 -89.5981 3.2
38.7806 -95.5569 1
City5723 38.7806 -95.5569 4.3
38.7817 -95.7383 1
City5724 38.7817 -95.7383 4.1
38.7819 -77.1467 1
City5725 38.7819 -77.1467 3.2
38.7828 -84.6053 1
City5726 38.7828 -84.6053 3.0
38.7833 -84.9017 1
City5727 38.7833 -84.9017 4.2
38.7839 -77.4700 1
City5728 38.7839 -77.4700 4.0
38.7861 -82.9792 1
City5729 38.7861 -82.9792 3.8
38.7864 -84.3697 1
City5730 38.7864 -84.3697 3.7
38.7864 -89.7775 1
City5731 38.7864 -89.7775 4.3
38.7875 -94.2692 1
City5732 38.7875 -94.2692 3.4
38.7878 -90.2158 1
City5733 38.7878 -90.2158 2.8
38.7892 -90.3225 1
City5734 38.7892 -90.3225 3.8
38.7908 -121.2347 1
City5735 38.7908 -121.2347 2.7
38.7931 -77.4481 1
City5736 38.7931 -77.4481 2.6
38.7933 -77.2719 1
City5737 38.7933 -77.2719 3.9
38.7933 -90.2672 1
City5738 38.7933 -90.2672 2.6
38.7944 -83.5453 1
City5739 38.7944 -83.5453 3.3
38.7956 -96.7356 1
City5740 38.7956 -96.7356 3.7
38.7997 -107.7189 1
City5741 38.7997 -107.7189 3.6
38.8006 -85.8417 1
City5742 38.8006 -85.8417 4.2
38.8019 -81.3511 1
City5743 38.8019 -81.3511 3.8
38.8019 -94.4525 1
City5744 38.8019 -94.4525 3.2
38.8033 -76.9900 1
City5745 38.8033 -76.9900 2.7
38.8039 -76.9069 1
City5746 38.8039 -76.9069 2.8
38.8042 -77.2050 1
City5747 38.8042 -77.2050 3.5
38.8047 -77.0472 1
City5748 38.8047 -77.0472 2.8
38.8061 -87.1522 1
City5749 38.8061 -87.1522 3.3
38.8069 -75.5917 1
City5750 38.8069 -75.5917 4.0
38.8072 -75.3972 1
City5751 38.8072 -75.3972 3.5
38.8094 -76.9983 1
City5752 38.8094 -76.9983 2.8
38.8097 -82.2025 1
City5753 38.8097 -82.2025 3.0
38.8106 -90.6997 1
City5754 38.8106 -90.6997 3.5
38.8108 -94.9269 1
City5755 38.8108 -94.9269 2.7
38.8114 -89.9531 1
City5756 38.8114 -89.9531 3.2
38.8114 -90.8528 1
City5757 38.8114 -90.8528 3.8
38.8114 -91.1414 1
City5758 38.8114 -91.1414 3.4
38.8119 -94.5317 1
City5759 38.8119 -94.5317 4.3
38.8133 -82.7269 1
City5760 38.8133 -82.7269 4.0
38.8139 -76.9458 1
City5761 38.8139 -76.9458 3.0
38.8158 -76.7500 1
City5762 38.8158 -76.7500 3.2
38.8183 -77.1436 1
City5763 38.8183 -77.1436 2.5
38.8186 -81.7108 1
City5764 38.8186 -81.7108 3.7
38.8186 -95.6889 1
City5765 38.8186 -95.6889 2.5
38.8189 -76.9989 1
City5766 38.8189 -76.9989 3.6
38.8208 -78.5661 1
City5767 38.8208 -78.5661 2.6
38.8214 -102.3528 1
City5768 38.8214 -102.3528 4.1
38.8214 -121.1919 1
City5769 38.8214 -121.1919 4.4
38.8250 -86.1700 1
City5770 38.8250 -86.1700 2.7
38.8250 -98.4750 1
City5771 38.8250 -98.4750 2.6
38.8275 -91.0200 1
City5772 38.8275 -91.0200 3.3
38.8278 -89.5400 1
City5773 38.8278 -89.5400 3.2
38.8283 -107.9703 1
City5774 38.8283 -107.9703 2.6
38.8294 -90.0628 1
City5775 38.8294 -90.0628 4.4
38.8300 -76.8917 1
City5776 38.8300 -76.8917 2.8
38.8303 -77.1967 1
City5777 38.8303 -77.1967 4.0
38.8328 -76.9597 1
City5778 38.8328 -76.9597 3.9
38.8333 -76.9519 1
City5779 38.8333 -76.9519 2.7
38.8336 -82.1383 1
City5780 38.8336 -82.1383 3.5
38.8339 -104.8208 1
City5781 38.8339 -104.8208 3.9
38.8342 -88.7722 1
City5782 38.8342 -88.7722 4.1
38.8389 -77.4278 1
City5783 38.8389 -77.4278 3.3
38.8389 -84.0964 1
City5784 38.8389 -84.0964 3.3
38.8403 -97.6111 1
City5785 38.8403 -97.6111 4.1
38.8417 -76.5125 1
City5786 38.8417 -76.5125 2.7
38.8422 -106.1306 1
City5787 38.8422 -106.1306 2.7
38.8428 -86.9914 1
City5788 38.8428 -86.9914 3.6
38.8444 -82.1372 1
City5789 38.8444 -82.1372 3.3
38.8450 -76.8753 1
City5790 38.8450 -76.8753 3.0
38.8461 -77.3067 1
City5791 38.8461 -77.3067 3.3
38.8467 -91.9478 1
City5792 38.8467 -91.9478 3.4
38.8483 -90.0761 1
City5793 38.8483 -90.0761 2.9
38.8517 -94.3436 1
City5794 38.8517 -94.3436 2.6
38.8528 -99.1472 1
City5795 38.8528 -99.1472 4.2
38.8533 -91.3058 1
City5796 38.8533 -91.3058 3.7
38.8536 -77.2597 1
City5797 38.8536 -77.2597 3.5
38.8561 -80.6550 1
City5798 38.8561 -80.6550 3.5
38.8575 -76.8897 1
City5799 38.8575 -76.8897 3.5
38.8589 -96.1089 1
City5800 38.8589 -96.1089 2.7
38.8597 -104.9167 1
City5801 38.8597 -104.9167 3.6
38.8611 -86.4872 1
City5802 38.8611 -86.4872 4.1
38.8611 -90.0975 1
City5803 38.8611 -90.0975 3.7
38.8683 -107.5914 1
City5804 38.8683 -107.5914 3.9
38.8689 -117.9211 1
City5805 38.8689 -117.9211 3.4
38.8697 -106.9872 1
City5806 38.8697 -106.9872 4.4
38.8703 -76.9214 1
City5807 38.8703 -76.9214 3.8
38.8711 -87.4414 1
City5808 38.8711 -87.4414 3.5
38.8719 -77.1556 1
City5809 38.8719 -77.1556 3.2
38.8747 -92.9114 1
City5810 38.8747 -92.9114 3.0
38.8783 -87.0858 1
City5811 38.8783 -87.0858 3.2
38.8789 -86.0419 1
City5812 38.8789 -86.0419 3.4
38.8792 -99.3264 1
City5813 38.8792 -99.3264 3.9
38.8794 -82.3806 1
City5814 38.8794 -82.3806 3.4
38.8794 -82.9969 1
City5815 38.8794 -82.9969 3.2
38.8803 -90.1111 1
City5816 38.8803 -90.1111 3.0
38.8808 -77.3011 1
City5817 38.8808 -77.3011 2.7
38.8814 -94.8189 1
City5818 38.8814 -94.8189 4.2
38.8844 -75.8275 1
City5819 38.8844 -75.8275 3.3
38.8850 -76.9161 1
City5820 38.8850 -76.9161 2.8
38.8858 -94.5328 1
City5821 38.8858 -94.5328 4.0
38.8875 -76.5122 1
City5822 38.8875 -76.5122 3.9
38.8878 -90.0847 1
City5823 38.8878 -90.0847 3.4
38.8883 -89.7314 1
City5824 38.8883 -89.7314 4.3
38.8889 -89.8453 1
City5825 38.8889 -89.8453 4.3
38.8906 -90.1842 1
City5826 38.8906 -90.1842 3.3
38.8917 -121.2919 1
City5827 38.8917 -121.2919 3.1
38.8922 -89.4131 1
City5828 38.8922 -89.4131 3.0
38.8933 -77.2219 1
City5829 38.8933 -77.2219 3.7
38.8942 -77.4314 1
City5830 38.8942 -77.4314 3.4
38.8950 -77.0367 1
City5831 38.8950 -77.0367 3.9
38.8950 -77.2119 1
City5832 38.8950 -77.2119 3.4
38.8953 -98.8594 1
City5833 38.8953 -98.8594 3.6
38.8961 -76.9069 1
City5834 38.8961 -76.9069 3.7
38.8964 -87.1867 1
City5835 38.8964 -87.1867 3.1
38.8967 -121.0758 1
City5836 38.8967 -121.0758 3.7
38.8975 -76.8306 1
City5837 38.8975 -76.8306 3.6
38.8978 -101.7517 1
City5838 38.8978 -101.7517 4.0
38.8983 -90.0067 1
City5839 38.8983 -90.0067 3.7
38.9008 -76.9158 1
City5840 38.9008 -76.9158 3.8
38.9008 -86.5253 1
City5841 38.9008 -86.5253 4.0
38.9011 -77.2656 1
City5842 38.9011 -77.2656 4.1
38.9017 -107.9258 1
City5843 38.9017 -107.9258 4.0
38.9028 -97.1167 1
City5844 38.9028 -97.1167 3.3
38.9061 -95.8158 1
City5845 38.9061 -95.8158 3.2
38.9092 -90.0406 1
City5846 38.9092 -90.0406 2.5
38.9103 -91.4481 1
City5847 38.9103 -91.4481 3.2
38.9106 -122.6092 1
City5848 38.9106 -122.6092 4.3
38.9125 -75.4283 1
City5849 38.9125 -75.4283 3.1
38.9128 -77.2011 1
City5850 38.9128 -77.2011 3.3
38.9144 -90.0858 1
City5851 38.9144 -90.0858 4.3
38.9172 -97.2136 1
City5852 38.9172 -97.2136 3.6
38.9178 -83.9833 1
City5853 38.9178 -83.9833 2.8
38.9181 -78.1947 1
City5854 38.9181 -78.1947 3.3
38.9186 -77.2314 1
City5855 38.9186 -77.2314 3.1
38.9194 -97.3708 1
City5856 38.9194 -97.3708 3.2
38.9206 -88.6614 1
City5857 38.9206 -88.6614 2.6
38.9208 -76.8719 1
City5858 38.9208 -76.8719 3.1
38.9222 -111.9333 1
City5859 38.9222 -111.9333 4.2
38.9231 -94.2439 1
City5860 38.9231 -94.2439 2.9
38.9233 -81.0961 1
City5861 38.9233 -81.0961 4.2
38.9236 -75.5781 1
City5862 38.9236 -75.5781 3.8
38.9236 -76.8803 1
City5863 38.9236 -76.8803 4.0
38.9250 -89.2689 1
City5864 38.9250 -89.2689 3.3
38.9258 -79.8469 1
City5865 38.9258 -79.8469 4.1
38.9281 -76.9161 1
City5866 38.9281 -76.9161 4.1
38.9292 -76.8619 1
City5867 38.9292 -76.8619 3.2
38.9314 -89.8389 1
City5868 38.9314 -89.8389 3.8
38.9331 -76.9461 1
City5869 38.9331 -76.9461 4.1
38.9339 -76.8969 1
City5870 38.9339 -76.8969 3.4
38.9342 -77.1778 1
City5871 38.9342 -77.1778 3.3
38.9342 -80.8378 1
City5872 38.9342 -80.8378 3.0
38.9350 -74.9064 1
City5873 38.9350 -74.9064 3.9
38.9350 -105.0164 1
City5874 38.9350 -105.0164 4.3
38.9378 -76.4603 1
City5875 38.9378 -76.4603 3.4
38.9381 -76.9486 1
City5876 38.9381 -76.9486 3.9
38.9381 -99.5603 1
City5877 38.9381 -99.5603 3.7
38.9386 -74.9422 1
City5878 38.9386 -74.9422 3.9
38.9392 -76.9342 1
City5879 38.9392 -76.9342 4.3
38.9400 -76.4953 1
City5880 38.9400 -76.4953 3.5
38.9414 -76.9653 1
City5881 38.9414 -76.9653 2.7
38.9419 -83.5725 1
City5882 38.9419 -83.5725 2.6
38.9431 -76.8925 1
City5883 38.9431 -76.8925 3.5
38.9431 -76.9569 1
City5884 38.9431 -76.9569 2.9
38.9431 -84.5442 1
City5885 38.9431 -84.5442 4.4
38.9433 -95.0983 1
City5886 38.9433 -95.0983 2.7
38.9453 -76.9519 1
City5887 38.9453 -76.9519 2.6
38.9458 -84.6806 1
City5888 38.9458 -84.6806 2.9
38.9458 -119.9703 1
City5889 38.9458 -119.9703 3.3
38.9467 -76.9314 1
City5890 38.9467 -76.9314 3.3
38.9478 -75.8847 1
City5891 38.9478 -75.8847 3.7
38.9481 -81.7611 1
City5892 38.9481 -81.7611 3.3
38.9486 -84.2800 1
City5893 38.9486 -84.2800 3.8
38.9489 -83.4058 1
City5894 38.9489 -83.4058 2.6
38.9494 -84.8539 1
City5895 38.9494 -84.8539 3.7
38.9517 -92.3339 1
City5896 38.9517 -92.3339 3.4
38.9519 -76.5783 1
City5897 38.9519 -76.5783 3.5
38.9536 -94.7333 1
City5898 38.9536 -94.7333 2.8
38.9558 -76.9458 1
City5899 38.9558 -76.9458 2.9
38.9561 -90.3597 1
City5900 38.9561 -90.3597 4.1
38.9578 -111.8592 1
City5901 38.9578 -111.8592 3.9
38.9581 -76.2106 1
City5902 38.9581 -76.2106 3.6
38.9592 -85.8903 1
City5903 38.9592 -85.8903 3.8
38.9592 -98.9683 1
City5904 38.9592 -98.9683 4.4
38.9606 -89.0936 1
City5905 38.9606 -89.0936 4.4
38.9636 -76.9911 1
City5906 38.9636 -76.9911 2.6
38.9636 -93.4147 1
City5907 38.9636 -93.4147 3.5
38.9658 -77.0964 1
City5908 38.9658 -77.0964 4.0
38.9667 -94.6167 1
City5909 38.9667 -94.6167 4.4
38.9683 -87.4056 1
City5910 38.9683 -87.4056 4.0
38.9686 -77.3414 1
City5911 38.9686 -77.3414 2.6
38.9686 -77.7358 1
City5912 38.9686 -77.7358 3.4
38.9689 -112.3228 1
City5913 38.9689 -112.3228 4.2
38.9694 -77.3864 1
City5914 38.9694 -77.3864 4.0
38.9697 -76.8803 1
City5915 38.9697 -76.8803 4.3
38.9700 -90.4314 1
City5916 38.9700 -90.4314 3.5
38.9703 -76.9422 1
City5917 38.9703 -76.9422 2.8
38.9711 -77.0767 1
City5918 38.9711 -77.0767 2.5
38.9711 -81.9144 1
City5919 38.9711 -81.9144 3.3
38.9717 -95.2350 1
City5920 38.9717 -95.2350 3.7
38.9722 -97.0222 1
City5921 38.9722 -97.0222 2.9
38.9736 -75.8053 1
City5922 38.9736 -75.8053 2.6
38.9736 -92.7431 1
City5923 38.9736 -92.7431 3.5
38.9747 -74.8339 1
City5924 38.9747 -74.8339 3.5
38.9775 -91.5047 1
City5925 38.9775 -91.5047 3.4
38.9778 -77.0078 1
City5926 38.9778 -77.0078 3.7
38.9781 -122.8383 1
City5927 38.9781 -122.8383 3.8
38.9783 -76.4925 1
City5928 38.9783 -76.4925 2.6
38.9786 -79.9497 1
City5929 38.9786 -79.9497 3.2
38.9792 -94.9683 1
City5930 38.9792 -94.9683 2.6
38.9794 -76.5308 1
City5931 38.9794 -76.5308 4.1
38.9794 -90.9806 1
City5932 38.9794 -90.9806 2.9
38.9806 -74.9083 1
City5933 38.9806 -74.9083 3.4
38.9806 -76.9372 1
City5934 38.9806 -76.9372 3.7
38.9806 -77.1006 1
City5935 38.9806 -77.1006 3.0
38.9819 -74.9583 1
City5936 38.9819 -74.9583 3.3
38.9822 -94.6706 1
City5937 38.9822 -94.6706 2.7
38.9833 -93.5683 1
City5938 38.9833 -93.5683 4.2
38.9858 -119.1619 1
City5939 38.9858 -119.1619 3.6
38.9864 -81.9736 1
City5940 38.9864 -81.9736 2.8
38.9886 -76.9817 1
City5941 38.9886 -76.9817 3.4
38.9886 -78.3589 1
City5942 38.9886 -78.3589 2.6
38.9892 -87.0822 1
City5943 38.9892 -87.0822 3.9
38.9906 -77.0264 1
City5944 38.9906 -77.0264 2.9
38.9908 -88.1625 1
City5945 38.9908 -88.1625 3.8
38.9917 -74.8153 1
City5946 38.9917 -74.8153 4.0
38.9925 -79.1242 1
City5947 38.9925 -79.1242 3.4
38.9939 -76.9108 1
City5948 38.9939 -76.9108 3.4
38.9939 -80.2322 1
City5949 38.9939 -80.2322 4.4
38.9939 -105.0564 1
City5950 38.9939 -105.0564 2.7
38.9953 -110.1611 1
City5951 38.9953 -110.1611 2.8
38.9958 -88.9528 1
City5952 38.9958 -88.9528 3.7
38.9972 -90.7383 1
City5953 38.9972 -90.7383 3.7
38.9975 -81.9742 1
City5954 38.9975 -81.9742 3.1
38.9975 -84.4964 1
City5955 38.9975 -84.4964 3.1
38.9981 -77.2886 1
City5956 38.9981 -77.2886 4.0
38.9989 -84.6267 1
City5957 38.9989 -84.6267 2.8
38.9989 -89.5736 1
City5958 38.9989 -89.5736 3.6
38.9992 -93.9533 1
City5959 38.9992 -93.9533 4.3
39.0006 -74.7997 1
City5960 39.0006 -74.7997 4.2
39.0011 -121.0208 1
City5961 39.0011 -121.0208 3.5
39.0017 -76.6878 1
City5962 39.0017 -76.6878 3.1
39.0017 -82.0489 1
City5963 39.0017 -82.0489 2.6
39.0019 -87.9089 1
City5964 39.0019 -87.9089 2.6
39.0031 -76.9722 1
City5965 39.0031 -76.9722 3.2
39.0036 -77.4008 1
City5966 39.0036 -77.4008 3.6
39.0036 -87.6128 1
City5967 39.0036 -87.6128 3.7
39.0039 -81.9892 1
City5968 39.0039 -81.9892 3.1
39.0044 -76.8758 1
City5969 39.0044 -76.8758 3.2
39.0053 -87.7392 1
City5970 39.0053 -87.7392 3.1
39.0061 -85.6236 1
City5971 39.0061 -85.6236 4.1
39.0061 -111.8611 1
City5972 39.0061 -111.8611 3.9
39.0067 -76.7794 1
City5973 39.0067 -76.7794 3.7
39.0078 -83.8086 1
City5974 39.0078 -83.8086 3.0
39.0086 -94.4633 1
City5975 39.0086 -94.4633 3.0
39.0089 -75.4661 1
City5976 39.0089 -75.4661 2.6
39.0100 -121.4219 1
City5977 39.0100 -121.4219 2.6
39.0122 -89.7911 1
City5978 39.0122 -89.7911 4.3
39.0125 -84.6047 1
City5979 39.0125 -84.6047 2.6
39.0131 -104.7003 1
City5980 39.0131 -104.7003 3.8
39.0144 -74.8819 1
City5981 39.0144 -74.8819 4.1
39.0150 -94.1983 1
City5982 39.0150 -94.1983 2.9
39.0167 -84.6008 1
City5983 39.0167 -84.6008 4.4
39.0167 -96.2889 1
City5984 39.0167 -96.2889 3.7
39.0169 -94.2814 1
City5985 39.0169 -94.2814 2.8
39.0172 -92.7372 1
City5986 39.0172 -92.7372 3.0
39.0175 -122.0567 1
City5987 39.0175 -122.0567 3.8
39.0178 -85.0589 1
City5988 39.0178 -85.0589 3.3
39.0178 -94.6167 1
City5989 39.0178 -94.6167 3.0
39.0181 -91.8969 1
City5990 39.0181 -91.8969 4.0
39.0203 -120.8169 1
City5991 39.0203 -120.8169 3.6
39.0217 -82.0292 1
City5992 39.0217 -82.0292 4.0
39.0217 -84.4400 1
City5993 39.0217 -84.4400 3.3
39.0222 -94.6317 1
City5994 39.0222 -94.6317 4.0
39.0236 -94.6933 1
City5995 39.0236 -94.6933 3.0
39.0242 -122.6739 1
City5996 39.0242 -122.6739 2.6
39.0250 -79.9358 1
City5997 39.0250 -79.9358 2.8
39.0250 -99.8792 1
City5998 39.0250 -99.8792 3.9
39.0253 -84.4175 1
City5999 39.0253 -84.4175 3.1
39.0253 -88.5697 1
City6000 39.0253 -88.5697 2.9
39.0256 -77.0767 1
City6001 39.0256 -77.0767 4.1
39.0264 -76.9744 1
City6002 39.0264 -76.9744 3.4
39.0272 -84.5850 1
City6003 39.0272 -84.5850 4.3
39.0275 -82.0339 1
City6004 39.0275 -82.0339 2.6
39.0275 -83.9197 1
City6005 39.0275 -83.9197 3.2
39.0278 -94.6556 1
City6006 39.0278 -94.6556 4.0
39.0283 -84.2178 1
City6007 39.0283 -84.2178 3.1
39.0286 -74.9389 1
City6008 39.0286 -74.9389 3.7
39.0286 -96.8311 1
City6009 39.0286 -96.8311 4.3
39.0294 -89.5242 1
City6010 39.0294 -89.5242 3.8
39.0297 -84.3664 1
City6011 39.0297 -84.3664 4.2
39.0303 -77.0728 1
City6012 39.0303 -77.0728 4.1
39.0306 -97.5939 1
City6013 39.0306 -97.5939 2.6
39.0319 -76.5031 1
City6014 39.0319 -76.5031 3.7
39.0331 -84.4519 1
City6015 39.0331 -84.4519 3.2
39.0344 -84.3903 1
City6016 39.0344 -84.3903 3.7
39.0347 -76.9078 1
City6017 39.0347 -76.9078 3.2
39.0347 -87.1658 1
City6018 39.0347 -87.1658 3.5
39.0356 -84.5692 1
City6019 39.0356 -84.5692 3.4
39.0356 -104.2967 1
City6020 39.0356 -104.2967 4.1
39.0375 -94.6319 1
City6021 39.0375 -94.6319 4.4
39.0381 -77.0933 1
City6022 39.0381 -77.0933 2.9
39.0383 -80.4675 1
City6023 39.0383 -80.4675 3.2
39.0397 -76.9933 1
City6024 39.0397 -76.9933 3.3
39.0397 -90.1406 1
City6025 39.0397 -90.1406 2.6
39.0406 -94.6167 1
City6026 39.0406 -94.6167 2.8
39.0417 -76.0667 1
City6027 39.0417 -76.0667 4.2
39.0428 -89.9517 1
City6028 39.0428 -89.9517 4.1
39.0431 -108.5517 1
City6029 39.0431 -108.5517 3.3
39.0431 -122.9147 1
City6030 39.0431 -122.9147 3.5
39.0444 -95.3944 1
City6031 39.0444 -95.3944 2.9
39.0453 -82.1306 1
City6032 39.0453 -82.1306 4.2
39.0483 -95.6778 1
City6033 39.0483 -95.6778 4.1
39.0508 -74.7583 1
City6034 39.0508 -74.7583 3.8
39.0514 -84.5817 1
City6035 39.0514 -84.5817 2.7
39.0517 -84.5342 1
City6036 39.0517 -84.5342 3.7
39.0536 -76.5694 1
City6037 39.0536 -76.5694 3.3
39.0542 -84.0531 1
City6038 39.0542 -84.0531 2.8
39.0561 -98.5361 1
City6039 39.0561 -98.5361 3.0
39.0569 -84.9014 1
City6040 39.0569 -84.9014 3.4
39.0575 -76.9361 1
City6041 39.0575 -76.9361 3.2
39.0594 -84.5475 1
City6042 39.0594 -84.5475 4.0
39.0597 -94.8833 1
City6043 39.0597 -94.8833 3.1
39.0611 -94.8194 1
City6044 39.0611 -94.8194 2.8
39.0619 -88.3797 1
City6045 39.0619 -88.3797 2.5
39.0619 -88.7481 1
City6046 39.0619 -88.7481 4.1
39.0622 -78.9697 1
City6047 39.0622 -78.9697 3.9
39.0633 -81.3953 1
City6048 39.0633 -81.3953 3.5
39.0639 -108.5500 1
City6049 39.0639 -108.5500 3.9
39.0644 -109.1808 1
City6050 39.0644 -109.1808 3.9
39.0681 -83.0144 1
City6051 39.0681 -83.0144 4.1
39.0694 -87.2600 1
City6052 39.0694 -87.2600 3.4
39.0694 -100.2319 1
City6053 39.0694 -100.2319 4.1
39.0703 -76.5456 1
City6054 39.0703 -76.5456 3.2
39.0708 -89.8561 1
City6055 39.0708 -89.8561 3.6
39.0714 -84.5322 1
City6056 39.0714 -84.5322 4.2
39.0719 -84.4728 1
City6057 39.0719 -84.4728 4.0
39.0719 -85.2519 1
City6058 39.0719 -85.2519 3.6
39.0719 -91.5700 1
City6059 39.0719 -91.5700 2.7
39.0722 -89.7272 1
City6060 39.0722 -89.7272 3.3
39.0725 -93.7169 1
City6061 39.0725 -93.7169 3.1
39.0750 -84.4472 1
City6062 39.0750 -84.4472 2.8
39.0756 -77.0022 1
City6063 39.0756 -77.0022 4.2
39.0758 -95.3931 1
City6064 39.0758 -95.3931 2.7
39.0761 -76.9581 1
City6065 39.0761 -76.9581 2.9
39.0769 -84.1769 1
City6066 39.0769 -84.1769 3.7
39.0775 -84.6031 1
City6067 39.0775 -84.6031 3.9
39.0794 -77.0733 1
City6068 39.0794 -77.0733 3.5
39.0825 -74.8242 1
City6069 39.0825 -74.8242 3.9
39.0833 -78.2183 1
City6070 39.0833 -78.2183 2.6
39.0836 -84.5086 1
City6071 39.0836 -84.5086 4.2
39.0839 -76.7006 1
City6072 39.0839 -76.7006 2.7
39.0839 -77.1531 1
City6073 39.0839 -77.1531 4.1
39.0892 -89.3906 1
City6074 39.0892 -89.3906 3.0
39.0908 -84.8500 1
City6075 39.0908 -84.8500 3.6
39.0911 -94.4153 1
City6076 39.0911 -94.4153 3.0
39.0914 -84.4958 1
City6077 39.0914 -84.4958 3.1
39.0917 -104.8722 1
City6078 39.0917 -104.8722 4.3
39.0919 -76.8181 1
City6079 39.0919 -76.8181 3.6
39.0919 -108.4483 1
City6080 39.0919 -108.4483 2.8
39.0925 -84.5475 1
City6081 39.0925 -84.5475 3.3
39.0928 -84.6128 1
City6082 39.0928 -84.6128 3.5
39.0928 -89.8039 1
City6083 39.0928 -89.8039 3.5
39.0936 -111.1325 1
City6084 39.0936 -111.1325 4.4
39.0953 -87.4058 1
City6085 39.0953 -87.4058 3.7
39.0956 -121.5511 1
City6086 39.0956 -121.5511 4.1
39.0964 -79.6811 1
City6087 39.0964 -79.6811 2.8
39.0992 -76.8486 1
City6088 39.0992 -76.8486 3.8
39.0997 -94.5783 1
City6089 39.0997 -94.5783 3.2
39.1008 -120.9522 1
City6090 39.1008 -120.9522 2.8
39.1011 -74.7181 1
City6091 39.1011 -74.7181 3.1
39.1042 -95.8583 1
City6092 39.1042 -95.8583 4.0
39.1064 -84.4789 1
City6093 39.1064 -84.4789 3.6
39.1069 -76.4853 1
City6094 39.1069 -76.4853 2.5
39.1072 -76.5714 1
City6095 39.1072 -76.5714 3.0
39.1081 -76.9981 1
City6096 39.1081 -76.9981 4.3
39.1094 -87.6564 1
City6097 39.1094 -87.6564 3.3
39.1097 -94.4444 1
City6098 39.1097 -94.4444 3.4
39.1097 -95.0875 1
City6099 39.1097 -95.0875 2.6
39.1103 -108.3503 1
City6100 39.1103 -108.3503 3.2
39.1111 -76.9328 1
City6101 39.1111 -76.9328 4.4
39.1111 -96.7058 1
City6102 39.1111 -96.7058 3.2
39.1128 -84.4728 1
City6103 39.1128 -84.4728 2.9
39.1133 -75.5422 1
City6104 39.1133 -75.5422 2.6
39.1133 -85.0881 1
City6105 39.1133 -85.0881 4.3
39.1136 -82.6114 1
City6106 39.1136 -82.6114 4.4
39.1142 -94.6272 1
City6107 39.1142 -94.6272 3.0
39.1156 -77.5639 1
City6108 39.1156 -77.5639 2.6
39.1175 -90.0442 1
City6109 39.1175 -90.0442 3.2
39.1178 -77.2528 1
City6110 39.1178 -77.2528 4.0
39.1181 -75.5592 1
City6111 39.1181 -75.5592 4.1
39.1200 -88.5433 1
City6112 39.1200 -88.5433 3.2
39.1200 -90.3283 1
City6113 39.1200 -90.3283 3.2
39.1211 -84.6064 1
City6114 39.1211 -84.6064 2.6
39.1211 -85.1314 1
City6115 39.1211 -85.1314 3.4
39.1219 -97.7064 1
City6116 39.1219 -97.7064 2.6
39.1222 -104.9167 1
City6117 39.1222 -104.9167 2.5
39.1231 -93.1967 1
City6118 39.1231 -93.1967 4.2
39.1233 -82.5331 1
City6119 39.1233 -82.5331 2.5
39.1244 -84.3617 1
City6120 39.1244 -84.3617 2.8
39.1247 -85.2892 1
City6121 39.1247 -85.2892 3.0
39.1250 -86.9794 1
City6122 39.1250 -86.9794 3.4
39.1253 -111.8183 1
City6123 39.1253 -111.8183 3.7
39.1278 -121.5497 1
City6124 39.1278 -121.5497 3.5
39.1297 -89.8194 1
City6125 39.1297 -89.8194 2.9
39.1300 -94.5619 1
City6126 39.1300 -94.5619 3.4
39.1308 -89.4919 1
City6127 39.1308 -89.4919 4.2
39.1308 -123.1650 1
City6128 39.1308 -123.1650 2.8
39.1317 -75.5253 1
City6129 39.1317 -75.5253 3.9
39.1319 -75.5328 1
City6130 39.1319 -75.5328 2.8
39.1325 -94.1983 1
City6131 39.1325 -94.1983 3.1
39.1331 -88.4719 1
City6132 39.1331 -88.4719 2.6
39.1333 -100.8633 1
City6133 39.1333 -100.8633 3.1
39.1342 -93.9825 1
City6134 39.1342 -93.9825 2.5
39.1350 -85.8133 1
City6135 39.1350 -85.8133 4.0
39.1361 -95.9514 1
City6136 39.1361 -95.9514 4.3
39.1361 -103.4694 1
City6137 39.1361 -103.4694 2.9
39.1367 -77.7150 1
City6138 39.1367 -77.7150 3.5
39.1367 -84.7092 1
City6139 39.1367 -84.7092 3.2
39.1369 -76.6986 1
City6140 39.1369 -76.6986 3.5
39.1394 -76.5481 1
City6141 39.1394 -76.5481 4.1
39.1397 -77.1756 1
City6142 39.1397 -77.1756 3.9
39.1406 -121.6158 1
City6143 39.1406 -121.6158 3.0
39.1417 -94.9383 1
City6144 39.1417 -94.9383 4.2
39.1433 -77.2017 1
City6145 39.1433 -77.2017 3.4
39.1444 -89.1086 1
City6146 39.1444 -89.1086 2.9
39.1450 -84.3744 1
City6147 39.1450 -84.3744 2.7
39.1453 -77.1444 1
City6148 39.1453 -77.1444 2.9
39.1458 -77.4172 1
City6149 39.1458 -77.4172 3.9
39.1458 -92.6836 1
City6150 39.1458 -92.6836 3.8
39.1458 -121.5903 1
City6151 39.1458 -121.5903 3.7
39.1489 -79.4983 1
City6152 39.1489 -79.4983 4.4
39.1489 -121.6658 1
City6153 39.1489 -121.6658 2.6
39.1492 -76.7756 1
City6154 39.1492 -76.7756 4.2
39.1503 -123.2067 1
City6155 39.1503 -123.2067 4.4
39.1517 -77.9825 1
City6156 39.1517 -77.9825 2.8
39.1522 -80.0406 1
City6157 39.1522 -80.0406 3.5
39.1525 -84.7481 1
City6158 39.1525 -84.7481 4.0
39.1531 -77.0672 1
City6159 39.1531 -77.0672 3.4
39.1531 -84.6372 1
City6160 39.1531 -84.6372 3.5
39.1533 -74.6933 1
City6161 39.1533 -74.6933 3.2
39.1542 -94.5467 1
City6162 39.1542 -94.5467 4.2
39.1547 -122.1483 1
City6163 39.1547 -122.1483 4.2
39.1553 -111.8175 1
City6164 39.1553 -111.8175 2.6
39.1567 -90.6178 1
City6165 39.1567 -90.6178 3.0
39.1569 -84.6133 1
City6166 39.1569 -84.6133 4.3
39.1581 -75.5247 1
City6167 39.1581 -75.5247 3.1
39.1589 -108.7283 1
City6168 39.1589 -108.7283 3.3
39.1592 -84.3072 1
City6169 39.1592 -84.3072 3.7
39.1597 -82.5269 1
City6170 39.1597 -82.5269 2.8
39.1597 -121.7478 1
City6171 39.1597 -121.7478 4.1
39.1611 -80.3522 1
City6172 39.1611 -80.3522 3.5
39.1611 -89.4936 1
City6173 39.1611 -89.4936 4.0
39.1617 -84.7492 1
City6174 39.1617 -84.7492 2.6
39.1619 -84.4569 1
City6175 39.1619 -84.4569 3.3
39.1625 -76.6250 1
City6176 39.1625 -76.6250 3.3
39.1631 -87.1992 1
City6177 39.1631 -87.1992 3.9
39.1639 -119.7664 1
City6178 39.1639 -119.7664 3.8
39.1642 -89.4636 1
City6179 39.1642 -89.4636 3.7
39.1653 -86.5264 1
City6180 39.1653 -86.5264 3.6
39.1667 -76.5083 1
City6181 39.1667 -76.5083 3.8
39.1667 -90.7808 1
City6182 39.1667 -90.7808 2.8
39.1697 -91.8828 1
City6183 39.1697 -91.8828 3.4
39.1744 -90.1431 1
City6184 39.1744 -90.1431 3.4
39.1753 -84.2944 1
City6185 39.1753 -84.2944 3.5
39.1758 -85.5731 1
City6186 39.1758 -85.5731 3.5
39.1772 -76.7433 1
City6187 39.1772 -76.7433 4.0
39.1783 -87.3936 1
City6188 39.1783 -87.3936 4.2
39.1792 -98.7889 1
City6189 39.1792 -98.7889 3.8
39.1831 -76.6406 1
City6190 39.1831 -76.6406 2.5
39.1831 -94.5925 1
City6191 39.1831 -94.5925 3.8
39.1836 -96.5714 1
City6192 39.1836 -96.5714 2.9
39.1847 -93.8797 1
City6193 39.1847 -93.8797 3.9
39.1856 -78.1636 1
City6194 39.1856 -78.1636 3.9
39.1864 -87.3017 1
City6195 39.1864 -87.3017 3.7
39.1872 -84.4464 1
City6196 39.1872 -84.4464 3.6
39.1872 -84.4881 1
City6197 39.1872 -84.4881 4.3
39.1889 -95.5694 1
City6198 39.1889 -95.5694 4.1
39.1908 -84.3636 1
City6199 39.1908 -84.3636 2.5
39.1908 -99.0283 1
City6200 39.1908 -99.0283 3.2
39.1911 -106.8169 1
City6201 39.1911 -106.8169 2.9
39.1928 -84.4006 1
City6202 39.1928 -84.4006 3.4
39.1950 -94.6819 1
City6203 39.1950 -94.6819 3.8
39.1958 -95.2081 1
City6204 39.1958 -95.2081 3.5
39.1964 -75.5492 1
City6205 39.1964 -75.5492 2.9
39.2008 -80.4044 1
City6206 39.2008 -80.4044 2.5
39.2014 -85.9214 1
City6207 39.2014 -85.9214 4.0
39.2019 -96.3047 1
City6208 39.2019 -96.3047 3.5
39.2022 -83.6117 1
City6209 39.2022 -83.6117 2.8
39.2025 -94.4922 1
City6210 39.2025 -94.4922 3.9
39.2039 -94.5544 1
City6211 39.2039 -94.5544 3.1
39.2047 -76.0517 1
City6212 39.2047 -76.0517 3.9
39.2047 -84.4281 1
City6213 39.2047 -84.4281 3.7
39.2053 -84.3947 1
City6214 39.2053 -84.3947 2.9
39.2058 -89.4044 1
City6215 39.2058 -89.4044 3.7
39.2089 -76.0669 1
City6216 39.2089 -76.0669 2.9
39.2094 -81.0519 1
City6217 39.2094 -81.0519 3.0
39.2094 -93.5175 1
City6218 39.2094 -93.5175 2.5
39.2103 -92.1378 1
City6219 39.2103 -92.1378 3.4
39.2106 -84.3672 1
City6220 39.2106 -84.3672 3.6
39.2122 -111.0189 1
City6221 39.2122 -111.0189 4.2
39.2128 -94.1225 1
City6222 39.2128 -94.1225 3.4
39.2133 -97.0053 1
City6223 39.2133 -97.0053 4.0
39.2144 -122.0083 1
City6224 39.2144 -122.0083 3.4
39.2150 -84.4556 1
City6225 39.2150 -84.4556 3.8
39.2153 -95.3125 1
City6226 39.2153 -95.3125 3.4
39.2172 -76.6375 1
City6227 39.2172 -76.6375 4.3
39.2181 -93.0689 1
City6228 39.2181 -93.0689 3.5
39.2183 -84.5508 1
City6229 39.2183 -84.5508 3.6
39.2192 -121.0600 1
City6230 39.2192 -121.0600 2.7
39.2214 -94.4511 1
City6231 39.2214 -94.4511 4.1
39.2217 -81.7975 1
City6232 39.2217 -81.7975 2.7
39.2231 -84.5869 1
City6233 39.2231 -84.5869 3.8
39.2272 -92.8464 1
City6234 39.2272 -92.8464 3.2
39.2272 -111.0528 1
City6235 39.2272 -111.0528 3.0
39.2275 -82.2025 1
City6236 39.2275 -82.2025 3.7
39.2281 -84.3542 1
City6237 39.2281 -84.3542 2.7
39.2283 -76.6167 1
City6238 39.2283 -76.6167 3.1
39.2300 -121.0756 1
City6239 39.2300 -121.0756 3.4
39.2311 -84.4658 1
City6240 39.2311 -84.4658 3.3
39.2319 -84.3783 1
City6241 39.2319 -84.3783 3.5
39.2336 -84.5458 1
City6242 39.2336 -84.5458 2.7
39.2339 -86.6250 1
City6243 39.2339 -86.6250 4.0
39.2342 -92.2806 1
City6244 39.2342 -92.2806 2.8
39.2347 -99.2978 1
City6245 39.2347 -99.2978 3.2
39.2353 -81.6314 1
City6246 39.2353 -81.6314 2.6
39.2369 -85.0947 1
City6247 39.2369 -85.0947 2.7
39.2378 -94.6958 1
City6248 39.2378 -94.6958 3.0
39.2378 -120.0256 1
City6249 39.2378 -120.0256 3.8
39.2403 -76.8397 1
City6250 39.2403 -76.8397 4.0
39.2417 -74.8156 1
City6251 39.2417 -74.8156 2.6
39.2419 -76.4483 1
City6252 39.2419 -76.4483 2.7
39.2425 -91.6453 1
City6253 39.2425 -91.6453 3.9
39.2458 -75.0356 1
City6254 39.2458 -75.0356 2.9
39.2464 -82.4786 1
City6255 39.2464 -82.4786 2.8
39.2464 -84.5836 1
City6256 39.2464 -84.5836 2.8
39.2475 -114.8878 1
City6257 39.2475 -114.8878 4.0
39.2478 -88.1633 1
City6258 39.2478 -88.1633 3.7
39.2478 -95.7061 1
City6259 39.2478 -95.7061 2.5
39.2483 -88.8622 1
City6260 39.2483 -88.8622 2.5
39.2486 -87.3819 1
City6261 39.2486 -87.3819 3.3
39.2486 -94.9000 1
City6262 39.2486 -94.9000 3.0
39.2506 -76.5208 1
City6263 39.2506 -76.5208 2.8
39.2508 -80.3125 1
City6264 39.2508 -80.3125 4.1
39.2508 -106.2919 1
City6265 39.2508 -106.2919 4.2
39.2519 -84.4703 1
City6266 39.2519 -84.4703 2.9
39.2544 -76.7003 1
City6267 39.2544 -76.7003 3.0
39.2561 -84.4181 1
City6268 39.2561 -84.4181 3.4
39.2564 -89.3481 1
City6269 39.2564 -89.3481 3.2
39.2567 -80.2925 1
City6270 39.2567 -80.2925 2.8
39.2581 -75.8375 1
City6271 39.2581 -75.8375 3.7
39.2617 -121.0150 1
City6272 39.2617 -121.0150 3.8
39.2619 -84.8200 1
City6273 39.2619 -84.8200 2.9
39.2631 -88.6297 1
City6274 39.2631 -88.6297 3.3
39.2633 -80.3200 1
City6275 39.2633 -80.3200 4.4
39.2636 -81.6294 1
City6276 39.2636 -81.6294 4.1
39.2639 -103.6917 1
City6277 39.2639 -103.6917 3.3
39.2667 -81.5617 1
City6278 39.2667 -81.5617 3.1
39.2672 -76.7986 1
City6279 39.2672 -76.7986 3.9
39.2681 -84.4133 1
City6280 39.2681 -84.4133 4.1
39.2681 -84.5231 1
City6281 39.2681 -84.5231 2.9
39.2683 -111.6361 1
City6282 39.2683 -111.6361 2.5
39.2692 -80.3125 1
City6283 39.2692 -80.3125 3.1
39.2708 -93.8342 1
City6284 39.2708 -93.8342 3.1
39.2719 -76.7322 1
City6285 39.2719 -76.7322 3.1
39.2725 -77.6369 1
City6286 39.2725 -77.6369 3.2
39.2725 -91.5744 1
City6287 39.2725 -91.5744 3.2
39.2728 -79.3647 1
City6288 39.2728 -79.3647 4.3
39.2736 -88.2436 1
City6289 39.2736 -88.2436 4.4
39.2739 -81.5731 1
City6290 39.2739 -81.5731 3.6
39.2739 -97.7717 1
City6291 39.2739 -97.7717 3.3
39.2775 -74.5750 1
City6292 39.2775 -74.5750 2.9
39.2786 -93.9767 1
City6293 39.2786 -93.9767 3.5
39.2797 -89.8817 1
City6294 39.2797 -89.8817 3.3
39.2806 -80.3447 1
City6295 39.2806 -80.3447 3.7
39.2850 -80.9686 1
City6296 39.2850 -80.9686 4.1
39.2864 -80.2564 1
City6297 39.2864 -80.2564 3.8
39.2867 -86.7625 1
City6298 39.2867 -86.7625 4.2
39.2869 -84.4853 1
City6299 39.2869 -84.4853 2.8
39.2883 -77.2042 1
City6300 39.2883 -77.2042 4.3
39.2886 -80.3061 1
City6301 39.2886 -80.3061 4.2
39.2889 -77.8600 1
City6302 39.2889 -77.8600 3.2
39.2903 -76.6125 1
City6303 39.2903 -76.6125 4.2
39.2906 -75.6347 1
City6304 39.2906 -75.6347 2.7
39.2931 -83.9889 1
City6305 39.2931 -83.9889 4.4
39.2931 -103.0667 1
City6306 39.2931 -103.0667 3.3
39.2950 -77.8608 1
City6307 39.2950 -77.8608 3.8
39.2958 -85.9508 1
City6308 39.2958 -85.9508 4.0
39.2964 -80.7772 1
City6309 39.2964 -80.7772 3.1
39.2964 -119.7747 1
City6310 39.2964 -119.7747 4.3
39.2989 -96.8306 1
City6311 39.2989 -96.8306 2.9
39.2992 -87.9925 1
City6312 39.2992 -87.9925 3.8
39.2997 -75.6050 1
City6313 39.2997 -75.6050 3.2
39.2997 -84.2633 1
City6314 39.2997 -84.2633 3.0
39.3000 -85.2222 1
City6315 39.3000 -85.2222 2.6
39.3011 -89.2850 1
City6316 39.3011 -89.2850 3.1
39.3022 -90.4069 1
City6317 39.3022 -90.4069 4.0
39.3025 -93.6772 1
City6318 39.3025 -93.6772 3.2
39.3039 -85.7714 1
City6319 39.3039 -85.7714 2.9
39.3047 -92.5125 1
City6320 39.3047 -92.5125 3.0
39.3061 -102.2689 1
City6321 39.3061 -102.2689 3.0
39.3078 -123.7983 1
City6322 39.3078 -123.7983 3.7
39.3092 -76.4753 1
City6323 39.3092 -76.4753 3.6
39.3092 -77.2975 1
City6324 39.3092 -77.2975 3.8
39.3108 -91.4883 1
City6325 39.3108 -91.4883 3.8
39.3111 -94.9222 1
City6326 39.3111 -94.9222 4.2
39.3122 -84.6506 1
City6327 39.3122 -84.6506 4.3
39.3142 -74.5253 1
City6328 39.3142 -74.5253 4.2
39.3142 -77.6281 1
City6329 39.3142 -77.6281 3.1
39.3175 -74.5950 1
City6330 39.3175 -74.5950 3.9
39.3183 -84.3689 1
City6331 39.3183 -84.3689 2.7
39.3194 -88.4528 1
City6332 39.3194 -88.4528 3.6
39.3194 -89.5719 1
City6333 39.3194 -89.5719 3.9
39.3200 -76.5158 1
City6334 39.3200 -76.5158 4.2
39.3222 -95.2667 1
City6335 39.3222 -95.2667 2.8
39.3233 -77.7531 1
City6336 39.3233 -77.7531 3.8
39.3236 -83.6911 1
City6337 39.3236 -83.6911 4.4
39.3267 -110.9639 1
City6338 39.3267 -110.9639 3.9
39.3269 -81.5486 1
City6339 39.3269 -81.5486 2.7
39.3278 -74.5039 1
City6340 39.3278 -74.5039 4.2
39.3281 -120.1822 1
City6341 39.3281 -120.1822 4.3
39.3292 -82.1014 1
City6342 39.3292 -82.1014 3.9
39.3331 -82.9825 1
City6343 39.3331 -82.9825 3.9
39.3342 -76.4397 1
City6344 39.3342 -76.4397 3.2
39.3356 -87.8819 1
City6345 39.3356 -87.8819 2.9
39.3372 -85.4836 1
City6346 39.3372 -85.4836 3.8
39.3383 -76.4800 1
City6347 39.3383 -76.4800 4.4
39.3392 -94.2258 1
City6348 39.3392 -94.2258 3.3
39.3397 -85.2044 1
City6349 39.3397 -85.2044 3.8
39.3403 -74.4778 1
City6350 39.3403 -74.4778 3.3
39.3406 -76.7225 1
City6351 39.3406 -76.7225 4.1
39.3408 -80.0192 1
City6352 39.3408 -80.0192 3.9
39.3419 -78.7569 1
City6353 39.3419 -78.7569 4.3
39.3419 -91.1950 1
City6354 39.3419 -91.1950 3.7
39.3433 -95.4600 1
City6355 39.3433 -95.4600 3.0
39.3436 -90.2125 1
City6356 39.3436 -90.2125 2.9
39.3450 -83.5531 1
City6357 39.3450 -83.5531 3.8
39.3483 -79.6711 1
City6358 39.3483 -79.6711 3.1
39.3483 -97.4458 1
City6359 39.3483 -97.4458 4.2
39.3489 -110.8508 1
City6360 39.3489 -110.8508 3.1
39.3508 -86.6669 1
City6361 39.3508 -86.6669 3.2
39.3508 -101.7097 1
City6362 39.3508 -101.7097 2.6
39.3519 -83.3828 1
City6363 39.3519 -83.3828 4.1
39.3522 -112.5764 1
City6364 39.3522 -112.5764 4.1
39.3544 -84.1272 1
City6365 39.3544 -84.1272 2.6
39.3567 -97.8408 1
City6366 39.3567 -97.8408 3.3
39.3575 -100.4414 1
City6367 39.3575 -100.4414 4.1
39.3578 -78.0403 1
City6368 39.3578 -78.0403 2.8
39.3583 -93.4956 1
City6369 39.3583 -93.4956 3.6
39.3597 -111.5856 1
City6370 39.3597 -111.5856 3.0
39.3600 -84.3100 1
City6371 39.3600 -84.3100 2.8
39.3603 -104.5964 1
City6372 39.3603 -104.5964 4.1
39.3633 -76.5208 1
City6373 39.3633 -76.5208 2.9
39.3639 -121.6925 1
City6374 39.3639 -121.6925 2.6
39.3642 -74.4233 1
City6375 39.3642 -74.4233 3.5
39.3647 -99.8417 1
City6376 39.3647 -99.8417 4.4
39.3672 -76.7956 1
City6377 39.3672 -76.7956 2.5
39.3678 -94.3619 1
City6378 39.3678 -94.3619 3.9
39.3689 -82.1325 1
City6379 39.3689 -82.1325 3.2
39.3689 -107.0322 1
City6380 39.3689 -107.0322 3.2
39.3703 -94.7822 1
City6381 39.3703 -94.7822 2.8
39.3706 -90.9050 1
City6382 39.3706 -90.9050 3.7
39.3708 -84.2133 1
City6383 39.3708 -84.2133 4.4
39.3714 -86.2611 1
City6384 39.3714 -86.2611 3.4
39.3722 -104.8556 1
City6385 39.3722 -104.8556 3.7
39.3736 -76.9681 1
City6386 39.3736 -76.9681 3.6
39.3739 -80.3486 1
City6387 39.3739 -80.3486 3.3
39.3742 -76.7228 1
City6388 39.3742 -76.7228 3.7
39.3761 -77.1550 1
City6389 39.3761 -77.1550 3.8
39.3772 -76.5400 1
City6390 39.3772 -76.5400 3.3
39.3794 -81.2586 1
City6391 39.3794 -81.2586 3.0
39.3817 -75.2203 1
City6392 39.3817 -75.2203 3.8
39.3869 -94.5808 1
City6393 39.3869 -94.5808 3.4
39.3878 -88.9606 1
City6394 39.3878 -88.9606 3.5
39.3889 -89.0800 1
City6395 39.3889 -89.0800 2.7
39.3914 -87.6936 1
City6396 39.3914 -87.6936 4.4
39.3917 -79.7486 1
City6397 39.3917 -79.7486 3.8
39.3931 -79.3733 1
City6398 39.3931 -79.3733 2.9
39.3939 -96.4133 1
City6399 39.3939 -96.4133 3.5
39.3942 -76.5239 1
City6400 39.3942 -76.5239 4.0
39.3950 -86.5625 1
City6401 39.3950 -86.5625 3.6
39.3956 -80.3003 1
City6402 39.3956 -80.3003 2.8
39.3958 -101.0519 1
City6403 39.3958 -101.0519 2.7
39.3978 -82.1294 1
City6404 39.3978 -82.1294 2.8
39.3983 -79.3819 1
City6405 39.3983 -79.3819 3.5
39.4014 -76.6022 1
City6406 39.4014 -76.6022 3.6
39.4022 -107.2106 1
City6407 39.4022 -107.2106 3.9
39.4036 -76.9506 1
City6408 39.4036 -76.9506 3.3
39.4039 -75.8678 1
City6409 39.4039 -75.8678 3.6
39.4050 -114.7778 1
City6410 39.4050 -114.7778 2.5
39.4064 -88.7900 1
City6411 39.4064 -88.7900 4.0
39.4097 -123.3544 1
City6412 39.4097 -123.3544 3.8
39.4100 -74.3650 1
City6413 39.4100 -74.3650 3.1
39.4111 -94.9014 1
City6414 39.4111 -94.9014 4.0
39.4119 -74.7428 1
City6415 39.4119 -74.7428 3.3
39.4125 -76.4639 1
City6416 39.4125 -76.4639 3.5
39.4125 -121.7117 1
City6417 39.4125 -121.7117 3.5
39.4142 -77.4108 1
City6418 39.4142 -77.4108 3.8
39.4153 -81.4550 1
City6419 39.4153 -81.4550 2.6
39.4167 -95.3333 1
City6420 39.4167 -95.3333 3.6
39.4175 -76.6214 1
City6421 39.4175 -76.6214 3.8
39.4183 -92.4381 1
City6422 39.4183 -92.4381 3.8
39.4186 -77.5039 1
City6423 39.4186 -77.5039 2.7
39.4194 -76.7806 1
City6424 39.4194 -76.7806 3.8
39.4200 -89.4556 1
City6425 39.4200 -89.4556 3.2
39.4228 -76.5850 1
City6426 39.4228 -76.5850 3.4
39.4231 -85.0128 1
City6427 39.4231 -85.0128 3.8
39.4233 -93.1303 1
City6428 39.4233 -93.1303 2.6
39.4239 -92.8014 1
City6429 39.4239 -92.8014 3.0
39.4272 -75.2344 1
City6430 39.4272 -75.2344 3.6
39.4278 -86.4283 1
City6431 39.4278 -86.4283 3.3
39.4283 -74.4961 1
City6432 39.4283 -74.4961 3.9
39.4300 -77.8044 1
City6433 39.4300 -77.8044 4.4
39.4311 -91.6750 1
City6434 39.4311 -91.6750 2.7
39.4344 -92.9381 1
City6435 39.4344 -92.9381 2.8
39.4347 -84.5369 1
City6436 39.4347 -84.5369 2.7
39.4356 -121.5369 1
City6437 39.4356 -121.5369 4.3
39.4369 -90.4031 1
City6438 39.4369 -90.4031 4.2
39.4381 -99.2647 1
City6439 39.4381 -99.2647 2.7
39.4383 -94.2039 1
City6440 39.4383 -94.2039 4.2
39.4389 -98.6944 1
City6441 39.4389 -98.6944 3.8
39.4406 -92.5450 1
City6442 39.4406 -92.5450 4.3
39.4408 -78.9742 1
City6443 39.4408 -78.9742 3.9
39.4408 -88.5947 1
City6444 39.4408 -88.5947 4.2
39.4433 -89.6517 1
City6445 39.4433 -89.6517 3.7
39.4453 -83.8286 1
City6446 39.4453 -83.8286 2.9
39.4456 -79.5467 1
City6447 39.4456 -79.5467 3.2
39.4458 -123.8042 1
City6448 39.4458 -123.8042 4.4
39.4464 -89.7808 1
City6449 39.4464 -89.7808 4.0
39.4486 -76.4181 1
City6450 39.4486 -76.4181 2.8
39.4489 -91.0514 1
City6451 39.4489 -91.0514 2.7
39.4494 -75.7167 1
City6452 39.4494 -75.7167 3.1
39.4522 -74.7281 1
City6453 39.4522 -74.7281 2.9
39.4561 -77.9642 1
City6454 39.4561 -77.9642 3.0
39.4561 -98.1058 1
City6455 39.4561 -98.1058 3.4
39.4564 -87.9961 1
City6456 39.4564 -87.9961 4.3
39.4575 -77.7492 1
City6457 39.4575 -77.7492 2.8
39.4586 -82.2319 1
City6458 39.4586 -82.2319 2.5
39.4619 -82.1819 1
City6459 39.4619 -82.1819 4.2
39.4625 -80.2183 1
City6460 39.4625 -80.2183 4.2
39.4650 -87.4500 1
City6461 39.4650 -87.4500 4.3
39.4653 -95.7361 1
City6462 39.4653 -95.7361 3.7
39.4667 -87.4139 1
City6463 39.4667 -87.4139 3.6
39.4694 -76.2047 1
City6464 39.4694 -76.2047 3.0
39.4694 -76.8297 1
City6465 39.4694 -76.8297 3.6
39.4717 -79.6836 1
City6466 39.4717 -79.6836 2.8
39.4728 -76.5233 1
City6467 39.4728 -76.5233 3.3
39.4733 -82.7394 1
City6468 39.4733 -82.7394 3.5
39.4736 -81.4792 1
City6469 39.4736 -81.4792 3.4
39.4736 -92.2097 1
City6470 39.4736 -92.2097 3.1
39.4736 -118.7764 1
City6471 39.4736 -118.7764 3.6
39.4739 -82.9108 1
City6472 39.4739 -82.9108 4.3
39.4783 -74.5756 1
City6473 39.4783 -74.5756 3.8
39.4800 -84.5519 1
City6474 39.4800 -84.5519 4.3
39.4808 -84.4578 1
City6475 39.4808 -84.4578 4.3
39.4808 -92.0011 1
City6476 39.4808 -92.0011 3.0
39.4811 -76.6442 1
City6477 39.4811 -76.6442 3.0
39.4817 -106.0378 1
City6478 39.4817 -106.0378 2.7
39.4825 -111.4953 1
City6479 39.4825 -111.4953 3.7
39.4831 -88.3728 1
City6480 39.4831 -88.3728 3.5
39.4839 -90.3714 1
City6481 39.4839 -90.3714 3.8
39.4847 -82.0792 1
City6482 39.4847 -82.0792 3.6
39.4850 -80.1428 1
City6483 39.4850 -80.1428 4.0
39.4853 -79.0450 1
City6484 39.4853 -79.0450 4.3
39.4861 -75.0261 1
City6485 39.4861 -75.0261 2.5
39.4861 -77.3522 1
City6486 39.4861 -77.3522 2.7
39.4886 -83.6369 1
City6487 39.4886 -83.6369 2.9
39.4889 -96.1697 1
City6488 39.4889 -96.1697 4.1
39.4919 -87.2672 1
City6489 39.4919 -87.2672 4.1
39.4922 -80.9039 1
City6490 39.4922 -80.9039 2.5
39.4950 -79.8153 1
City6491 39.4950 -79.8153 2.7
39.4961 -88.1761 1
City6492 39.4961 -88.1761 2.7
39.4967 -121.5511 1
City6493 39.4967 -121.5511 3.6
39.5008 -85.1864 1
City6494 39.5008 -85.1864 3.6
39.5008 -89.7678 1
City6495 39.5008 -89.7678 3.6
39.5022 -98.5464 1
City6496 39.5022 -98.5464 3.5
39.5031 -78.7689 1
City6497 39.5031 -78.7689 3.2
39.5031 -82.0847 1
City6498 39.5031 -82.0847 3.3
39.5036 -80.1669 1
City6499 39.5036 -80.1669 3.0
39.5050 -94.6331 1
City6500 39.5050 -94.6331 3.0
39.5069 -84.7453 1
City6501 39.5069 -84.7453 3.9
39.5081 -91.5286 1
City6502 39.5081 -91.5286 2.6
39.5106 -79.7986 1
City6503 39.5106 -79.7986 3.3
39.5114 -82.1636 1
City6504 39.5114 -82.1636 4.1
39.5125 -98.4333 1
City6505 39.5125 -98.4333 2.8
39.5128 -80.2492 1
City6506 39.5128 -80.2492 3.4
39.5136 -74.9250 1
City6507 39.5136 -74.9250 2.6
39.5139 -121.5553 1
City6508 39.5139 -121.5553 4.0
39.5144 -76.4114 1
City6509 39.5144 -76.4114 3.8
39.5147 -86.7939 1
City6510 39.5147 -86.7939 2.7
39.5161 -84.3764 1
City6511 39.5161 -84.3764 3.9
39.5203 -89.0489 1
City6512 39.5203 -89.0489 2.6
39.5206 -74.4861 1
City6513 39.5206 -74.4861 2.9
39.5208 -86.1678 1
City6514 39.5208 -86.1678 2.6
39.5214 -85.7769 1
City6515 39.5214 -85.7769 2.8
39.5219 -94.7697 1
City6516 39.5219 -94.7697 4.1
39.5222 -95.4006 1
City6517 39.5222 -95.4006 3.2
39.5225 -88.7536 1
City6518 39.5225 -88.7536 3.9
39.5236 -87.1250 1
City6519 39.5236 -87.1250 3.8
39.5244 -122.1925 1
City6520 39.5244 -122.1925 3.4
39.5250 -111.5897 1
City6521 39.5250 -111.5897 4.2
39.5258 -87.1125 1
City6522 39.5258 -87.1125 4.4
39.5286 -74.6483 1
City6523 39.5286 -74.6483 3.4
39.5297 -80.1169 1
City6524 39.5297 -80.1169 2.6
39.5297 -84.0867 1
City6525 39.5297 -84.0867 3.3
39.5297 -119.8128 1
City6526 39.5297 -119.8128 3.0
39.5306 -79.0178 1
City6527 39.5306 -79.0178 2.7
39.5308 -75.8078 1
City6528 39.5308 -75.8078 3.2
39.5308 -80.3436 1
City6529 39.5308 -80.3436 3.9
39.5331 -77.3150 1
City6530 39.5331 -77.3150 2.6
39.5331 -88.0222 1
City6531 39.5331 -88.0222 3.9
39.5347 -107.7825 1
City6532 39.5347 -107.7825 3.7
39.5350 -119.7517 1
City6533 39.5350 -119.7517 3.7
39.5358 -76.3486 1
City6534 39.5358 -76.3486 4.0
39.5367 -87.1058 1
City6535 39.5367 -87.1058 3.6
39.5381 -89.7631 1
City6536 39.5381 -89.7631 3.6
39.5392 -86.3692 1
City6537 39.5392 -86.3692 2.9
39.5400 -82.4072 1
City6538 39.5400 -82.4072 4.4
39.5419 -77.1083 1
City6539 39.5419 -77.1083 3.8
39.5425 -110.7347 1
City6540 39.5425 -110.7347 4.0
39.5464 -75.0253 1
City6541 39.5464 -75.0253 4.1
39.5469 -111.4547 1
City6542 39.5469 -111.4547 2.6
39.5478 -81.6397 1
City6543 39.5478 -81.6397 2.7
39.5483 -81.7931 1
City6544 39.5483 -81.7931 3.8
39.5483 -94.3297 1
City6545 39.5483 -94.3297 4.1
39.5486 -107.6556 1
City6546 39.5486 -107.6556 3.4
39.5489 -89.2944 1
City6547 39.5489 -89.2944 2.8
39.5492 -76.0919 1
City6548 39.5492 -76.0919 3.6
39.5500 -86.0797 1
City6549 39.5500 -86.0797 4.3
39.5506 -107.3242 1
City6550 39.5506 -107.3242 3.1
39.5514 -110.3872 1
City6551 39.5514 -110.3872 4.4
39.5522 -79.7981 1
City6552 39.5522 -79.7981 3.0
39.5522 -84.2333 1
City6553 39.5522 -84.2333 2.6
39.5522 -94.0406 1
City6554 39.5522 -94.0406 3.7
39.5528 -87.9394 1
City6555 39.5528 -87.9394 2.8
39.5539 -83.2569 1
City6556 39.5539 -83.2569 3.4
39.5581 -80.1819 1
City6557 39.5581 -80.1819 4.0
39.5581 -86.0953 1
City6558 39.5581 -86.0953 3.0
39.5589 -84.3042 1
City6559 39.5589 -84.3042 3.1
39.5592 -74.2436 1
City6560 39.5592 -74.2436 4.4
39.5600 -76.0717 1
City6561 39.5600 -76.0717 2.9
39.5608 -75.3628 1
City6562 39.5608 -75.3628 3.7
39.5631 -95.1214 1
City6563 39.5631 -95.1214 3.4
39.5642 -80.9961 1
City6564 39.5642 -80.9961 3.7
39.5656 -89.6572 1
City6565 39.5656 -89.6572 3.0
39.5656 -94.4478 1
City6566 39.5656 -94.4478 4.2
39.5658 -78.9806 1
City6567 39.5658 -78.9806 3.4
39.5672 -97.2783 1
City6568 39.5672 -97.2783 3.1
39.5675 -84.8161 1
City6569 39.5675 -84.8161 4.1
39.5689 -77.1772 1
City6570 39.5689 -77.1772 4.1
39.5708 -97.6622 1
City6571 39.5708 -97.6622 3.5
39.5717 -75.4675 1
City6572 39.5717 -75.4675 3.8
39.5728 -107.5358 1
City6573 39.5728 -107.5358 4.0
39.5731 -74.2319 1
City6574 39.5731 -74.2319 2.9
39.5744 -106.0969 1
City6575 39.5744 -106.0969 4.0
39.5753 -76.9961 1
City6576 39.5753 -76.9961 2.5
39.5778 -75.5892 1
City6577 39.5778 -75.5892 3.0
39.5778 -82.2378 1
City6578 39.5778 -82.2378 3.5
39.5853 -91.4008 1
City6579 39.5853 -91.4008 4.3
39.5856 -90.2519 1
City6580 39.5856 -90.2519 3.8
39.5864 -106.4303 1
City6581 39.5864 -106.4303 4.1
39.5869 -93.7958 1
City6582 39.5869 -93.7958 3.8
39.5886 -89.4144 1
City6583 39.5886 -89.4144 3.1
39.5900 -78.9500 1
City6584 39.5900 -78.9500 3.8
39.5911 -97.3986 1
City6585 39.5911 -97.3986 3.0
39.5917 -89.5803 1
City6586 39.5917 -89.5803 3.5
39.5917 -89.7464 1
City6587 39.5917 -89.7464 4.1
39.5917 -89.9528 1
City6588 39.5917 -89.9528 2.8
39.5928 -78.8336 1
City6589 39.5928 -78.8336 3.3
39.5950 -75.1706 1
City6590 39.5950 -75.1706 3.5
39.5956 -74.8819 1
City6591 39.5956 -74.8819 4.3
39.5994 -88.6078 1
City6592 39.5994 -88.6078 3.3
39.5994 -110.8100 1
City6593 39.5994 -110.8100 4.1
39.6000 -75.9417 1
City6594 39.6000 -75.9417 3.8
39.6006 -77.8208 1
City6595 39.6006 -77.8208 4.2
39.6006 -82.9461 1
City6596 39.6006 -82.9461 3.7
39.6011 -105.0317 1
City6597 39.6011 -105.0317 4.2
39.6019 -74.8431 1
City6598 39.6019 -74.8431 3.2
39.6025 -82.0883 1
City6599 39.6025 -82.0883 4.3
39.6028 -80.9369 1
City6600 39.6028 -80.9369 3.7
39.6031 -74.3406 1
City6601 39.6031 -74.3406 3.6
39.6036 -93.3422 1
City6602 39.6036 -93.3422 4.2
39.6044 -76.4781 1
City6603 39.6044 -76.4781 3.8
39.6047 -76.1156 1
City6604 39.6047 -76.1156 3.2
39.6047 -76.8503 1
City6605 39.6047 -76.8503 3.6
39.6047 -82.2117 1
City6606 39.6047 -82.2117 4.4
39.6047 -82.8292 1
City6607 39.6047 -82.8292 3.1
39.6050 -83.3956 1
City6608 39.6050 -83.3956 3.2
39.6067 -75.8336 1
City6609 39.6067 -75.8336 3.6
39.6078 -90.8050 1
City6610 39.6078 -90.8050 3.5
39.6089 -77.7047 1
City6611 39.6089 -77.7047 2.8
39.6092 -85.4464 1
City6612 39.6092 -85.4464 2.6
39.6108 -94.5992 1
City6613 39.6108 -94.5992 4.1
39.6111 -87.6961 1
City6614 39.6111 -87.6961 3.2
39.6117 -79.9047 1
City6615 39.6117 -79.9047 4.3
39.6128 -86.3742 1
City6616 39.6128 -86.3742 4.1
39.6133 -105.0161 1
City6617 39.6133 -105.0161 3.4
39.6144 -78.7753 1
City6618 39.6144 -78.7753 3.9
39.6172 -104.9503 1
City6619 39.6172 -104.9503 4.1
39.6203 -90.0439 1
City6620 39.6203 -90.0439 3.8
39.6206 -77.7592 1
City6621 39.6206 -77.7592 3.6
39.6228 -87.2833 1
City6622 39.6228 -87.2833 3.4
39.6236 -77.4111 1
City6623 39.6236 -77.4111 4.2
39.6247 -89.0189 1
City6624 39.6247 -89.0189 4.2
39.6264 -111.4389 1
City6625 39.6264 -111.4389 2.5
39.6283 -105.0494 1
City6626 39.6283 -105.0494 3.0
39.6289 -90.2189 1
City6627 39.6289 -90.2189 4.3
39.6294 -79.9561 1
City6628 39.6294 -79.9561 3.5
39.6297 -90.4561 1
City6629 39.6297 -90.4561 3.8
39.6300 -111.6344 1
City6630 39.6300 -111.6344 3.7
39.6314 -106.5217 1
City6631 39.6314 -106.5217 4.0
39.6325 -78.7847 1
City6632 39.6325 -78.7847 3.5
39.6333 -105.3167 1
City6633 39.6333 -105.3167 3.0
39.6344 -79.9700 1
City6634 39.6344 -79.9700 3.1
39.6356 -84.0708 1
City6635 39.6356 -84.0708 3.0
39.6356 -84.9311 1
City6636 39.6356 -84.9311 2.7
39.6364 -74.8028 1
City6637 39.6364 -74.8028 3.1
39.6375 -106.0614 1
City6638 39.6375 -106.0614 4.3
39.6400 -89.1928 1
City6639 39.6400 -89.1928 3.8
39.6403 -85.2622 1
City6640 39.6403 -85.2622 2.8
39.6403 -106.3736 1
City6641 39.6403 -106.3736 3.4
39.6414 -78.7747 1
City6642 39.6414 -78.7747 4.3
39.6417 -77.7203 1
City6643 39.6417 -77.7203 4.1
39.6417 -104.9589 1
City6644 39.6417 -104.9589 3.8
39.6428 -74.1808 1
City6645 39.6428 -74.1808 2.6
39.6428 -84.2867 1
City6646 39.6428 -84.2867 2.5
39.6442 -77.5861 1
City6647 39.6442 -77.5861 3.0
39.6444 -80.8578 1
City6648 39.6444 -80.8578 2.9
39.6444 -86.8647 1
City6649 39.6444 -86.8647 4.0
39.6456 -88.7381 1
City6650 39.6456 -88.7381 2.9
39.6458 -79.9875 1
City6651 39.6458 -79.9875 4.0
39.6469 -105.0247 1
City6652 39.6469 -105.0247 3.8
39.6469 -106.9511 1
City6653 39.6469 -106.9511 3.9
39.6478 -84.5272 1
City6654 39.6478 -84.5272 3.7
39.6478 -104.9872 1
City6655 39.6478 -104.9872 4.0
39.6486 -81.8533 1
City6656 39.6486 -81.8533 2.7
39.6492 -81.8622 1
City6657 39.6492 -81.8622 3.8
39.6494 -82.7444 1
City6658 39.6494 -82.7444 4.2
39.6511 -77.6911 1
City6659 39.6511 -77.6911 3.7
39.6514 -75.3286 1
City6660 39.6514 -75.3286 3.0
39.6525 -78.8972 1
City6661 39.6525 -78.8972 2.7
39.6528 -78.7628 1
City6662 39.6528 -78.7628 2.6
39.6528 -83.7869 1
City6663 39.6528 -83.7869 2.8
39.6533 -75.5169 1
City6664 39.6533 -75.5169 3.3
39.6536 -83.5639 1
City6665 39.6536 -83.5639 3.7
39.6536 -91.7344 1
City6666 39.6536 -91.7344 4.3
39.6539 -88.0261 1
City6667 39.6539 -88.0261 4.1
39.6547 -77.5731 1
City6668 39.6547 -77.5731 2.6
39.6553 -106.8281 1
City6669 39.6553 -106.8281 3.7
39.6572 -89.3894 1
City6670 39.6572 -89.3894 2.6
39.6578 -77.1747 1
City6671 39.6578 -77.1747 2.6
39.6581 -78.9286 1
City6672 39.6581 -78.9286 3.6
39.6581 -83.7350 1
City6673 39.6581 -83.7350 4.3
39.6583 -79.9867 1
City6674 39.6583 -79.9867 3.8
39.6600 -75.0925 1
City6675 39.6600 -75.0925 2.6
39.6606 -95.5261 1
City6676 39.6606 -95.5261 3.8
39.6611 -76.8853 1
City6677 39.6611 -76.8853 3.0
39.6617 -99.5700 1
City6678 39.6617 -99.5700 4.4
39.6619 -74.1656 1
City6679 39.6619 -74.1656 4.2
39.6619 -75.5667 1
City6680 39.6619 -75.5667 4.1
39.6636 -79.4056 1
City6681 39.6636 -79.4056 3.4
39.6669 -75.7272 1
City6682 39.6669 -75.7272 3.7
39.6697 -74.2322 1
City6683 39.6697 -74.2322 2.9
39.6700 -86.1314 1
City6684 39.6700 -86.1314 3.9
39.6714 -98.1533 1
City6685 39.6714 -98.1533 3.9
39.6717 -84.2528 1
City6686 39.6717 -84.2528 3.2
39.6733 -85.6986 1
City6687 39.6733 -85.6986 3.1
39.6756 -89.8467 1
City6688 39.6756 -89.8467 2.6
39.6761 -89.7044 1
City6689 39.6761 -89.7044 2.5
39.6764 -120.2400 1
City6690 39.6764 -120.2400 3.6
39.6794 -84.4292 1
City6691 39.6794 -84.4292 4.2
39.6803 -87.4175 1
City6692 39.6803 -87.4175 3.2
39.6819 -96.6594 1
City6693 39.6819 -96.6594 4.4
39.6831 -77.6964 1
City6694 39.6831 -77.6964 3.0
39.6836 -75.7500 1
City6695 39.6836 -75.7500 2.5
39.6842 -110.8539 1
City6696 39.6842 -110.8539 3.5
39.6847 -83.9297 1
City6697 39.6847 -83.9297 3.5
39.6847 -88.3064 1
City6698 39.6847 -88.3064 2.5
39.6861 -74.9956 1
City6699 39.6861 -74.9956 2.9
39.6867 -75.5847 1
City6700 39.6867 -75.5847 2.6
39.6883 -123.4817 1
City6701 39.6883 -123.4817 3.4
39.6892 -86.5225 1
City6702 39.6892 -86.5225 4.4
39.6894 -84.1689 1
City6703 39.6894 -84.1689 3.3
39.6911 -96.7472 1
City6704 39.6911 -96.7472 4.3
39.6928 -77.7450 1
City6705 39.6928 -77.7450 3.6
39.6928 -78.7931 1
City6706 39.6928 -78.7931 3.1
39.6939 -92.0428 1
City6707 39.6939 -92.0428 3.9
39.6942 -91.0389 1
City6708 39.6942 -91.0389 2.5
39.6953 -74.2592 1
City6709 39.6953 -74.2592 2.9
39.6956 -78.8800 1
City6710 39.6956 -78.8800 3.0
39.6978 -76.0631 1
City6711 39.6978 -76.0631 3.6
39.6989 -78.1800 1
City6712 39.6989 -78.1800 3.4
39.7011 -89.1231 1
City6713 39.7011 -89.1231 3.5
39.7017 -82.4269 1
City6714 39.7017 -82.4269 2.9
39.7028 -75.1122 1
City6715 39.7028 -75.1122 3.0
39.7044 -77.3272 1
City6716 39.7044 -77.3272 4.3
39.7047 -105.0808 1
City6717 39.7047 -105.0808 3.4
39.7056 -96.4167 1
City6718 39.7056 -96.4167 4.0
39.7061 -84.2194 1
City6719 39.7061 -84.2194 4.2
39.7061 -105.6969 1
City6720 39.7061 -105.6969 2.8
39.7069 -91.2067 1
City6721 39.7069 -91.2067 3.3
39.7083 -91.3583 1
City6722 39.7083 -91.3583 3.7
39.7086 -90.2281 1
City6723 39.7086 -90.2281 4.2
39.7089 -90.7244 1
City6724 39.7089 -90.7244 3.3
39.7103 -111.8356 1
City6725 39.7103 -111.8356 4.4
39.7111 -75.4706 1
City6726 39.7111 -75.4706 2.9
39.7119 -88.8044 1
City6727 39.7119 -88.8044 3.1
39.7119 -92.9481 1
City6728 39.7119 -92.9481 3.3
39.7128 -88.9969 1
City6729 39.7128 -88.9969 3.7
39.7136 -75.6097 1
City6730 39.7136 -75.6097 4.3
39.7136 -82.5994 1
City6731 39.7136 -82.5994 4.1
39.7147 -88.4722 1
City6732 39.7147 -88.4722 4.0
39.7156 -75.6411 1
City6733 39.7156 -75.6411 4.1
39.7156 -82.9531 1
City6734 39.7156 -82.9531 4.0
39.7156 -88.6325 1
City6735 39.7156 -88.6325 3.1
39.7161 -83.8778 1
City6736 39.7161 -83.8778 3.1
39.7183 -82.9869 1
City6737 39.7183 -82.9869 3.2
39.7194 -83.2653 1
City6738 39.7194 -83.2653 4.2
39.7211 -82.2989 1
City6739 39.7211 -82.2989 3.3
39.7219 -85.8892 1
City6740 39.7219 -85.8892 4.4
39.7253 -89.9106 1
City6741 39.7253 -89.9106 3.9
39.7269 -76.3269 1
City6742 39.7269 -76.3269 3.0
39.7278 -76.4522 1
City6743 39.7278 -76.4522 4.3
39.7286 -121.8364 1
City6744 39.7286 -121.8364 2.9
39.7294 -75.4683 1
City6745 39.7294 -75.4683 3.6
39.7294 -104.8314 1
City6746 39.7294 -104.8314 3.5
39.7322 -74.8814 1
City6747 39.7322 -74.8814 3.7
39.7328 -75.1319 1
City6748 39.7328 -75.1319 3.9
39.7339 -90.2289 1
City6749 39.7339 -90.2289 2.8
39.7367 -77.5353 1
City6750 39.7367 -77.5353 2.7
39.7378 -76.7017 1
City6751 39.7378 -76.7017 4.4
39.7383 -85.5719 1
City6752 39.7383 -85.5719 3.1
39.7383 -104.3228 1
City6753 39.7383 -104.3228 3.9
39.7389 -79.8989 1
City6754 39.7389 -79.8989 3.3
39.7392 -75.2244 1
City6755 39.7392 -75.2244 4.3
39.7392 -75.5983 1
City6756 39.7392 -75.5983 2.7
39.7392 -104.9842 1
City6757 39.7392 -104.9842 3.9
39.7419 -92.2583 1
City6758 39.7419 -92.2583 3.6
39.7422 -92.4725 1
City6759 39.7422 -92.4725 3.6
39.7425 -105.0131 1
City6760 39.7425 -105.0131 2.6
39.7428 -122.0125 1
City6761 39.7428 -122.0125 3.8
39.7436 -77.5542 1
City6762 39.7436 -77.5542 3.7
39.7436 -93.9981 1
City6763 39.7436 -93.9981 4.0
39.7442 -83.8086 1
City6764 39.7442 -83.8086 3.5
39.7444 -77.0883 1
City6765 39.7444 -77.0883 4.2
39.7444 -84.5322 1
City6766 39.7444 -84.5322 3.8
39.7453 -84.3850 1
City6767 39.7453 -84.3850 3.7
39.7458 -75.5469 1
City6768 39.7458 -75.5469 3.7
39.7469 -92.5639 1
City6769 39.7469 -92.5639 3.3
39.7475 -75.3108 1
City6770 39.7475 -75.3108 3.9
39.7475 -122.1953 1
City6771 39.7475 -122.1953 3.6
39.7478 -81.5167 1
City6772 39.7478 -81.5167 4.3
39.7500 -75.5000 1
City6773 39.7500 -75.5000 4.4
39.7508 -94.4964 1
City6774 39.7508 -94.4964 3.9
39.7508 -101.5325 1
City6775 39.7508 -101.5325 4.0
39.7519 -90.5350 1
City6776 39.7519 -90.5350 4.0
39.7528 -79.0811 1
City6777 39.7528 -79.0811 4.0
39.7531 -74.2233 1
City6778 39.7531 -74.2233 2.6
39.7531 -105.0636 1
City6779 39.7531 -105.0636 3.7
39.7536 -76.5917 1
City6780 39.7536 -76.5917 3.1
39.7556 -94.8722 1
City6781 39.7556 -94.8722 4.0
39.7556 -105.2206 1
City6782 39.7556 -105.2206 2.6
39.7558 -77.5781 1
City6783 39.7558 -77.5781 2.7
39.7561 -99.3236 1
City6784 39.7561 -99.3236 4.0
39.7572 -89.6536 1
City6785 39.7572 -89.6536 4.3
39.7575 -74.1067 1
City6786 39.7575 -74.1067 3.7
39.7589 -84.1917 1
City6787 39.7589 -84.1917 2.6
39.7589 -104.4269 1
City6788 39.7589 -104.4269 4.1
39.7592 -94.9494 1
City6789 39.7592 -94.9494 3.8
39.7606 -86.5264 1
City6790 39.7606 -86.5264 3.3
39.7611 -79.9817 1
City6791 39.7611 -79.9817 3.0
39.7611 -86.8119 1
City6792 39.7611 -86.8119 3.9
39.7622 -93.8042 1
City6793 39.7622 -93.8042 2.9
39.7625 -81.1156 1
City6794 39.7625 -81.1156 2.5
39.7625 -87.2292 1
City6795 39.7625 -87.2292 3.3
39.7656 -80.8714 1
City6796 39.7656 -80.8714 3.3
39.7658 -90.3989 1
City6797 39.7658 -90.3989 3.1
39.7661 -75.5097 1
City6798 39.7661 -75.5097 3.9
39.7661 -89.2617 1
City6799 39.7661 -89.2617 4.1
39.7661 -105.0767 1
City6800 39.7661 -105.0767 3.8
39.7669 -99.0314 1
City6801 39.7669 -99.0314 3.7
39.7675 -89.6806 1
City6802 39.7675 -89.6806 4.1
39.7683 -86.1581 1
City6803 39.7683 -86.1581 2.8
39.7686 -76.6800 1
City6804 39.7686 -76.6800 2.6
39.7689 -82.0922 1
City6805 39.7689 -82.0922 2.8
39.7714 -88.8742 1
City6806 39.7714 -88.8742 2.5
39.7761 -85.9572 1
City6807 39.7761 -85.9572 2.5
39.7769 -89.6792 1
City6808 39.7769 -89.6792 3.0
39.7792 -98.7847 1
City6809 39.7792 -98.7847 2.6
39.7811 -76.9636 1
City6810 39.7811 -76.9636 3.2
39.7817 -92.8900 1
City6811 39.7817 -92.8900 2.8
39.7819 -86.0503 1
City6812 39.7819 -86.0503 3.8
39.7831 -95.0897 1
City6813 39.7831 -95.0897 2.6
39.7842 -74.9925 1
City6814 39.7842 -74.9925 3.5
39.7844 -93.0733 1
City6815 39.7844 -93.0733 2.6
39.7850 -85.7694 1
City6816 39.7850 -85.7694 2.7
39.7853 -75.9792 1
City6817 39.7853 -75.9792 2.9
39.7872 -98.2097 1
City6818 39.7872 -98.2097 3.7
39.7894 -76.9983 1
City6819 39.7894 -76.9983 3.5
39.7903 -77.7281 1
City6820 39.7903 -77.7281 4.3
39.7911 -74.9294 1
City6821 39.7911 -74.9294 3.5
39.7914 -74.1956 1
City6822 39.7914 -74.1956 3.3
39.7928 -87.3708 1
City6823 39.7928 -87.3708 2.5
39.7931 -76.7306 1
City6824 39.7931 -76.7306 3.3
39.7931 -123.2469 1
City6825 39.7931 -123.2469 3.9
39.7942 -91.5231 1
City6826 39.7942 -91.5231 4.1
39.7944 -75.1492 1
City6827 39.7944 -75.1492 4.1
39.7953 -93.5522 1
City6828 39.7953 -93.5522 3.1
39.7956 -85.5264 1
City6829 39.7956 -85.5264 4.1
39.7969 -88.5917 1
City6830 39.7969 -88.5917 4.1
39.7972 -84.3114 1
City6831 39.7972 -84.3114 3.6
39.7975 -84.2536 1
City6832 39.7975 -84.2536 2.7
39.7986 -87.9858 1
City6833 39.7986 -87.9858 3.3
39.7989 -82.7011 1
City6834 39.7989 -82.7011 2.9
39.7992 -88.2831 1
City6835 39.7992 -88.2831 4.0
39.7994 -88.4622 1
City6836 39.7994 -88.4622 4.1
39.8006 -75.4600 1
City6837 39.8006 -75.4600 4.1
39.8017 -89.6436 1
City6838 39.8017 -89.6436 3.1
39.8022 -75.0644 1
City6839 39.8022 -75.0644 3.3
39.8022 -86.2672 1
City6840 39.8022 -86.2672 3.7
39.8028 -82.8064 1
City6841 39.8028 -82.8064 3.5
39.8028 -105.0869 1
City6842 39.8028 -105.0869 4.1
39.8031 -79.8081 1
City6843 39.8031 -79.8081 2.9
39.8036 -87.6736 1
City6844 39.8036 -87.6736 2.8
39.8058 -92.0414 1
City6845 39.8058 -92.0414 3.1
39.8064 -83.8869 1
City6846 39.8064 -83.8869 3.9
39.8067 -101.0417 1
City6847 39.8067 -101.0417 3.0
39.8069 -82.2972 1
City6848 39.8069 -82.2972 3.5
39.8072 -77.0117 1
City6849 39.8072 -77.0117 4.2
39.8072 -82.0714 1
City6850 39.8072 -82.0714 3.6
39.8078 -87.4950 1
City6851 39.8078 -87.4950 4.4
39.8089 -75.5492 1
City6852 39.8089 -75.5492 3.0
39.8092 -75.4869 1
City6853 39.8092 -75.4869 2.8
39.8094 -89.3972 1
City6854 39.8094 -89.3972 4.0
39.8097 -82.5222 1
City6855 39.8097 -82.5222 2.8
39.8097 -86.3225 1
City6856 39.8097 -86.3225 2.7
39.8106 -120.4681 1
City6857 39.8106 -120.4681 3.2
39.8114 -74.9833 1
City6858 39.8114 -74.9833 3.8
39.8119 -77.1375 1
City6859 39.8119 -77.1375 3.0
39.8122 -85.2089 1
City6860 39.8122 -85.2089 3.4
39.8125 -85.1717 1
City6861 39.8125 -85.1717 2.9
39.8128 -79.3569 1
City6862 39.8128 -79.3569 4.1
39.8136 -79.0250 1
City6863 39.8136 -79.0250 4.0
39.8161 -111.8547 1
City6864 39.8161 -111.8547 4.2
39.8169 -75.1556 1
City6865 39.8169 -75.1556 3.8
39.8169 -91.2422 1
City6866 39.8169 -91.2422 3.3
39.8181 -97.0506 1
City6867 39.8181 -97.0506 4.3
39.8183 -100.5278 1
City6868 39.8183 -100.5278 3.1
39.8192 -75.4189 1
City6869 39.8192 -75.4189 3.4
39.8200 -75.0067 1
City6870 39.8200 -75.0067 3.0
39.8208 -84.0194 1
City6871 39.8208 -84.0194 2.8
39.8219 -75.8278 1
City6872 39.8219 -75.8278 4.4
39.8222 -104.9333 1
City6873 39.8222 -104.9333 4.1
39.8231 -78.7183 1
City6874 39.8231 -78.7183 2.7
39.8242 -74.9981 1
City6875 39.8242 -74.9981 3.1
39.8244 -97.6322 1
City6876 39.8244 -97.6322 3.9
39.8247 -79.7547 1
City6877 39.8247 -79.7547 3.1
39.8253 -83.6344 1
City6878 39.8253 -83.6344 3.3
39.8267 -75.0158 1
City6879 39.8267 -75.0158 2.7
39.8269 -80.5667 1
City6880 39.8269 -80.5667 4.3
39.8275 -75.4147 1
City6881 39.8275 -75.4147 2.9
39.8278 -77.9036 1
City6882 39.8278 -77.9036 3.7
39.8289 -84.8903 1
City6883 39.8289 -84.8903 2.9
39.8303 -75.2408 1
City6884 39.8303 -75.2408 3.2
39.8308 -77.2314 1
City6885 39.8308 -77.2314 3.6
39.8311 -90.5594 1
City6886 39.8311 -90.5594 3.5
39.8314 -75.7578 1
City6887 39.8314 -75.7578 3.5
39.8339 -99.8911 1
City6888 39.8339 -99.8911 2.7
39.8342 -96.0639 1
City6889 39.8342 -96.0639 2.7
39.8367 -84.4114 1
City6890 39.8367 -84.4114 2.6
39.8367 -104.9586 1
City6891 39.8367 -104.9586 2.9
39.8367 -105.0367 1
City6892 39.8367 -105.0367 2.8
39.8381 -74.9653 1
City6893 39.8381 -74.9653 3.7
39.8381 -75.1531 1
City6894 39.8381 -75.1531 2.7
39.8383 -85.4389 1
City6895 39.8383 -85.4389 3.6
39.8386 -86.0253 1
City6896 39.8386 -86.0253 3.7
39.8394 -75.0739 1
City6897 39.8394 -75.0739 3.2
39.8403 -82.5461 1
City6898 39.8403 -82.5461 3.7
39.8403 -88.9547 1
City6899 39.8403 -88.9547 3.4
39.8411 -96.6469 1
City6900 39.8411 -96.6469 3.8
39.8428 -82.8047 1
City6901 39.8428 -82.8047 3.1
39.8433 -86.3978 1
City6902 39.8433 -86.3978 4.3
39.8439 -75.0231 1
City6903 39.8439 -75.0231 3.9
39.8439 -84.1247 1
City6904 39.8439 -84.1247 3.8
39.8442 -77.5586 1
City6905 39.8442 -77.5586 4.0
39.8442 -89.5394 1
City6906 39.8442 -89.5394 2.8
39.8453 -82.6008 1
City6907 39.8453 -82.6008 3.5
39.8461 -84.5397 1
City6908 39.8461 -84.5397 2.7
39.8467 -75.7119 1
City6909 39.8467 -75.7119 4.1
39.8467 -79.9000 1
City6910 39.8467 -79.9000 2.5
39.8481 -86.1725 1
City6911 39.8481 -86.1725 3.9
39.8483 -81.0369 1
City6912 39.8483 -81.0369 2.7
39.8489 -86.8022 1
City6913 39.8489 -86.8022 2.6
39.8494 -75.3561 1
City6914 39.8494 -75.3561 2.9
39.8514 -104.9981 1
City6915 39.8514 -104.9981 3.8
39.8522 -75.0683 1
City6916 39.8522 -75.0683 2.5
39.8525 -89.4086 1
City6917 39.8525 -89.4086 3.0
39.8525 -95.5356 1
City6918 39.8525 -95.5356 4.0
39.8528 -89.4633 1
City6919 39.8528 -89.4633 3.0
39.8536 -83.1831 1
City6920 39.8536 -83.1831 4.0
39.8536 -89.2419 1
City6921 39.8536 -89.2419 3.6
39.8539 -89.0839 1
City6922 39.8539 -89.0839 2.9
39.8539 -89.1661 1
City6923 39.8539 -89.1661 2.5
39.8556 -76.7078 1
City6924 39.8556 -76.7078 2.7
39.8556 -76.7689 1
City6925 39.8556 -76.7689 3.2
39.8569 -84.7933 1
City6926 39.8569 -84.7933 3.5
39.8583 -74.8033 1
City6927 39.8583 -74.8033 4.1
39.8597 -86.6425 1
City6928 39.8597 -86.6425 2.9
39.8600 -75.3447 1
City6929 39.8600 -75.3447 4.2
39.8600 -80.8156 1
City6930 39.8600 -80.8156 3.0
39.8611 -81.9069 1
City6931 39.8611 -81.9069 4.4
39.8631 -79.0583 1
City6932 39.8631 -79.0583 4.4
39.8636 -77.0561 1
City6933 39.8636 -77.0561 3.6
39.8639 -86.4669 1
City6934 39.8639 -86.4669 4.0
39.8647 -75.0556 1
City6935 39.8647 -75.0556 3.5
39.8653 -77.6128 1
City6936 39.8653 -77.6128 3.8
39.8658 -75.1792 1
City6937 39.8658 -75.1792 3.0
39.8664 -75.0286 1
City6938 39.8664 -75.0286 2.7
39.8675 -75.0950 1
City6939 39.8675 -75.0950 4.2
39.8681 -104.9714 1
City6940 39.8681 -104.9714 3.9
39.8692 -75.3828 1
City6941 39.8692 -75.3828 2.8
39.8728 -89.9211 1
City6942 39.8728 -89.9211 3.1
39.8744 -76.8661 1
City6943 39.8744 -76.8661 3.7
39.8769 -87.0444 1
City6944 39.8769 -87.0444 4.0
39.8772 -75.0650 1
City6945 39.8772 -75.0650 3.8
39.8772 -79.7022 1
City6946 39.8772 -79.7022 3.7
39.8775 -84.3022 1
City6947 39.8775 -84.3022 4.1
39.8781 -75.1211 1
City6948 39.8781 -75.1211 2.5
39.8781 -83.9369 1
City6949 39.8781 -83.9369 3.9
39.8783 -75.0931 1
City6950 39.8783 -75.0931 4.2
39.8783 -79.9250 1
City6951 39.8783 -79.9250 3.3
39.8789 -82.9508 1
City6952 39.8789 -82.9508 2.7
39.8811 -75.3242 1
City6953 39.8811 -75.3242 3.0
39.8814 -83.0931 1
City6954 39.8814 -83.0931 2.9
39.8831 -76.7108 1
City6955 39.8831 -76.7108 3.2
39.8842 -82.7536 1
City6956 39.8842 -82.7536 3.0
39.8842 -87.4086 1
City6957 39.8842 -87.4086 3.6
39.8850 -90.6558 1
City6958 39.8850 -90.6558 3.1
39.8856 -104.9867 1
City6959 39.8856 -104.9867 3.8
39.8864 -76.9850 1
City6960 39.8864 -76.9850 3.6
39.8878 -90.0078 1
City6961 39.8878 -90.0078 4.2
39.8892 -84.0267 1
City6962 39.8892 -84.0267 3.6
39.8892 -94.3617 1
City6963 39.8892 -94.3617 3.0
39.8900 -75.4758 1
City6964 39.8900 -75.4758 4.1
39.8900 -86.1572 1
City6965 39.8900 -86.1572 4.2
39.8906 -84.1989 1
City6966 39.8906 -84.1989 2.8
39.8906 -88.7281 1
City6967 39.8906 -88.7281 3.4
39.8908 -75.0733 1
City6968 39.8908 -75.0733 2.6
39.8908 -75.2842 1
City6969 39.8908 -75.2842 3.3
39.8911 -74.9222 1
City6970 39.8911 -74.9222 3.6
39.8914 -75.0381 1
City6971 39.8914 -75.0381 3.8
39.8917 -75.1167 1
City6972 39.8917 -75.1167 4.2
39.8917 -75.3000 1
City6973 39.8917 -75.3000 3.5
39.8919 -85.5769 1
City6974 39.8919 -85.5769 4.0
39.8922 -74.7025 1
City6975 39.8922 -74.7025 3.8
39.8922 -99.7067 1
City6976 39.8922 -99.7067 3.1
39.8925 -79.7472 1
City6977 39.8925 -79.7472 3.4
39.8936 -89.6047 1
City6978 39.8936 -89.6047 3.3
39.8939 -96.8792 1
City6979 39.8939 -96.8792 3.4
39.8956 -87.6519 1
City6980 39.8956 -87.6519 3.3
39.8964 -80.1794 1
City6981 39.8964 -80.1794 2.9
39.8964 -82.4203 1
City6982 39.8964 -82.4203 3.5
39.8967 -79.9747 1
City6983 39.8967 -79.9747 2.8
39.8969 -76.1639 1
City6984 39.8969 -76.1639 2.8
39.8975 -83.0869 1
City6985 39.8975 -83.0869 3.9
39.8978 -84.3064 1
City6986 39.8978 -84.3064 2.8
39.8992 -82.0064 1
City6987 39.8992 -82.0064 3.3
39.8994 -76.6406 1
City6988 39.8994 -76.6406 3.7
39.9000 -75.2894 1
City6989 39.9000 -75.2894 4.4
39.9000 -82.5342 1
City6990 39.9000 -82.5342 3.1
39.9008 -75.0850 1
City6991 39.9008 -75.0850 3.4
39.9017 -75.3289 1
City6992 39.9017 -75.3289 4.2
39.9019 -75.3503 1
City6993 39.9019 -75.3503 3.9
39.9019 -84.6750 1
City6994 39.9019 -84.6750 3.7
39.9022 -95.8006 1
City6995 39.9022 -95.8006 3.2
39.9033 -84.4856 1
City6996 39.9033 -84.4856 3.3
39.9044 -84.4017 1
City6997 39.9044 -84.4017 2.5
39.9064 -75.2719 1
City6998 39.9064 -75.2719 3.7
39.9089 -76.6372 1
City6999 39.9089 -76.6372 3.0
39.9097 -75.3239 1
City7000 39.9097 -75.3239 2.7
39.9097 -87.8211 1
City7001 39.9097 -87.8211 3.7
39.9111 -85.1617 1
City7002 39.9111 -85.1617 3.0
39.9117 -75.2775 1
City7003 39.9117 -75.2775 2.8
39.9122 -75.2542 1
City7004 39.9122 -75.2542 4.3
39.9136 -86.8011 1
City7005 39.9136 -86.8011 2.9
39.9144 -93.9619 1
City7006 39.9144 -93.9619 4.2
39.9147 -88.2733 1
City7007 39.9147 -88.2733 4.3
39.9161 -76.5847 1
City7008 39.9161 -76.5847 3.8
39.9167 -75.3881 1
City7009 39.9167 -75.3881 2.6
39.9175 -79.7175 1
City7010 39.9175 -79.7175 4.4
39.9181 -75.0717 1
City7011 39.9181 -75.0717 3.1
39.9183 -75.2594 1
City7012 39.9183 -75.2594 3.8
39.9203 -80.7433 1
City7013 39.9203 -80.7433 2.7
39.9206 -78.9581 1
City7014 39.9206 -78.9581 3.9
39.9206 -105.0861 1
City7015 39.9206 -105.0861 3.4
39.9214 -75.2883 1
City7016 39.9214 -75.2883 3.7
39.9219 -88.5719 1
City7017 39.9219 -88.5719 3.9
39.9231 -77.2989 1
City7018 39.9231 -77.2989 4.3
39.9242 -83.8089 1
City7019 39.9242 -83.8089 3.3
39.9258 -75.1200 1
City7020 39.9258 -75.1200 3.0
39.9267 -74.0775 1
City7021 39.9267 -74.0775 3.2
39.9267 -74.1342 1
City7022 39.9267 -74.1342 3.1
39.9278 -122.1781 1
City7023 39.9278 -122.1781 3.6
39.9283 -75.2742 1
City7024 39.9283 -75.2742 3.6
39.9286 -74.9442 1
City7025 39.9286 -74.9442 3.7
39.9289 -85.3703 1
City7026 39.9289 -85.3703 3.6
39.9292 -75.2967 1
City7027 39.9292 -75.2967 2.9
39.9303 -77.2483 1
City7028 39.9303 -77.2483 3.4
39.9322 -85.8481 1
City7029 39.9322 -85.8481 3.9
39.9325 -77.9992 1
City7030 39.9325 -77.9992 3.2
39.9325 -88.9511 1
City7031 39.9325 -88.9511 4.1
39.9328 -89.0619 1
City7032 39.9328 -89.0619 3.3
39.9336 -82.4725 1
City7033 39.9336 -82.4725 3.5
39.9356 -91.4097 1
City7034 39.9356 -91.4097 4.0
39.9358 -74.1714 1
City7035 39.9358 -74.1714 3.7
39.9361 -84.0256 1
City7036 39.9361 -84.0256 4.1
39.9375 -77.6614 1
City7037 39.9375 -77.6614 2.9
39.9381 -75.2722 1
City7038 39.9381 -75.2722 3.9
39.9386 -88.8656 1
City7039 39.9386 -88.8656 2.7
39.9389 -74.1933 1
City7040 39.9389 -74.1933 3.1
39.9389 -75.2558 1
City7041 39.9389 -75.2558 4.0
39.9403 -82.0133 1
City7042 39.9403 -82.0133 3.7
39.9417 -94.8300 1
City7043 39.9417 -94.8300 4.0
39.9419 -74.1503 1
City7044 39.9419 -74.1503 2.5
39.9419 -74.2047 1
City7045 39.9419 -74.2047 3.7
39.9425 -74.5444 1
City7046 39.9425 -74.5444 3.3
39.9442 -74.0733 1
City7047 39.9442 -74.0733 4.1
39.9444 -89.9372 1
City7048 39.9444 -89.9372 3.6
39.9453 -79.9958 1
City7049 39.9453 -79.9958 3.5
39.9456 -75.2617 1
City7050 39.9456 -75.2617 3.2
39.9472 -75.0669 1
City7051 39.9472 -75.0669 3.0
39.9478 -81.0575 1
City7052 39.9478 -81.0575 2.8
39.9481 -74.3611 1
City7053 39.9481 -74.3611 3.8
39.9486 -74.1375 1
City7054 39.9486 -74.1375 3.9
39.9486 -87.4597 1
City7055 39.9486 -87.4597 4.0
39.9492 -75.9739 1
City7056 39.9492 -75.9739 3.6
39.9508 -86.2619 1
City7057 39.9508 -86.2619 2.6
39.9511 -90.2122 1
City7058 39.9511 -90.2122 4.1
39.9522 -75.1642 1
City7059 39.9522 -75.1642 3.9
39.9525 -76.7517 1
City7060 39.9525 -76.7517 3.2
39.9531 -111.9000 1
City7061 39.9531 -111.9000 3.5
39.9536 -74.1983 1
City7062 39.9536 -74.1983 3.4
39.9542 -89.5486 1
City7063 39.9542 -89.5486 4.3
39.9542 -112.1194 1
City7064 39.9542 -112.1194 3.1
39.9547 -75.9972 1
City7065 39.9547 -75.9972 3.0
39.9547 -82.8122 1
City7066 39.9547 -82.8122 4.3
39.9556 -84.9175 1
City7067 39.9556 -84.9175 3.1
39.9556 -86.0139 1
City7068 39.9556 -86.0139 2.9
39.9569 -85.8053 1
City7069 39.9569 -85.8053 2.9
39.9583 -84.1722 1
City7070 39.9583 -84.1722 3.7
39.9586 -75.9197 1
City7071 39.9586 -75.9197 3.8
39.9594 -82.5958 1
City7072 39.9594 -82.5958 3.6
39.9606 -75.6058 1
City7073 39.9606 -75.6058 3.4
39.9608 -89.7239 1
City7074 39.9608 -89.7239 2.9
39.9611 -82.9989 1
City7075 39.9611 -82.9989 2.8
39.9614 -105.5103 1
City7076 39.9614 -105.5103 4.0
39.9617 -82.4914 1
City7077 39.9617 -82.4914 4.2
39.9625 -74.6792 1
City7078 39.9625 -74.6792 3.7
39.9625 -76.7281 1
City7079 39.9625 -76.7281 4.2
39.9625 -84.3281 1
City7080 39.9625 -84.3281 3.1
39.9633 -75.2506 1
City7081 39.9633 -75.2506 3.2
39.9667 -75.8000 1
City7082 39.9667 -75.8000 4.2
39.9667 -82.8856 1
City7083 39.9667 -82.8856 4.3
39.9675 -87.2775 1
City7084 39.9675 -87.2775 4.0
39.9678 -84.7092 1
City7085 39.9678 -84.7092 2.7
39.9681 -75.3417 1
City7086 39.9681 -75.3417 3.5
39.9686 -89.1622 1
City7087 39.9686 -89.1622 2.8
39.9689 -82.9378 1
City7088 39.9689 -82.9378 4.2
39.9697 -81.5367 1
City7089 39.9697 -81.5367 3.5
39.9700 -81.2994 1
City7090 39.9700 -81.2994 3.4
39.9703 -74.0692 1
City7091 39.9703 -74.0692 3.9
39.9708 -80.7508 1
City7092 39.9708 -80.7508 4.0
39.9719 -74.6833 1
City7093 39.9719 -74.6833 2.5
39.9719 -76.5203 1
City7094 39.9719 -76.5203 3.4
39.9742 -75.8203 1
City7095 39.9742 -75.8203 4.3
39.9747 -93.8008 1
City7096 39.9747 -93.8008 3.3
39.9756 -111.7844 1
City7097 39.9756 -111.7844 3.9
39.9778 -79.6147 1
City7098 39.9778 -79.6147 2.5
39.9778 -105.1314 1
City7099 39.9778 -105.1314 3.6
39.9781 -76.7333 1
City7100 39.9781 -76.7333 2.9
39.9783 -86.1181 1
City7101 39.9783 -86.1181 3.4
39.9786 -82.0036 1
City7102 39.9786 -82.0036 3.3
39.9814 -74.0667 1
City7103 39.9814 -74.0667 2.5
39.9819 -88.8228 1
City7104 39.9819 -88.8228 2.8
39.9825 -77.2497 1
City7105 39.9825 -77.2497 3.6
39.9831 -75.8242 1
City7106 39.9831 -75.8242 4.4
39.9831 -76.1844 1
City7107 39.9831 -76.1844 3.7
39.9836 -76.8228 1
City7108 39.9836 -76.8228 4.0
39.9853 -104.8200 1
City7109 39.9853 -104.8200 4.0
39.9861 -88.2589 1
City7110 39.9861 -88.2589 3.8
39.9867 -83.0617 1
City7111 39.9867 -83.0617 3.6
39.9869 -95.1447 1
City7112 39.9869 -95.1447 3.5
39.9872 -90.7633 1
City7113 39.9872 -90.7633 4.2
39.9881 -80.7317 1
City7114 39.9881 -80.7317 2.7
39.9881 -81.1767 1
City7115 39.9881 -81.1767 4.1
39.9928 -74.7881 1
City7116 39.9928 -74.7881 2.8
39.9936 -81.7342 1
City7117 39.9936 -81.7342 4.2
39.9936 -105.0892 1
City7118 39.9936 -105.0892 3.2
39.9947 -84.4081 1
City7119 39.9947 -84.4081 2.6
39.9956 -82.6744 1
City7120 39.9956 -82.6744 3.1
39.9958 -86.6200 1
City7121 39.9958 -86.6200 3.9
39.9964 -111.8425 1
City7122 39.9964 -111.8425 3.9
39.9967 -74.9931 1
City7123 39.9967 -74.9931 2.9
39.9967 -79.5861 1
City7124 39.9967 -79.5861 4.1
39.9969 -76.7069 1
City7125 39.9969 -76.7069 2.7
39.9975 -85.7467 1
City7126 39.9975 -85.7467 4.1
39.9978 -76.3544 1
City7127 39.9978 -76.3544 4.0
40.0017 -76.8506 1
City7128 40.0017 -76.8506 3.9
40.0025 -79.9983 1
City7129 40.0025 -79.9983 3.6
40.0064 -75.7036 1
City7130 40.0064 -75.7036 4.1
40.0069 -88.1581 1
City7131 40.0069 -88.1581 3.0
40.0083 -75.2608 1
City7132 40.0083 -75.2608 4.4
40.0083 -79.0783 1
City7133 40.0083 -79.0783 3.7
40.0089 -77.1158 1
City7134 40.0089 -77.1158 3.5
40.0103 -79.9011 1
City7135 40.0103 -79.9011 3.4
40.0108 -89.2822 1
City7136 40.0108 -89.2822 3.2
40.0114 -75.0153 1
City7137 40.0114 -75.0153 2.7
40.0114 -78.3736 1
City7138 40.0114 -78.3736 2.8
40.0144 -74.3117 1
City7139 40.0144 -74.3117 3.0
40.0150 -105.2700 1
City7140 40.0150 -105.2700 2.9
40.0158 -74.1453 1
City7141 40.0158 -74.1453 2.6
40.0161 -81.0728 1
City7142 40.0161 -81.0728 4.1
40.0175 -90.4242 1
City7143 40.0175 -90.4242 3.0
40.0178 -79.5897 1
City7144 40.0178 -79.5897 2.9
40.0181 -80.7344 1
City7145 40.0181 -80.7344 3.3
40.0186 -78.5042 1
City7146 40.0186 -78.5042 3.6
40.0192 -82.8794 1
City7147 40.0192 -82.8794 3.3
40.0208 -98.0697 1
City7148 40.0208 -98.0697 4.3
40.0214 -122.0992 1
City7149 40.0214 -122.0992 2.9
40.0217 -76.7283 1
City7150 40.0217 -76.7283 3.9
40.0228 -82.4447 1
City7151 40.0228 -82.4447 4.0
40.0242 -79.8908 1
City7152 40.0242 -79.8908 4.1
40.0247 -80.1003 1
City7153 40.0247 -80.1003 3.9
40.0250 -88.0733 1
City7154 40.0250 -88.0733 3.5
40.0272 -80.8153 1
City7155 40.0272 -80.8153 3.0
40.0278 -74.8694 1
City7156 40.0278 -74.8694 3.2
40.0278 -88.5733 1
City7157 40.0278 -88.5733 2.5
40.0289 -75.6211 1
City7158 40.0289 -75.6211 3.1
40.0292 -81.0392 1
City7159 40.0292 -81.0392 3.3
40.0297 -74.6189 1
City7160 40.0297 -74.6189 2.9
40.0314 -90.9606 1
City7161 40.0314 -90.9606 3.8
40.0322 -85.9125 1
City7162 40.0322 -85.9125 3.8
40.0331 -79.6617 1
City7163 40.0331 -79.6617 2.9
40.0333 -83.1583 1
City7164 40.0333 -83.1583 2.7
40.0336 -76.5047 1
City7165 40.0336 -76.5047 4.1
40.0347 -87.9581 1
City7166 40.0347 -87.9581 3.5
40.0361 -74.6183 1
City7167 40.0361 -74.6183 2.9
40.0361 -75.5142 1
City7168 40.0361 -75.5142 3.3
40.0364 -88.9569 1
City7169 40.0364 -88.9569 3.2
40.0375 -107.9125 1
City7170 40.0375 -107.9125 3.4
40.0378 -76.3058 1
City7171 40.0378 -76.3058 3.3
40.0392 -76.4311 1
City7172 40.0392 -76.4311 3.3
40.0392 -91.0692 1
City7173 40.0392 -91.0692 2.6
40.0394 -84.2033 1
City7174 40.0394 -84.2033 2.9
40.0411 -86.8744 1
City7175 40.0411 -86.8744 2.8
40.0419 -75.4767 1
City7176 40.0419 -75.4767 3.4
40.0422 -87.6386 1
City7177 40.0422 -87.6386 3.7
40.0428 -91.4975 1
City7178 40.0428 -91.4975 3.5
40.0444 -111.7314 1
City7179 40.0444 -111.7314 3.9
40.0456 -86.0086 1
City7180 40.0456 -86.0086 3.5
40.0456 -87.8306 1
City7181 40.0456 -87.8306 3.8
40.0467 -94.1356 1
City7182 40.0467 -94.1356 4.3
40.0469 -79.6547 1
City7183 40.0469 -79.6547 4.2
40.0481 -90.1550 1
City7184 40.0481 -90.1550 3.1
40.0483 -86.4692 1
City7185 40.0483 -86.4692 3.5
40.0492 -101.5325 1
City7186 40.0492 -101.5325 2.5
40.0497 -84.9397 1
City7187 40.0497 -84.9397 3.7
40.0503 -105.0494 1
City7188 40.0503 -105.0494 3.4
40.0506 -74.9539 1
City7189 40.0506 -74.9539 4.3
40.0506 -77.5206 1
City7190 40.0506 -77.5206 3.5
40.0514 -87.4333 1
City7191 40.0514 -87.4333 3.1
40.0514 -94.5239 1
City7192 40.0514 -94.5239 3.6
40.0525 -80.6286 1
City7193 40.0525 -80.6286 2.5
40.0531 -111.6728 1
City7194 40.0531 -111.6728 2.8
40.0547 -88.2517 1
City7195 40.0547 -88.2517 3.6
40.0553 -84.0261 1
City7196 40.0553 -84.0261 3.5
40.0569 -76.5525 1
City7197 40.0569 -76.5525 2.6
40.0581 -82.4014 1
City7198 40.0581 -82.4014 3.8
40.0589 -106.3883 1
City7199 40.0589 -106.3883 2.8
40.0608 -95.6017 1
City7200 40.0608 -95.6017 4.2
40.0614 -87.6381 1
City7201 40.0614 -87.6381 3.3
40.0631 -76.7042 1
City7202 40.0631 -76.7042 3.3
40.0639 -80.7211 1
City7203 40.0639 -80.7211 2.7
40.0650 -87.7019 1
City7204 40.0650 -87.7019 3.4
40.0653 -74.9194 1
City7205 40.0653 -74.9194 3.9
40.0653 -80.0239 1
City7206 40.0653 -80.0239 3.3
40.0675 -74.5311 1
City7207 40.0675 -74.5311 2.6
40.0681 -74.9011 1
City7208 40.0681 -74.9011 4.0
40.0681 -82.5197 1
City7209 40.0681 -82.5197 3.3
40.0683 -85.8483 1
City7210 40.0683 -85.8483 4.3
40.0692 -80.7839 1
City7211 40.0692 -80.7839 2.8
40.0697 -75.3167 1
City7212 40.0697 -75.3167 3.8
40.0706 -80.7611 1
City7213 40.0706 -80.7611 4.2
40.0711 -74.8653 1
City7214 40.0711 -74.8653 2.6
40.0717 -74.0547 1
City7215 40.0717 -74.0547 3.5
40.0736 -104.6425 1
City7216 40.0736 -104.6425 3.3
40.0756 -79.8983 1
City7217 40.0756 -79.8983 3.3
40.0758 -102.2228 1
City7218 40.0758 -102.2228 3.9
40.0764 -82.9439 1
City7219 40.0764 -82.9439 3.7
40.0789 -93.6164 1
City7220 40.0789 -93.6164 2.7
40.0792 -75.3019 1
City7221 40.0792 -75.3019 3.5
40.0794 -79.8658 1
City7222 40.0794 -79.8658 3.9
40.0811 -75.0900 1
City7223 40.0811 -75.0900 2.9
40.0819 -83.0253 1
City7224 40.0819 -83.0253 3.1
40.0831 -89.7381 1
City7225 40.0831 -89.7381 4.3
40.0833 -79.8483 1
City7226 40.0833 -79.8483 4.1
40.0847 -104.8125 1
City7227 40.0847 -104.8125 2.9
40.0847 -104.9389 1
City7228 40.0847 -104.9389 2.6
40.0861 -91.8131 1
City7229 40.0861 -91.8131 3.5
40.0861 -105.9389 1
City7230 40.0861 -105.9389 3.2
40.0869 -79.7508 1
City7231 40.0869 -79.7508 3.4
40.0875 -80.5706 1
City7232 40.0875 -80.5706 4.2
40.0875 -87.0597 1
City7233 40.0875 -87.0597 2.7
40.0878 -108.8097 1
City7234 40.0878 -108.8097 4.2
40.0883 -91.2836 1
City7235 40.0883 -91.2836 4.0
40.0886 -82.9167 1
City7236 40.0886 -82.9167 3.7
40.0889 -98.5192 1
City7237 40.0889 -98.5192 3.5
40.0911 -74.0483 1
City7238 40.0911 -74.0483 3.7
40.0911 -79.5878 1
City7239 40.0911 -79.5878 3.5
40.0931 -83.0181 1
City7240 40.0931 -83.0181 2.8
40.0942 -75.9117 1
City7241 40.0942 -75.9117 3.4
40.0953 -87.6475 1
City7242 40.0953 -87.6475 2.9
40.0958 -75.1256 1
City7243 40.0958 -75.1256 2.7
40.0958 -80.7247 1
City7244 40.0958 -80.7247 2.6
40.0961 -98.9522 1
City7245 40.0961 -98.9522 2.6
40.0975 -99.3617 1
City7246 40.0975 -99.3617 3.0
40.0978 -74.2181 1
City7247 40.0978 -74.2181 3.5
40.0992 -104.9367 1
City7248 40.0992 -104.9367 4.3
40.1003 -79.5872 1
City7249 40.1003 -79.5872 4.0
40.1003 -79.8408 1
City7250 40.1003 -79.8408 4.0
40.1003 -89.5908 1
City7251 40.1003 -89.5908 2.6
40.1006 -74.8522 1
City7252 40.1006 -74.8522 2.7
40.1011 -80.0675 1
City7253 40.1011 -80.0675 2.7
40.1017 -76.0856 1
City7254 40.1017 -76.0856 2.7
40.1028 -84.6331 1
City7255 40.1028 -84.6331 3.0
40.1036 -79.8694 1
City7256 40.1036 -79.8694 3.2
40.1053 -85.6803 1
City7257 40.1053 -85.6803 3.7
40.1072 -80.8414 1
City7258 40.1072 -80.8414 2.9
40.1075 -83.2675 1
City7259 40.1075 -83.2675 3.8
40.1078 -74.0569 1
City7260 40.1078 -74.0569 3.3
40.1083 -83.7525 1
City7261 40.1083 -83.7525 4.3
40.1083 -96.1542 1
City7262 40.1083 -96.1542 3.7
40.1083 -104.5194 1
City7263 40.1083 -104.5194 2.5
40.1092 -91.0175 1
City7264 40.1092 -91.0175 4.0
40.1097 -76.5036 1
City7265 40.1097 -76.5036 4.0
40.1100 -86.7719 1
City7266 40.1100 -86.7719 3.8
40.1106 -88.2072 1
City7267 40.1106 -88.2072 4.0
40.1108 -76.7161 1
City7268 40.1108 -76.7161 3.8
40.1108 -77.0353 1
City7269 40.1108 -77.0353 3.9
40.1119 -80.0175 1
City7270 40.1119 -80.0175 3.6
40.1125 -85.5969 1
City7271 40.1125 -85.5969 2.7
40.1125 -104.9361 1
City7272 40.1125 -104.9361 3.1
40.1131 -87.2625 1
City7273 40.1131 -87.2625 3.7
40.1139 -87.8731 1
City7274 40.1139 -87.8731 3.8
40.1139 -87.9561 1
City7275 40.1139 -87.9561 2.7
40.1150 -111.6542 1
City7276 40.1150 -111.6542 4.2
40.1161 -87.7783 1
City7277 40.1161 -87.7783 2.8
40.1164 -88.2433 1
City7278 40.1164 -88.2433 2.6
40.1167 -80.0086 1
City7279 40.1167 -80.0086 2.8
40.1172 -82.1194 1
City7280 40.1172 -82.1194 2.9
40.1172 -84.3539 1
City7281 40.1172 -84.3539 4.3
40.1178 -80.4106 1
City7282 40.1178 -80.4106 3.2
40.1183 -77.1903 1
City7283 40.1183 -77.1903 2.9
40.1189 -78.8183 1
City7284 40.1189 -78.8183 2.6
40.1203 -123.8222 1
City7285 40.1203 -123.8222 2.9
40.1211 -88.7453 1
City7286 40.1211 -88.7453 2.6
40.1211 -90.5631 1
City7287 40.1211 -90.5631 4.2
40.1214 -75.3403 1
City7288 40.1214 -75.3403 3.9
40.1214 -82.0108 1
City7289 40.1214 -82.0108 2.9
40.1222 -88.6453 1
City7290 40.1222 -88.6453 3.3
40.1222 -96.6622 1
City7291 40.1222 -96.6622 2.8
40.1222 -102.7247 1
City7292 40.1222 -102.7247 3.8
40.1236 -87.6533 1
City7293 40.1236 -87.6533 4.2
40.1239 -86.0133 1
City7294 40.1239 -86.0133 2.7
40.1244 -79.8800 1
City7295 40.1244 -79.8800 3.9
40.1244 -87.6300 1
City7296 40.1244 -87.6300 3.3
40.1250 -79.8667 1
City7297 40.1250 -79.8667 4.2
40.1250 -91.6250 1
City7298 40.1250 -91.6250 3.9
40.1261 -74.0497 1
City7299 40.1261 -74.0497 3.3
40.1261 -82.9292 1
City7300 40.1261 -82.9292 3.6
40.1292 -79.8683 1
City7301 40.1292 -79.8683 3.7
40.1292 -99.4550 1
City7302 40.1292 -99.4550 3.2
40.1300 -76.5708 1
City7303 40.1300 -76.5708 2.9
40.1303 -75.5153 1
City7304 40.1303 -75.5153 2.9
40.1303 -111.5778 1
City7305 40.1303 -111.5778 4.0
40.1311 -95.2314 1
City7306 40.1311 -95.2314 4.2
40.1314 -75.0678 1
City7307 40.1314 -75.0678 4.0
40.1319 -74.0350 1
City7308 40.1319 -74.0350 3.5
40.1322 -84.4308 1
City7309 40.1322 -84.4308 2.8
40.1350 -86.2206 1
City7310 40.1350 -86.2206 4.3
40.1364 -74.7292 1
City7311 40.1364 -74.7292 2.8
40.1372 -97.1803 1
City7312 40.1372 -97.1803 3.2
40.1375 -99.8292 1
City7313 40.1375 -99.8292 3.4
40.1378 -79.8983 1
City7314 40.1378 -79.8983 4.3
40.1392 -74.8150 1
City7315 40.1392 -74.8150 4.4
40.1394 -96.6589 1
City7316 40.1394 -96.6589 4.3
40.1408 -97.7225 1
City7317 40.1408 -97.7225 2.6
40.1411 -80.6883 1
City7318 40.1411 -80.6883 3.7
40.1417 -87.3947 1
City7319 40.1417 -87.3947 3.1
40.1447 -84.2425 1
City7320 40.1447 -84.2425 4.2
40.1461 -74.7122 1
City7321 40.1461 -74.7122 3.4
40.1469 -78.9122 1
City7322 40.1469 -78.9122 3.1
40.1483 -79.8881 1
City7323 40.1483 -79.8881 3.3
40.1483 -89.3647 1
City7324 40.1483 -89.3647 3.4
40.1489 -102.9625 1
City7325 40.1489 -102.9625 4.0
40.1494 -81.0664 1
City7326 40.1494 -81.0664 2.9
40.1497 -75.4022 1
City7327 40.1497 -75.4022 4.3
40.1497 -77.1286 1
City7328 40.1497 -77.1286 3.7
40.1500 -74.2139 1
City7329 40.1500 -74.2139 4.2
40.1503 -74.0314 1
City7330 40.1503 -74.0314 2.6
40.1511 -76.2514 1
City7331 40.1511 -76.2514 2.7
40.1511 -79.9078 1
City7332 40.1511 -79.9078 3.5
40.1519 -74.9169 1
City7333 40.1519 -74.9169 4.0
40.1528 -76.6031 1
City7334 40.1528 -76.6031 4.3
40.1533 -74.0286 1
City7335 40.1533 -74.0286 3.7
40.1536 -82.6853 1
City7336 40.1536 -82.6853 4.2
40.1536 -88.9644 1
City7337 40.1536 -88.9644 3.4
40.1539 -79.7414 1
City7338 40.1539 -79.7414 3.0
40.1544 -75.2219 1
City7339 40.1544 -75.2219 3.6
40.1544 -80.7106 1
City7340 40.1544 -80.7106 3.9
40.1567 -75.8331 1
City7341 40.1567 -75.8331 2.5
40.1567 -76.2025 1
City7342 40.1567 -76.2025 3.1
40.1572 -76.0508 1
City7343 40.1572 -76.0508 3.1
40.1572 -76.3072 1
City7344 40.1572 -76.3072 2.7
40.1597 -79.0667 1
City7345 40.1597 -79.0667 3.0
40.1606 -103.2139 1
City7346 40.1606 -103.2139 2.8
40.1614 -79.0292 1
City7347 40.1614 -79.0292 2.7
40.1633 -76.3953 1
City7348 40.1633 -76.3953 2.8
40.1633 -110.4022 1
City7349 40.1633 -110.4022 3.9
40.1639 -95.9447 1
City7350 40.1639 -95.9447 3.9
40.1653 -111.6100 1
City7351 40.1653 -111.6100 3.5
40.1664 -97.5856 1
City7352 40.1664 -97.5856 3.6
40.1667 -80.7000 1
City7353 40.1667 -80.7000 4.3
40.1669 -74.9181 1
City7354 40.1669 -74.9181 4.1
40.1672 -105.1014 1
City7355 40.1672 -105.1014 3.9
40.1675 -92.1725 1
City7356 40.1675 -92.1725 4.2
40.1697 -80.5939 1
City7357 40.1697 -80.5939 2.8
40.1708 -74.0278 1
City7358 40.1708 -74.0278 2.5
40.1719 -84.9814 1
City7359 40.1719 -84.9814 2.6
40.1733 -79.8578 1
City7360 40.1733 -79.8578 4.0
40.1736 -80.2378 1
City7361 40.1736 -80.2378 3.9
40.1736 -85.4942 1
City7362 40.1736 -85.4942 3.9
40.1742 -75.1072 1
City7363 40.1742 -75.1072 3.3
40.1744 -74.9231 1
City7364 40.1744 -74.9231 4.3
40.1756 -101.0125 1
City7365 40.1756 -101.0125 3.2
40.1758 -86.0217 1
City7366 40.1758 -86.0217 3.9
40.1767 -75.5481 1
City7367 40.1767 -75.5481 3.8
40.1778 -74.5839 1
City7368 40.1778 -74.5839 3.9
40.1783 -74.0222 1
City7369 40.1783 -74.0222 2.7
40.1783 -75.1289 1
City7370 40.1783 -75.1289 2.6
40.1786 -83.4356 1
City7371 40.1786 -83.4356 3.9
40.1786 -122.2347 1
City7372 40.1786 -122.2347 3.4
40.1794 -118.4725 1
City7373 40.1794 -118.4725 2.7
40.1797 -76.1792 1
City7374 40.1797 -76.1792 4.1
40.1808 -75.4294 1
City7375 40.1808 -75.4294 2.7
40.1825 -80.6914 1
City7376 40.1825 -80.6914 4.0
40.1831 -79.8244 1
City7377 40.1831 -79.8244 4.3
40.1842 -75.5383 1
City7378 40.1842 -75.5383 4.3
40.1856 -75.4519 1
City7379 40.1856 -75.4519 3.3
40.1872 -76.7303 1
City7380 40.1872 -76.7303 4.0
40.1878 -85.1275 1
City7381 40.1878 -85.1275 4.0
40.1881 -86.9039 1
City7382 40.1881 -86.9039 3.0
40.1889 -85.2042 1
City7383 40.1889 -85.2042 2.9
40.1906 -74.7028 1
City7384 40.1906 -74.7028 3.0
40.1917 -85.2689 1
City7385 40.1917 -85.2689 3.7
40.1922 -74.0164 1
City7386 40.1922 -74.0164 3.1
40.1933 -85.3864 1
City7387 40.1933 -85.3864 3.4
40.1933 -86.3606 1
City7388 40.1933 -86.3606 3.1
40.1944 -110.0611 1
City7389 40.1944 -110.0611 3.9
40.1947 -92.5831 1
City7390 40.1947 -92.5831 3.4
40.1950 -77.9833 1
City7391 40.1950 -77.9833 2.8
40.1950 -86.6672 1
City7392 40.1950 -86.6672 3.3
40.1953 -88.4042 1
City7393 40.1953 -88.4042 3.7
40.1964 -76.2014 1
City7394 40.1964 -76.2014 4.1
40.1964 -80.7753 1
City7395 40.1964 -80.7753 4.2
40.1989 -75.4767 1
City7396 40.1989 -75.4767 2.6
40.1994 -84.8053 1
City7397 40.1994 -84.8053 2.5
40.2000 -74.0283 1
City7398 40.2000 -74.0283 4.1
40.2014 -77.1892 1
City7399 40.2014 -77.1892 3.2
40.2017 -98.0675 1
City7400 40.2017 -98.0675 3.6
40.2019 -84.8092 1
City7401 40.2019 -84.8092 2.6
40.2019 -100.6253 1
City7402 40.2019 -100.6253 3.2
40.2022 -74.0125 1
City7403 40.2022 -74.0125 3.1
40.2022 -89.6981 1
City7404 40.2022 -89.6981 4.2
40.2022 -93.1250 1
City7405 40.2022 -93.1250 3.2
40.2031 -79.9264 1
City7406 40.2031 -79.9264 4.0
40.2053 -74.2142 1
City7407 40.2053 -74.2142 3.7
40.2056 -80.5569 1
City7408 40.2056 -80.5569 4.2
40.2067 -75.1000 1
City7409 40.2067 -75.1000 3.5
40.2078 -75.0731 1
City7410 40.2078 -75.0731 3.7
40.2078 -79.9472 1
City7411 40.2078 -79.9472 3.1
40.2089 -78.9839 1
City7412 40.2089 -78.9839 4.1
40.2097 -79.7672 1
City7413 40.2097 -79.7672 2.9
40.2106 -81.2664 1
City7414 40.2106 -81.2664 3.7
40.2108 -75.2786 1
City7415 40.2108 -75.2786 2.7
40.2108 -76.7914 1
City7416 40.2108 -76.7914 2.6
40.2114 -76.1236 1
City7417 40.2114 -76.1236 4.1
40.2114 -88.5061 1
City7418 40.2114 -88.5061 3.8
40.2144 -84.6369 1
City7419 40.2144 -84.6369 4.4
40.2150 -75.0111 1
City7420 40.2150 -75.0111 3.8
40.2150 -104.8222 1
City7421 40.2150 -104.8222 3.4
40.2153 -78.2447 1
City7422 40.2153 -78.2447 2.9
40.2153 -86.0264 1
City7423 40.2153 -86.0264 4.2
40.2169 -74.7433 1
City7424 40.2169 -74.7433 3.4
40.2178 -94.5381 1
City7425 40.2178 -94.5381 2.9
40.2186 -80.8731 1
City7426 40.2186 -80.8731 3.9
40.2192 -79.6097 1
City7427 40.2192 -79.6097 4.1
40.2200 -74.4736 1
City7428 40.2200 -74.4736 4.0
40.2203 -74.0125 1
City7429 40.2203 -74.0125 4.4
40.2203 -88.9619 1
City7430 40.2203 -88.9619 2.8
40.2225 -84.4844 1
City7431 40.2225 -84.4844 3.1
40.2228 -85.7789 1
City7432 40.2228 -85.7789 4.1
40.2231 -83.5575 1
City7433 40.2231 -83.5575 2.7
40.2233 -76.9539 1
City7434 40.2233 -76.9539 3.0
40.2247 -105.2708 1
City7435 40.2247 -105.2708 3.9
40.2264 -80.6517 1
City7436 40.2264 -80.6517 3.2
40.2269 -78.9367 1
City7437 40.2269 -78.9367 2.7
40.2275 -90.3594 1
City7438 40.2275 -90.3594 3.6
40.2297 -100.8381 1
City7439 40.2297 -100.8381 4.2
40.2300 -90.9500 1
City7440 40.2300 -90.9500 3.3
40.2306 -104.0722 1
City7441 40.2306 -104.0722 2.7
40.2314 -75.6344 1
City7442 40.2314 -75.6344 2.6
40.2319 -92.7083 1
City7443 40.2319 -92.7083 4.0
40.2322 -76.8850 1
City7444 40.2322 -76.8850 4.2
40.2331 -76.1375 1
City7445 40.2331 -76.1375 3.9
40.2333 -74.0161 1
City7446 40.2333 -74.0161 3.4
40.2333 -91.0625 1
City7447 40.2333 -91.0625 4.2
40.2339 -111.6578 1
City7448 40.2339 -111.6578 3.1
40.2344 -100.4169 1
City7449 40.2344 -100.4169 3.6
40.2353 -76.8417 1
City7450 40.2353 -76.8417 4.1
40.2361 -74.0011 1
City7451 40.2361 -74.0011 3.8
40.2389 -89.1231 1
City7452 40.2389 -89.1231 3.5
40.2394 -75.6514 1
City7453 40.2394 -75.6514 3.6
40.2397 -76.9203 1
City7454 40.2397 -76.9203 3.3
40.2397 -78.8353 1
City7455 40.2397 -78.8353 3.1
40.2403 -79.5769 1
City7456 40.2403 -79.5769 2.8
40.2411 -76.0567 1
City7457 40.2411 -76.0567 4.4
40.2411 -76.8944 1
City7458 40.2411 -76.8944 4.2
40.2414 -75.2842 1
City7459 40.2414 -75.2842 3.2
40.2417 -88.1842 1
City7460 40.2417 -88.1842 3.3
40.2419 -74.3017 1
City7461 40.2419 -74.3017 2.9
40.2428 -77.8933 1
City7462 40.2428 -77.8933 4.4
40.2431 -74.0011 1
City7463 40.2431 -74.0011 3.2
40.2431 -79.2378 1
City7464 40.2431 -79.2378 3.4
40.2433 -88.6425 1
City7465 40.2433 -88.6425 3.5
40.2436 -78.8492 1
City7466 40.2436 -78.8492 3.1
40.2450 -75.5956 1
City7467 40.2450 -75.5956 4.4
40.2453 -75.6500 1
City7468 40.2453 -75.6500 4.0
40.2456 -74.8464 1
City7469 40.2456 -74.8464 3.9
40.2464 -80.2117 1
City7470 40.2464 -80.2117 3.3
40.2469 -86.7250 1
City7471 40.2469 -86.7250 4.2
40.2472 -79.6775 1
City7472 40.2472 -79.6775 3.5
40.2483 -99.6331 1
City7473 40.2483 -99.6331 4.1
40.2497 -78.8492 1
City7474 40.2497 -78.8492 3.6
40.2503 -103.7994 1
City7475 40.2503 -103.7994 3.8
40.2525 -75.6778 1
City7476 40.2525 -75.6778 3.7
40.2561 -75.4642 1
City7477 40.2561 -75.4642 3.0
40.2589 -76.8322 1
City7478 40.2589 -76.8322 4.1
40.2589 -103.6233 1
City7479 40.2589 -103.6233 3.6
40.2594 -89.2333 1
City7480 40.2594 -89.2333 3.9
40.2600 -74.2742 1
City7481 40.2600 -74.2742 3.7
40.2625 -80.1875 1
City7482 40.2625 -80.1875 3.1
40.2628 -76.9142 1
City7483 40.2628 -76.9142 4.0
40.2628 -85.6758 1
City7484 40.2628 -85.6758 3.3
40.2639 -74.4917 1
City7485 40.2639 -74.4917 3.5
40.2644 -75.8044 1
City7486 40.2644 -75.8044 3.0
40.2647 -80.6264 1
City7487 40.2647 -80.6264 3.3
40.2653 -76.7086 1
City7488 40.2653 -76.7086 4.1
40.2681 -96.7467 1
City7489 40.2681 -96.7467 3.0
40.2686 -92.9531 1
City7490 40.2686 -92.9531 3.7
40.2692 -79.8900 1
City7491 40.2692 -79.8900 4.1
40.2694 -74.5236 1
City7492 40.2694 -74.5236 3.4
40.2694 -85.7281 1
City7493 40.2694 -85.7281 2.7
40.2700 -87.3867 1
City7494 40.2700 -87.3867 3.2
40.2708 -79.8994 1
City7495 40.2708 -79.8994 3.7
40.2708 -80.7817 1
City7496 40.2708 -80.7817 3.1
40.2719 -80.6097 1
City7497 40.2719 -80.6097 2.9
40.2719 -81.8597 1
City7498 40.2719 -81.8597 4.3
40.2722 -81.6061 1
City7499 40.2722 -81.6061 2.9
40.2728 -80.9969 1
City7500 40.2728 -80.9969 4.0
40.2736 -76.4064 1
City7501 40.2736 -76.4064 3.1
40.2736 -76.8847 1
City7502 40.2736 -76.8847 3.9
40.2750 -76.9158 1
City7503 40.2750 -76.9158 2.8
40.2750 -106.9578 1
City7504 40.2750 -106.9578 4.1
40.2753 -76.8483 1
City7505 40.2753 -76.8483 3.6
40.2753 -81.7511 1
City7506 40.2753 -81.7511 2.6
40.2761 -74.8494 1
City7507 40.2761 -74.8494 3.4
40.2769 -85.8419 1
City7508 40.2769 -85.8419 3.4
40.2783 -79.5450 1
City7509 40.2783 -79.5450 2.8
40.2794 -75.3875 1
City7510 40.2794 -75.3875 3.3
40.2794 -86.5108 1
City7511 40.2794 -86.5108 2.8
40.2808 -74.2517 1
City7512 40.2808 -74.2517 3.1
40.2819 -100.1653 1
City7513 40.2819 -100.1653 4.2
40.2819 -104.7772 1
City7514 40.2819 -104.7772 3.2
40.2822 -86.0411 1
City7515 40.2822 -86.0411 2.9
40.2842 -84.1556 1
City7516 40.2842 -84.1556 4.3
40.2858 -75.9847 1
City7517 40.2858 -75.9847 3.1
40.2858 -76.6506 1
City7518 40.2858 -76.6506 2.6
40.2872 -78.8897 1
City7519 40.2872 -78.8897 3.7
40.2883 -75.2094 1
City7520 40.2883 -75.2094 3.3
40.2883 -87.2939 1
City7521 40.2883 -87.2939 3.0
40.2892 -85.0289 1
City7522 40.2892 -85.0289 2.8
40.2903 -74.0181 1
City7523 40.2903 -74.0181 3.9
40.2908 -78.8692 1
City7524 40.2908 -78.8692 2.9
40.2911 -79.5472 1
City7525 40.2911 -79.5472 4.2
40.2917 -79.3894 1
City7526 40.2917 -79.3894 3.5
40.2917 -90.9189 1
City7527 40.2917 -90.9189 4.3
40.2922 -79.8819 1
City7528 40.2922 -79.8819 3.2
40.2942 -87.2489 1
City7529 40.2942 -87.2489 3.4
40.2942 -90.4278 1
City7530 40.2942 -90.4278 4.0
40.2961 -74.0514 1
City7531 40.2961 -74.0514 4.0
40.2967 -78.4500 1
City7532 40.2967 -78.4500 4.2
40.2969 -111.6939 1
City7533 40.2969 -111.6939 4.3
40.2972 -74.3586 1
City7534 40.2972 -74.3586 3.4
40.2986 -83.0681 1
City7535 40.2986 -83.0681 4.2
40.2986 -89.4850 1
City7536 40.2986 -89.4850 3.0
40.2989 -75.1814 1
City7537 40.2989 -75.1814 2.7
40.2989 -78.8925 1
City7538 40.2989 -78.8925 4.3
40.2992 -83.9689 1
City7539 40.2992 -83.9689 3.7
40.2994 -109.9881 1
City7540 40.2994 -109.9881 3.8
40.3000 -90.0608 1
City7541 40.3000 -90.0608 3.6
40.3008 -85.2419 1
City7542 40.3008 -85.2419 3.6
40.3014 -79.5392 1
City7543 40.3014 -79.5392 3.2
40.3031 -96.9886 1
City7544 40.3031 -96.9886 3.2
40.3042 -73.9928 1
City7545 40.3042 -73.9928 4.2
40.3042 -74.1008 1
City7546 40.3042 -74.1008 2.9
40.3042 -99.9000 1
City7547 40.3042 -99.9000 4.0
40.3044 -82.6964 1
City7548 40.3044 -82.6964 3.2
40.3050 -87.8006 1
City7549 40.3050 -87.8006 2.5
40.3056 -89.6028 1
City7550 40.3056 -89.6028 3.2
40.3058 -88.0211 1
City7551 40.3058 -88.0211 3.5
40.3064 -121.2308 1
City7552 40.3064 -121.2308 2.9
40.3078 -75.9658 1
City7553 40.3078 -75.9658 3.1
40.3083 -88.1558 1
City7554 40.3083 -88.1558 3.2
40.3083 -105.0806 1
City7555 40.3083 -105.0806 3.9
40.3089 -76.5936 1
City7556 40.3089 -76.5936 4.3
40.3106 -75.9397 1
City7557 40.3106 -75.9397 4.1
40.3106 -78.9389 1
City7558 40.3106 -78.9389 2.8
40.3111 -78.3244 1
City7559 40.3111 -78.3244 2.7
40.3117 -75.3256 1
City7560 40.3117 -75.3256 4.3
40.3119 -83.9158 1
City7561 40.3119 -83.9158 4.2
40.3133 -88.9736 1
City7562 40.3133 -88.9736 3.7
40.3139 -85.5006 1
City7563 40.3139 -85.5006 4.0
40.3144 -89.1697 1
City7564 40.3144 -89.1697 2.5
40.3147 -88.3500 1
City7565 40.3147 -88.3500 4.0
40.3156 -79.8314 1
City7566 40.3156 -79.8314 4.4
40.3161 -74.5142 1
City7567 40.3161 -74.5142 3.6
40.3172 -74.6203 1
City7568 40.3172 -74.6203 3.4
40.3181 -74.0156 1
City7569 40.3181 -74.0156 3.9
40.3200 -75.6106 1
City7570 40.3200 -75.6106 3.3
40.3211 -79.3797 1
City7571 40.3211 -79.3797 3.8
40.3217 -80.6100 1
City7572 40.3217 -80.6100 3.9
40.3219 -75.3283 1
City7573 40.3219 -75.3283 3.6
40.3231 -79.3128 1
City7574 40.3231 -79.3128 4.1
40.3244 -79.7014 1
City7575 40.3244 -79.7014 3.4
40.3247 -79.8925 1
City7576 40.3247 -79.8925 2.9
40.3247 -80.5778 1
City7577 40.3247 -80.5778 3.5
40.3253 -80.9014 1
City7578 40.3253 -80.9014 3.6
40.3272 -76.0114 1
City7579 40.3272 -76.0114 3.9
40.3275 -80.5961 1
City7580 40.3275 -80.5961 3.3
40.3278 -90.6069 1
City7581 40.3278 -90.6069 4.3
40.3281 -75.8911 1
City7582 40.3281 -75.8911 2.6
40.3281 -79.6156 1
City7583 40.3281 -79.6156 3.8
40.3283 -74.7911 1
City7584 40.3283 -74.7911 4.3
40.3289 -79.6414 1
City7585 40.3289 -79.6414 4.2
40.3294 -75.9656 1
City7586 40.3294 -75.9656 3.9
40.3294 -76.5156 1
City7587 40.3294 -76.5156 4.3
40.3294 -104.8547 1
City7588 40.3294 -104.8547 2.8
40.3300 -76.0808 1
City7589 40.3300 -76.0808 3.1
40.3303 -73.9819 1
City7590 40.3303 -73.9819 3.4
40.3325 -98.4483 1
City7591 40.3325 -98.4483 2.6
40.3336 -75.6378 1
City7592 40.3336 -75.6378 4.0
40.3336 -75.9478 1
City7593 40.3336 -75.9478 4.3
40.3353 -82.0069 1
City7594 40.3353 -82.0069 2.8
40.3356 -75.9272 1
City7595 40.3356 -75.9272 4.0
40.3358 -78.3911 1
City7596 40.3358 -78.3911 2.7
40.3358 -79.8700 1
City7597 40.3358 -79.8700 2.8
40.3367 -74.0475 1
City7598 40.3367 -74.0475 3.7
40.3367 -75.4694 1
City7599 40.3367 -75.4694 3.4
40.3369 -104.9117 1
City7600 40.3369 -104.9117 3.4
40.3372 -76.4758 1
City7601 40.3372 -76.4758 2.9
40.3375 -75.9800 1
City7602 40.3375 -75.9800 3.7
40.3375 -79.7136 1
City7603 40.3375 -79.7136 2.7
40.3386 -85.6444 1
City7604 40.3386 -85.6444 2.8
40.3386 -95.3931 1
City7605 40.3386 -95.3931 3.6
40.3392 -76.7258 1
City7606 40.3392 -76.7258 2.6
40.3403 -85.3508 1
City7607 40.3403 -85.3508 2.6
40.3408 -76.4117 1
City7608 40.3408 -76.4117 3.5
40.3433 -111.7200 1
City7609 40.3433 -111.7200 3.3
40.3444 -86.6653 1
City7610 40.3444 -86.6653 4.1
40.3453 -75.6333 1
City7611 40.3453 -75.6333 3.8
40.3456 -76.3903 1
City7612 40.3456 -76.3903 4.2
40.3461 -74.2883 1
City7613 40.3461 -74.2883 3.6
40.3461 -94.8722 1
City7614 40.3461 -94.8722 3.5
40.3469 -92.5689 1
City7615 40.3469 -92.5689 3.4
40.3478 -79.8644 1
City7616 40.3478 -79.8644 4.2
40.3486 -74.6594 1
City7617 40.3486 -74.6594 2.9
40.3486 -78.8839 1
City7618 40.3486 -78.8839 3.1
40.3489 -85.1500 1
City7619 40.3489 -85.1500 2.7
40.3489 -104.7014 1
City7620 40.3489 -104.7014 2.7
40.3494 -76.2136 1
City7621 40.3494 -76.2136 4.3
40.3506 -79.8864 1
City7622 40.3506 -79.8864 3.0
40.3514 -84.3739 1
City7623 40.3514 -84.3739 3.8
40.3514 -90.3244 1
City7624 40.3514 -90.3244 2.8
40.3517 -76.1347 1
City7625 40.3517 -76.1347 3.3
40.3519 -88.7642 1
City7626 40.3519 -88.7642 4.3
40.3525 -74.4406 1
City7627 40.3525 -74.4406 3.9
40.3539 -75.3053 1
City7628 40.3539 -75.3053 3.1
40.3553 -80.0497 1
City7629 40.3553 -80.0497 3.1
40.3561 -80.1103 1
City7630 40.3561 -80.1103 3.1
40.3583 -81.4344 1
City7631 40.3583 -81.4344 2.9
40.3592 -91.4344 1
City7632 40.3592 -91.4344 3.7
40.3606 -74.0386 1
City7633 40.3606 -74.0386 3.6
40.3611 -83.7597 1
City7634 40.3611 -83.7597 2.6
40.3614 -73.9744 1
City7635 40.3614 -73.9744 2.9
40.3617 -76.1844 1
City7636 40.3617 -76.1844 3.5
40.3642 -74.9517 1
City7637 40.3642 -74.9517 3.5
40.3642 -111.7378 1
City7638 40.3642 -111.7378 2.9
40.3647 -80.0225 1
City7639 40.3647 -80.0225 2.8
40.3650 -80.4142 1
City7640 40.3650 -80.4142 3.5
40.3658 -74.9433 1
City7641 40.3658 -74.9433 3.1
40.3667 -96.1958 1
City7642 40.3667 -96.1958 4.2
40.3672 -76.9314 1
City7643 40.3672 -76.9314 3.3
40.3672 -78.7917 1
City7644 40.3672 -78.7917 3.9
40.3678 -81.0056 1
City7645 40.3678 -81.0056 3.8
40.3697 -80.6342 1
City7646 40.3697 -80.6342 3.7
40.3706 -79.9750 1
City7647 40.3706 -79.9750 2.6
40.3708 -80.2350 1
City7648 40.3708 -80.2350 3.7
40.3717 -75.2019 1
City7649 40.3717 -75.2019 3.7
40.3719 -73.9994 1
City7650 40.3719 -73.9994 3.9
40.3719 -75.2931 1
City7651 40.3719 -75.2931 4.2
40.3722 -97.9711 1
City7652 40.3722 -97.9711 3.2
40.3725 -89.5472 1
City7653 40.3725 -89.5472 3.6
40.3733 -75.6294 1
City7654 40.3733 -75.6294 3.8
40.3742 -86.7689 1
City7655 40.3742 -86.7689 3.6
40.3753 -80.7039 1
City7656 40.3753 -80.7039 4.1
40.3756 -82.3972 1
City7657 40.3756 -82.3972 4.3
40.3764 -104.6917 1
City7658 40.3764 -104.6917 3.0
40.3767 -74.4250 1
City7659 40.3767 -74.4250 4.0
40.3769 -111.7950 1
City7660 40.3769 -111.7950 3.3
40.3772 -105.5211 1
City7661 40.3772 -105.5211 2.6
40.3781 -93.9367 1
City7662 40.3781 -93.9367 4.3
40.3789 -74.5469 1
City7663 40.3789 -74.5469 4.2
40.3792 -87.6686 1
City7664 40.3792 -87.6686 3.4
40.3794 -86.0886 1
City7665 40.3794 -86.0886 4.3
40.3803 -79.0756 1
City7666 40.3803 -79.0756 4.3
40.3814 -79.8600 1
City7667 40.3814 -79.8600 2.7
40.3817 -82.4925 1
City7668 40.3817 -82.4925 2.5
40.3819 -80.3931 1
City7669 40.3819 -80.3931 3.3
40.3831 -79.8067 1
City7670 40.3831 -79.8067 3.2
40.3844 -77.8825 1
City7671 40.3844 -77.8825 4.0
40.3856 -79.7592 1
City7672 40.3856 -79.7592 2.6
40.3858 -122.2797 1
City7673 40.3858 -122.2797 4.2
40.3875 -104.5611 1
City7674 40.3875 -104.5611 2.9
40.3881 -75.9183 1
City7675 40.3881 -75.9183 3.4
40.3886 -78.6725 1
City7676 40.3886 -78.6725 3.2
40.3886 -85.4994 1
City7677 40.3886 -85.4994 3.6
40.3908 -75.4925 1
City7678 40.3908 -75.4925 3.9
40.3908 -79.8103 1
City7679 40.3908 -79.8103 3.6
40.3917 -74.3989 1
City7680 40.3917 -74.3989 4.1
40.3917 -111.8500 1
City7681 40.3917 -111.8500 3.5
40.3922 -79.9003 1
City7682 40.3922 -79.9003 3.1
40.3922 -80.0911 1
City7683 40.3922 -80.0911 3.1
40.3928 -95.8386 1
City7684 40.3928 -95.8386 2.7
40.3931 -81.3467 1
City7685 40.3931 -81.3467 3.8
40.3931 -84.3761 1
City7686 40.3931 -84.3761 3.6
40.3931 -90.1547 1
City7687 40.3931 -90.1547 3.6
40.3933 -81.3339 1
City7688 40.3933 -81.3339 3.3
40.3933 -82.4858 1
City7689 40.3933 -82.4858 2.9
40.3936 -77.9414 1
City7690 40.3936 -77.9414 3.3
40.3936 -79.7864 1
City7691 40.3936 -79.7864 3.6
40.3936 -96.9225 1
City7692 40.3936 -96.9225 3.7
40.3939 -79.9122 1
City7693 40.3939 -79.9122 4.3
40.3944 -84.1728 1
City7694 40.3944 -84.1728 3.6
40.3947 -81.4072 1
City7695 40.3947 -81.4072 2.8
40.3956 -79.8389 1
City7696 40.3956 -79.8389 3.3
40.3958 -80.0333 1
City7697 40.3958 -80.0333 3.9
40.3958 -81.0850 1
City7698 40.3958 -81.0850 3.5
40.3964 -91.3389 1
City7699 40.3964 -91.3389 4.3
40.3969 -79.1519 1
City7700 40.3969 -79.1519 3.8
40.3969 -88.8706 1
City7701 40.3969 -88.8706 3.1
40.3972 -91.3847 1
City7702 40.3972 -91.3847 2.9
40.3978 -105.0744 1
City7703 40.3978 -105.0744 3.2
40.3981 -77.0233 1
City7704 40.3981 -77.0233 3.8
40.3983 -79.8900 1
City7705 40.3983 -79.8900 3.5
40.3986 -79.4222 1
City7706 40.3986 -79.4222 3.8
40.3989 -79.8411 1
City7707 40.3989 -79.8411 3.1
40.3997 -74.6347 1
City7708 40.3997 -74.6347 3.3
40.4008 -93.5803 1
City7709 40.4008 -93.5803 4.2
40.4019 -83.5453 1
City7710 40.4019 -83.5453 4.1
40.4022 -75.5875 1
City7711 40.4022 -75.5875 4.4
40.4031 -79.7783 1
City7712 40.4031 -79.7783 3.3
40.4036 -73.9919 1
City7713 40.4036 -73.9919 4.2
40.4058 -79.8253 1
City7714 40.4058 -79.8253 3.0
40.4058 -79.9122 1
City7715 40.4058 -79.9122 4.3
40.4064 -75.5022 1
City7716 40.4064 -75.5022 4.3
40.4075 -89.6428 1
City7717 40.4075 -89.6428 3.4
40.4078 -74.0347 1
City7718 40.4078 -74.0347 3.6
40.4078 -74.9786 1
City7719 40.4078 -74.9786 3.4
40.4086 -75.9219 1
City7720 40.4086 -75.9219 2.6
40.4086 -79.8392 1
City7721 40.4086 -79.8392 3.7
40.4086 -80.0836 1
City7722 40.4086 -80.0836 3.1
40.4089 -82.9556 1
City7723 40.4089 -82.9556 3.3
40.4092 -92.5675 1
City7724 40.4092 -92.5675 3.2
40.4106 -75.3786 1
City7725 40.4106 -75.3786 2.7
40.4125 -79.8794 1
City7726 40.4125 -79.8794 3.5
40.4128 -84.7764 1
City7727 40.4128 -84.7764 3.1
40.4131 -79.5706 1
City7728 40.4131 -79.5706 3.3
40.4142 -79.0203 1
City7729 40.4142 -79.0203 3.3
40.4142 -79.9881 1
City7730 40.4142 -79.9881 4.0
40.4142 -82.2411 1
City7731 40.4142 -82.2411 3.5
40.4147 -74.2300 1
City7732 40.4147 -74.2300 4.0
40.4147 -74.3658 1
City7733 40.4147 -74.3658 2.7
40.4153 -85.6506 1
City7734 40.4153 -85.6506 3.1
40.4156 -74.1914 1
City7735 40.4156 -74.1914 2.9
40.4164 -120.6519 1
City7736 40.4164 -120.6519 2.5
40.4167 -86.8750 1
City7737 40.4167 -86.8750 3.5
40.4169 -86.5947 1
City7738 40.4169 -86.5947 2.6
40.4172 -79.8653 1
City7739 40.4172 -79.8653 3.3
40.4175 -86.2714 1
City7740 40.4175 -86.2714 3.6
40.4183 -101.3708 1
City7741 40.4183 -101.3708 4.2
40.4189 -80.5897 1
City7742 40.4189 -80.5897 2.8
40.4197 -79.8503 1
City7743 40.4197 -79.8503 3.4
40.4203 -91.7194 1
City7744 40.4203 -91.7194 2.8
40.4208 -74.5611 1
City7745 40.4208 -74.5611 3.2
40.4208 -89.4144 1
City7746 40.4208 -89.4144 3.7
40.4233 -78.4342 1
City7747 40.4233 -78.4342 2.7
40.4233 -104.7086 1
City7748 40.4233 -104.7086 3.6
40.4236 -79.8831 1
City7749 40.4236 -79.8831 4.3
40.4256 -80.0942 1
City7750 40.4256 -80.0942 3.3
40.4258 -78.6203 1
City7751 40.4258 -78.6203 3.7
40.4258 -86.9081 1
City7752 40.4258 -86.9081 2.7
40.4258 -89.7792 1
City7753 40.4258 -89.7792 2.9
40.4264 -83.2969 1
City7754 40.4264 -83.2969 3.4
40.4264 -90.7925 1
City7755 40.4264 -90.7925 2.8
40.4267 -88.5261 1
City7756 40.4267 -88.5261 3.7
40.4272 -78.3892 1
City7757 40.4272 -78.3892 2.8
40.4272 -86.1256 1
City7758 40.4272 -86.1256 3.5
40.4311 -79.2611 1
City7759 40.4311 -79.2611 2.9
40.4317 -98.1056 1
City7760 40.4317 -98.1056 2.8
40.4331 -74.2000 1
City7761 40.4331 -74.2000 3.6
40.4333 -80.7719 1
City7762 40.4333 -80.7719 3.7
40.4336 -89.3131 1
City7763 40.4336 -89.3131 2.5
40.4339 -83.0739 1
City7764 40.4339 -83.0739 2.6
40.4344 -80.0825 1
City7765 40.4344 -80.0825 3.7
40.4344 -84.9778 1
City7766 40.4344 -84.9778 3.8
40.4347 -89.2178 1
City7767 40.4347 -89.2178 4.0
40.4350 -80.0664 1
City7768 40.4350 -80.0664 2.5
40.4369 -84.3797 1
City7769 40.4369 -84.3797 4.1
40.4378 -81.3733 1
City7770 40.4378 -81.3733 3.8
40.4383 -79.8433 1
City7771 40.4383 -79.8433 3.9
40.4400 -81.6992 1
City7772 40.4400 -81.6992 3.7
40.4403 -95.3775 1
City7773 40.4403 -95.3775 2.6
40.4403 -99.3694 1
City7774 40.4403 -99.3694 2.7
40.4406 -79.9961 1
City7775 40.4406 -79.9961 3.8
40.4417 -74.1303 1
City7776 40.4417 -74.1303 4.1
40.4417 -75.3419 1
City7777 40.4417 -75.3419 2.9
40.4417 -79.8822 1
City7778 40.4417 -79.8822 4.3
40.4456 -95.0658 1
City7779 40.4456 -95.0658 4.3
40.4461 -80.0678 1
City7780 40.4461 -80.0678 2.6
40.4464 -74.1786 1
City7781 40.4464 -74.1786 4.0
40.4464 -74.3864 1
City7782 40.4464 -74.3864 2.7
40.4469 -75.9667 1
City7783 40.4469 -75.9667 3.6
40.4483 -122.2967 1
City7784 40.4483 -122.2967 3.2
40.4503 -83.1886 1
City7785 40.4503 -83.1886 2.7
40.4511 -85.3700 1
City7786 40.4511 -85.3700 3.5
40.4514 -74.3083 1
City7787 40.4514 -74.3083 4.4
40.4533 -111.7772 1
City7788 40.4533 -111.7772 2.5
40.4539 -75.8183 1
City7789 40.4539 -75.8183 3.1
40.4556 -109.5281 1
City7790 40.4556 -109.5281 3.9
40.4567 -74.2469 1
City7791 40.4567 -74.2469 3.1
40.4578 -92.1711 1
City7792 40.4578 -92.1711 3.4
40.4592 -74.3614 1
City7793 40.4592 -74.3614 4.4
40.4592 -90.6717 1
City7794 40.4592 -90.6717 4.2
40.4592 -96.3772 1
City7795 40.4592 -96.3772 2.6
40.4597 -78.5919 1
City7796 40.4597 -78.5919 3.6
40.4597 -79.5233 1
City7797 40.4597 -79.5233 2.6
40.4603 -88.0953 1
City7798 40.4603 -88.0953 2.8
40.4608 -79.9511 1
City7799 40.4608 -79.9511 3.2
40.4614 -83.6700 1
City7800 40.4614 -83.6700 4.1
40.4642 -80.6011 1
City7801 40.4642 -80.6011 3.9
40.4650 -87.8964 1
City7802 40.4650 -87.8964 3.6
40.4656 -80.0658 1
City7803 40.4656 -80.0658 2.8
40.4672 -87.6683 1
City7804 40.4672 -87.6683 3.0
40.4678 -84.1806 1
City7805 40.4678 -84.1806 3.7
40.4681 -76.9322 1
City7806 40.4681 -76.9322 2.9
40.4700 -75.3208 1
City7807 40.4700 -75.3208 3.5
40.4711 -83.8928 1
City7808 40.4711 -83.8928 4.0
40.4742 -95.7333 1
City7809 40.4742 -95.7333 3.9
40.4756 -85.4944 1
City7810 40.4756 -85.4944 3.1
40.4769 -93.0031 1
City7811 40.4769 -93.0031 3.0
40.4772 -109.5861 1
City7812 40.4772 -109.5861 3.0
40.4775 -104.9008 1
City7813 40.4775 -104.9008 4.4
40.4778 -74.2911 1
City7814 40.4778 -74.2911 3.9
40.4781 -78.5411 1
City7815 40.4781 -78.5411 3.3
40.4781 -85.9667 1
City7816 40.4781 -85.9667 2.8
40.4783 -99.1264 1
City7817 40.4783 -99.1264 3.5
40.4792 -79.2000 1
City7818 40.4792 -79.2000 3.2
40.4797 -84.6283 1
City7819 40.4797 -84.6283 2.9
40.4797 -85.6278 1
City7820 40.4797 -85.6278 2.5
40.4800 -79.9786 1
City7821 40.4800 -79.9786 2.7
40.4803 -86.3947 1
City7822 40.4803 -86.3947 2.8
40.4814 -78.9189 1
City7823 40.4814 -78.9189 3.4
40.4814 -96.9603 1
City7824 40.4814 -96.9603 4.0
40.4819 -75.7581 1
City7825 40.4819 -75.7581 4.2
40.4822 -78.5519 1
City7826 40.4822 -78.5519 2.5
40.4842 -88.9936 1
City7827 40.4842 -88.9936 4.1
40.4847 -78.0106 1
City7828 40.4847 -78.0106 3.0
40.4850 -78.7250 1
City7829 40.4850 -78.7250 3.8
40.4850 -106.8311 1
City7830 40.4850 -106.8311 4.3
40.4861 -74.4522 1
City7831 40.4861 -74.4522 3.5
40.4864 -79.4517 1
City7832 40.4864 -79.4517 3.0
40.4864 -86.1336 1
City7833 40.4864 -86.1336 2.6
40.4872 -85.6131 1
City7834 40.4872 -85.6131 3.0
40.4875 -94.4108 1
City7835 40.4875 -94.4108 4.0
40.4897 -81.4458 1
City7836 40.4897 -81.4458 3.2
40.4897 -111.9381 1
City7837 40.4897 -111.9381 2.7
40.4906 -87.0964 1
City7838 40.4906 -87.0964 3.7
40.4914 -79.9050 1
City7839 40.4914 -79.9050 4.0
40.4919 -107.2569 1
City7840 40.4919 -107.2569 4.0
40.4933 -79.8608 1
City7841 40.4933 -79.8608 2.6
40.4936 -84.3147 1
City7842 40.4936 -84.3147 3.2
40.4944 -89.6517 1
City7843 40.4944 -89.6517 3.4
40.4950 -81.9847 1
City7844 40.4950 -81.9847 2.7
40.4967 -80.6069 1
City7845 40.4967 -80.6069 3.8
40.4986 -98.9475 1
City7846 40.4986 -98.9475 3.4
40.4992 -74.3994 1
City7847 40.4992 -74.3994 4.4
40.5006 -82.8936 1
City7848 40.5006 -82.8936 4.0
40.5008 -75.9703 1
City7849 40.5008 -75.9703 2.8
40.5008 -80.0678 1
City7850 40.5008 -80.0678 4.3
40.5031 -78.6306 1
City7851 40.5031 -78.6306 4.2
40.5033 -75.7017 1
City7852 40.5033 -75.7017 3.1
40.5042 -79.9492 1
City7853 40.5042 -79.9492 3.1
40.5064 -79.8433 1
City7854 40.5064 -79.8433 4.0
40.5067 -74.2658 1
City7855 40.5067 -74.2658 3.0
40.5067 -83.7481 1
City7856 40.5067 -83.7481 2.7
40.5083 -85.8256 1
City7857 40.5083 -85.8256 2.6
40.5083 -86.8417 1
City7858 40.5083 -86.8417 4.0
40.5100 -80.0947 1
City7859 40.5100 -80.0947 3.2
40.5108 -75.6033 1
City7860 40.5108 -75.6033 2.9
40.5114 -75.3908 1
City7861 40.5114 -75.3908 4.2
40.5122 -74.8597 1
City7862 40.5122 -74.8597 3.1
40.5122 -111.4736 1
City7863 40.5122 -111.4736 3.9
40.5142 -88.9906 1
City7864 40.5142 -88.9906 2.8
40.5153 -107.5458 1
City7865 40.5153 -107.5458 3.5
40.5158 -75.5556 1
City7866 40.5158 -75.5556 3.5
40.5169 -101.6428 1
City7867 40.5169 -101.6428 3.7
40.5183 -80.1669 1
City7868 40.5183 -80.1669 3.3
40.5186 -78.3950 1
City7869 40.5186 -78.3950 3.3
40.5194 -80.8842 1
City7870 40.5194 -80.8842 3.0
40.5197 -87.2478 1
City7871 40.5197 -87.2478 3.9
40.5206 -81.4742 1
City7872 40.5206 -81.4742 3.9
40.5208 -92.5278 1
City7873 40.5208 -92.5278 3.9
40.5211 -87.3783 1
City7874 40.5211 -87.3783 3.9
40.5217 -98.0550 1
City7875 40.5217 -98.0550 3.9
40.5219 -111.9383 1
City7876 40.5219 -111.9383 4.0
40.5222 -80.0344 1
City7877 40.5222 -80.0344 3.5
40.5247 -111.8631 1
City7878 40.5247 -111.8631 3.8
40.5261 -75.0619 1
City7879 40.5261 -75.0619 3.8
40.5267 -99.6333 1
City7880 40.5267 -99.6333 3.2
40.5269 -97.5956 1
City7881 40.5269 -97.5956 3.4
40.5275 -89.4925 1
City7882 40.5275 -89.4925 2.8
40.5289 -79.4617 1
City7883 40.5289 -79.4617 4.3
40.5294 -89.1772 1
City7884 40.5294 -89.1772 2.7
40.5303 -104.7108 1
City7885 40.5303 -104.7108 3.6
40.5308 -112.2975 1
City7886 40.5308 -112.2975 4.3
40.5317 -80.1692 1
City7887 40.5317 -80.1692 2.6
40.5322 -91.4147 1
City7888 40.5322 -91.4147 4.2
40.5344 -83.5206 1
City7889 40.5344 -83.5206 4.1
40.5364 -80.1847 1
City7890 40.5364 -80.1847 4.4
40.5369 -89.3575 1
City7891 40.5369 -89.3575 3.7
40.5394 -75.4972 1
City7892 40.5394 -75.4972 3.9
40.5394 -76.9611 1
City7893 40.5394 -76.9611 3.3
40.5408 -74.5881 1
City7894 40.5408 -74.5881 3.9
40.5417 -79.7994 1
City7895 40.5417 -79.7994 4.1
40.5431 -74.3636 1
City7896 40.5431 -74.3636 3.6
40.5433 -78.7881 1
City7897 40.5433 -78.7881 4.4
40.5433 -79.1625 1
City7898 40.5433 -79.1625 3.9
40.5489 -76.8122 1
City7899 40.5489 -76.8122 2.8
40.5489 -78.4294 1
City7900 40.5489 -78.4294 2.7
40.5489 -84.5703 1
City7901 40.5489 -84.5703 3.3
40.5492 -82.8275 1
City7902 40.5492 -82.8275 3.6
40.5500 -91.3847 1
City7903 40.5500 -91.3847 3.0
40.5508 -94.8192 1
City7904 40.5508 -94.8192 3.1
40.5511 -80.1931 1
City7905 40.5511 -80.1931 3.9
40.5528 -90.5061 1
City7906 40.5528 -90.5061 4.1
40.5531 -79.7575 1
City7907 40.5531 -79.7575 3.5
40.5533 -74.5319 1
City7908 40.5533 -74.5319 3.8
40.5539 -85.2775 1
City7909 40.5539 -85.2775 3.5
40.5544 -81.9181 1
City7910 40.5544 -81.9181 3.0
40.5544 -123.1819 1
City7911 40.5544 -123.1819 3.7
40.5556 -75.9822 1
City7912 40.5556 -75.9822 3.8
40.5561 -90.8658 1
City7913 40.5561 -90.8658 4.2
40.5575 -82.8625 1
City7914 40.5575 -82.8625 3.3
40.5581 -90.0350 1
City7915 40.5581 -90.0350 2.5
40.5589 -79.1514 1
City7916 40.5589 -79.1514 4.1
40.5622 -111.9289 1
City7917 40.5622 -111.9289 2.7
40.5631 -80.2086 1
City7918 40.5631 -80.2086 2.7
40.5639 -88.8989 1
City7919 40.5639 -88.8989 3.7
40.5644 -87.1069 1
City7920 40.5644 -87.1069 4.4
40.5647 -87.8931 1
City7921 40.5647 -87.8931 4.2
40.5667 -76.7008 1
City7922 40.5667 -76.7008 4.2
40.5669 -88.6164 1
City7923 40.5669 -88.6164 3.5
40.5675 -88.2478 1
City7924 40.5675 -88.2478 3.0
40.5675 -89.6406 1
City7925 40.5675 -89.6406 3.1
40.5678 -84.1936 1
City7926 40.5678 -84.1936 3.6
40.5683 -74.5389 1
City7927 40.5683 -74.5389 3.0
40.5686 -75.0950 1
City7928 40.5686 -75.0950 2.8
40.5694 -74.6333 1
City7929 40.5694 -74.6333 3.0
40.5694 -77.4031 1
City7930 40.5694 -77.4031 2.5
40.5697 -77.3972 1
City7931 40.5697 -77.3972 4.3
40.5697 -79.7650 1
City7932 40.5697 -79.7650 3.6
40.5717 -80.7267 1
City7933 40.5717 -80.7267 3.1
40.5719 -85.7692 1
City7934 40.5719 -85.7692 3.2
40.5725 -74.4931 1
City7935 40.5725 -74.4931 2.8
40.5725 -89.8133 1
City7936 40.5725 -89.8133 4.4
40.5728 -81.0858 1
City7937 40.5728 -81.0858 3.3
40.5733 -76.6917 1
City7938 40.5733 -76.6917 2.7
40.5736 -80.2358 1
City7939 40.5736 -80.2358 2.9
40.5742 -74.6103 1
City7940 40.5742 -74.6103 4.3
40.5747 -76.9894 1
City7941 40.5747 -76.9894 2.6
40.5764 -124.2628 1
City7942 40.5764 -124.2628 3.8
40.5772 -74.2286 1
City7943 40.5772 -74.2286 3.0
40.5789 -86.1903 1
City7944 40.5789 -86.1903 3.8
40.5792 -74.4119 1
City7945 40.5792 -74.4119 4.3
40.5794 -75.3411 1
City7946 40.5794 -75.3411 3.5
40.5800 -79.7669 1
City7947 40.5800 -79.7669 4.4
40.5814 -79.5667 1
City7948 40.5814 -79.5667 4.0
40.5825 -104.7314 1
City7949 40.5825 -104.7314 3.6
40.5833 -90.9692 1
City7950 40.5833 -90.9692 3.6
40.5844 -102.3019 1
City7951 40.5844 -102.3019 2.5
40.5853 -105.0839 1
City7952 40.5853 -105.0839 2.8
40.5861 -79.5317 1
City7953 40.5861 -79.5317 2.8
40.5861 -98.3881 1
City7954 40.5861 -98.3881 3.8
40.5867 -122.3906 1
City7955 40.5867 -122.3906 3.8
40.5875 -86.6750 1
City7956 40.5875 -86.6750 3.4
40.5883 -73.6583 1
City7957 40.5883 -73.6583 2.7
40.5883 -82.4250 1
City7958 40.5883 -82.4250 2.7
40.5886 -83.1286 1
City7959 40.5886 -83.1286 3.7
40.5889 -73.7294 1
City7960 40.5889 -73.7294 3.0
40.5892 -74.4722 1
City7961 40.5892 -74.4722 2.6
40.5892 -76.5528 1
City7962 40.5892 -76.5528 3.1
40.5892 -80.2253 1
City7963 40.5892 -80.2253 2.7
40.5900 -98.5058 1
City7964 40.5900 -98.5058 3.1
40.5903 -99.8606 1
City7965 40.5903 -99.8606 4.3
40.5917 -111.8833 1
City7966 40.5917 -111.8833 3.1
40.5942 -75.1947 1
City7967 40.5942 -75.1947 3.3
40.5947 -81.5269 1
City7968 40.5947 -81.5269 2.5
40.5961 -79.5558 1
City7969 40.5961 -79.5558 3.3
40.5969 -88.0381 1
City7970 40.5969 -88.0381 3.9
40.5981 -79.5614 1
City7971 40.5981 -79.5614 3.6
40.5983 -76.0936 1
City7972 40.5983 -76.0936 3.3
40.5983 -124.1561 1
City7973 40.5983 -124.1561 2.5
40.6000 -112.4636 1
City7974 40.6000 -112.4636 3.6
40.6006 -83.9753 1
City7975 40.6006 -83.9753 4.4
40.6011 -81.3614 1
City7976 40.6011 -81.3614 3.7
40.6014 -75.3956 1
City7977 40.6014 -75.3956 3.2
40.6014 -79.7600 1
City7978 40.6014 -79.7600 3.9
40.6028 -78.7089 1
City7979 40.6028 -78.7089 2.9
40.6028 -79.5650 1
City7980 40.6028 -79.5650 4.3
40.6028 -80.6492 1
City7981 40.6028 -80.6492 3.9
40.6028 -86.8672 1
City7982 40.6028 -86.8672 3.8
40.6033 -78.3250 1
City7983 40.6033 -78.3250 4.1
40.6042 -73.6558 1
City7984 40.6042 -73.6558 3.1
40.6044 -95.6575 1
City7985 40.6044 -95.6575 2.7
40.6050 -77.7258 1
City7986 40.6050 -77.7258 2.7
40.6056 -97.8589 1
City7987 40.6056 -97.8589 4.2
40.6058 -88.9872 1
City7988 40.6058 -88.9872 3.2
40.6081 -74.2781 1
City7989 40.6081 -74.2781 3.4
40.6081 -79.7414 1
City7990 40.6081 -79.7414 3.7
40.6086 -86.5400 1
City7991 40.6086 -86.5400 2.7
40.6097 -111.9383 1
City7992 40.6097 -111.9383 3.1
40.6111 -111.8992 1
City7993 40.6111 -111.8992 4.3
40.6114 -79.8372 1
City7994 40.6114 -79.8372 3.2
40.6117 -76.7189 1
City7995 40.6117 -76.7189 3.9
40.6128 -89.4592 1
City7996 40.6128 -89.4592 3.0
40.6131 -80.5631 1
City7997 40.6131 -80.5631 2.9
40.6150 -89.6222 1
City7998 40.6150 -89.6222 3.5
40.6156 -73.7300 1
City7999 40.6156 -73.7300 3.8
40.6167 -87.3208 1
City8000 40.6167 -87.3208 3.7
40.6172 -85.5047 1
City8001 40.6172 -85.5047 4.2
40.6175 -89.6003 1
City8002 40.6175 -89.6003 2.7
40.6183 -80.6044 1
City8003 40.6183 -80.6044 3.7
40.6186 -80.5775 1
City8004 40.6186 -80.5775 3.3
40.6189 -98.0969 1
City8005 40.6189 -98.0969 3.7
40.6197 -111.8094 1
City8006 40.6197 -111.8094 3.1
40.6200 -82.5108 1
City8007 40.6200 -82.5108 3.8
40.6200 -96.6289 1
City8008 40.6200 -96.6289 2.5
40.6211 -90.4619 1
City8009 40.6211 -90.4619 3.5
40.6211 -98.6572 1
City8010 40.6211 -98.6572 3.8
40.6214 -79.1528 1
City8011 40.6214 -79.1528 4.1
40.6219 -74.2450 1
City8012 40.6219 -74.2450 2.8
40.6225 -80.8381 1
City8013 40.6225 -80.8381 2.7
40.6228 -73.7247 1
City8014 40.6228 -73.7247 3.2
40.6228 -93.9339 1
City8015 40.6228 -93.9339 3.6
40.6239 -73.7089 1
City8016 40.6239 -73.7089 3.5
40.6256 -103.2072 1
City8017 40.6256 -103.2072 3.0
40.6264 -75.3461 1
City8018 40.6264 -75.3461 4.3
40.6267 -76.1931 1
City8019 40.6267 -76.1931 3.7
40.6283 -76.3875 1
City8020 40.6283 -76.3875 2.6
40.6283 -87.6961 1
City8021 40.6283 -87.6961 2.5
40.6297 -89.2747 1
City8022 40.6297 -89.2747 3.9
40.6297 -91.3150 1
City8023 40.6297 -91.3150 3.1
40.6300 -74.4278 1
City8024 40.6300 -74.4278 2.8
40.6300 -89.3325 1
City8025 40.6300 -89.3325 3.1
40.6300 -100.5153 1
City8026 40.6300 -100.5153 3.1
40.6306 -76.1714 1
City8027 40.6306 -76.1714 2.5
40.6308 -92.9244 1
City8028 40.6308 -92.9244 2.8
40.6319 -73.7131 1
City8029 40.6319 -73.7131 4.0
40.6336 -74.4078 1
City8030 40.6336 -74.4078 3.5
40.6350 -80.2283 1
City8031 40.6350 -80.2283 3.1
40.6353 -82.2333 1
City8032 40.6353 -82.2333 4.0
40.6356 -104.7547 1
City8033 40.6356 -104.7547 3.5
40.6358 -78.2961 1
City8034 40.6358 -78.2961 4.2
40.6361 -73.6819 1
City8035 40.6361 -73.6819 2.9
40.6361 -91.1672 1
City8036 40.6361 -91.1672 2.7
40.6364 -82.9692 1
City8037 40.6364 -82.9692 3.5
40.6367 -79.1444 1
City8038 40.6367 -79.1444 2.7
40.6367 -80.2403 1
City8039 40.6367 -80.2403 4.2
40.6369 -97.5850 1
City8040 40.6369 -97.5850 3.6
40.6378 -74.4514 1
City8041 40.6378 -74.4514 2.5
40.6386 -73.6406 1
City8042 40.6386 -73.6406 3.1
40.6386 -77.5689 1
City8043 40.6386 -77.5689 3.7
40.6386 -111.9381 1
City8044 40.6386 -111.9381 2.8
40.6403 -91.7428 1
City8045 40.6403 -91.7428 3.3
40.6408 -74.3111 1
City8046 40.6408 -74.3111 3.7
40.6408 -74.3839 1
City8047 40.6408 -74.3839 3.6
40.6408 -74.8817 1
City8048 40.6408 -74.8817 3.2
40.6411 -102.6264 1
City8049 40.6411 -102.6264 4.2
40.6414 -88.7833 1
City8050 40.6414 -88.7833 2.7
40.6417 -74.8364 1
City8051 40.6417 -74.8364 4.1
40.6419 -73.6700 1
City8052 40.6419 -73.6700 3.9
40.6422 -79.8511 1
City8053 40.6422 -79.8511 3.0
40.6425 -74.2858 1
City8054 40.6425 -74.2858 2.5
40.6428 -78.7731 1
City8055 40.6428 -78.7731 3.5
40.6428 -91.5644 1
City8056 40.6428 -91.5644 3.4
40.6431 -73.6961 1
City8057 40.6431 -73.6961 3.7
40.6431 -77.5808 1
City8058 40.6431 -77.5808 3.6
40.6431 -111.2800 1
City8059 40.6431 -111.2800 3.3
40.6442 -97.4500 1
City8060 40.6442 -97.4500 3.5
40.6444 -80.4164 1
City8061 40.6444 -80.4164 3.6
40.6458 -80.5981 1
City8062 40.6458 -80.5981 3.2
40.6461 -111.4972 1
City8063 40.6461 -111.4972 2.7
40.6469 -83.6097 1
City8064 40.6469 -83.6097 2.8
40.6472 -89.5911 1
City8065 40.6472 -89.5911 4.4
40.6472 -97.1131 1
City8066 40.6472 -97.1131 2.9
40.6500 -81.4522 1
City8067 40.6500 -81.4522 3.4
40.6503 -89.6519 1
City8068 40.6503 -89.6519 3.5
40.6511 -81.2992 1
City8069 40.6511 -81.2992 4.3
40.6531 -81.5811 1
City8070 40.6531 -81.5811 2.5
40.6536 -97.2858 1
City8071 40.6536 -97.2858 3.1
40.6539 -75.0869 1
City8072 40.6539 -75.0869 2.8
40.6542 -84.1508 1
City8073 40.6542 -84.1508 3.7
40.6547 -73.6722 1
City8074 40.6547 -73.6722 3.5
40.6547 -75.4750 1
City8075 40.6547 -75.4750 2.7
40.6547 -76.1011 1
City8076 40.6547 -76.1011 3.5
40.6553 -74.3903 1
City8077 40.6553 -74.3903 3.5
40.6572 -96.1861 1
City8078 40.6572 -96.1861 2.5
40.6575 -73.5836 1
City8079 40.6575 -73.5836 4.1
40.6578 -84.9519 1
City8080 40.6578 -84.9519 2.9
40.6583 -74.3000 1
City8081 40.6583 -74.3000 4.3
40.6586 -73.6417 1
City8082 40.6586 -73.6417 3.3
40.6589 -74.3478 1
City8083 40.6589 -74.3478 4.4
40.6594 -74.3233 1
City8084 40.6594 -74.3233 4.2
40.6597 -75.4772 1
City8085 40.6597 -75.4772 3.2
40.6597 -80.2394 1
City8086 40.6597 -80.2394 2.8
40.6600 -111.9956 1
City8087 40.6600 -111.9956 3.6
40.6608 -86.2419 1
City8088 40.6608 -86.2419 2.5
40.6625 -78.7803 1
City8089 40.6625 -78.7803 2.5
40.6628 -73.5519 1
City8090 40.6628 -73.5519 2.5
40.6631 -86.8694 1
City8091 40.6631 -86.8694 3.4
40.6639 -74.2111 1
City8092 40.6639 -74.2111 3.1
40.6639 -77.5961 1
City8093 40.6639 -77.5961 3.5
40.6642 -73.7089 1
City8094 40.6642 -73.7089 3.6
40.6642 -74.2636 1
City8095 40.6642 -74.2636 3.2
40.6642 -90.4347 1
City8096 40.6642 -90.4347 4.4
40.6644 -74.2647 1
City8097 40.6644 -74.2647 3.4
40.6658 -73.4886 1
City8098 40.6658 -73.4886 2.5
40.6661 -80.6233 1
City8099 40.6661 -80.6233 4.0
40.6661 -89.5800 1
City8100 40.6661 -89.5800 3.1
40.6669 -75.1578 1
City8101 40.6669 -75.1578 2.6
40.6669 -94.7211 1
City8102 40.6669 -94.7211 3.4
40.6669 -111.8872 1
City8103 40.6669 -111.8872 4.3
40.6672 -81.3550 1
City8104 40.6672 -81.3550 3.8
40.6678 -111.9381 1
City8105 40.6678 -111.9381 3.0
40.6686 -73.5275 1
City8106 40.6686 -73.5275 2.8
40.6686 -74.1147 1
City8107 40.6686 -74.1147 4.2
40.6689 -111.8239 1
City8108 40.6689 -111.8239 4.4
40.6700 -75.4958 1
City8109 40.6700 -75.4958 2.9
40.6706 -78.2389 1
City8110 40.6706 -78.2389 3.1
40.6722 -74.3578 1
City8111 40.6722 -74.3578 2.6
40.6733 -80.5767 1
City8112 40.6733 -80.5767 3.2
40.6733 -84.5189 1
City8113 40.6733 -84.5189 2.8
40.6733 -92.1619 1
City8114 40.6733 -92.1619 4.3
40.6739 -85.7214 1
City8115 40.6739 -85.7214 4.3
40.6764 -74.2911 1
City8116 40.6764 -74.2911 3.9
40.6767 -81.8706 1
City8117 40.6767 -81.8706 3.0
40.6767 -95.8589 1
City8118 40.6767 -95.8589 3.4
40.6786 -73.5894 1
City8119 40.6786 -73.5894 3.3
40.6786 -75.2372 1
City8120 40.6786 -75.2372 2.7
40.6789 -73.4175 1
City8121 40.6789 -73.4175 3.5
40.6789 -73.6744 1
City8122 40.6789 -73.6744 4.3
40.6789 -91.0728 1
City8123 40.6789 -91.0728 3.2
40.6792 -80.4950 1
City8124 40.6792 -80.4950 3.9
40.6800 -96.5061 1
City8125 40.6800 -96.5061 3.8
40.6800 -122.3508 1
City8126 40.6800 -122.3508 3.2
40.6803 -73.4556 1
City8127 40.6803 -73.4556 2.7
40.6806 -73.4747 1
City8128 40.6806 -73.4747 3.0
40.6806 -122.3700 1
City8129 40.6806 -122.3700 2.8
40.6814 -73.4003 1
City8130 40.6814 -73.4003 3.3
40.6814 -82.0219 1
City8131 40.6814 -82.0219 4.2
40.6825 -93.1208 1
City8132 40.6825 -93.1208 3.6
40.6828 -85.4272 1
City8133 40.6828 -85.4272 3.5
40.6833 -74.4431 1
City8134 40.6833 -74.4431 4.3
40.6836 -73.5106 1
City8135 40.6836 -73.5106 3.6
40.6842 -74.6361 1
City8136 40.6842 -74.6361 4.2
40.6844 -80.3292 1
City8137 40.6844 -80.3292 4.1
40.6844 -89.6800 1
City8138 40.6844 -89.6800 2.9
40.6850 -73.7022 1
City8139 40.6850 -73.7022 2.6
40.6856 -76.1958 1
City8140 40.6856 -76.1958 3.6
40.6858 -92.6772 1
City8141 40.6858 -92.6772 3.3
40.6861 -75.4972 1
City8142 40.6861 -75.4972 3.4
40.6867 -73.3739 1
City8143 40.6867 -73.3739 2.9
40.6867 -84.1378 1
City8144 40.6867 -84.1378 4.4
40.6872 -80.2717 1
City8145 40.6872 -80.2717 2.7
40.6875 -80.2542 1
City8146 40.6875 -80.2542 2.6
40.6911 -73.5636 1
City8147 40.6911 -73.5636 2.9
40.6914 -73.5339 1
City8148 40.6914 -73.5339 3.0
40.6917 -81.1814 1
City8149 40.6917 -81.1814 3.6
40.6917 -89.7950 1
City8150 40.6917 -89.7950 4.1
40.6925 -89.6278 1
City8151 40.6925 -89.6278 4.2
40.6928 -83.7856 1
City8152 40.6928 -83.7856 3.0
40.6933 -73.5081 1
City8153 40.6933 -73.5081 4.0
40.6936 -75.1906 1
City8154 40.6936 -75.1906 2.9
40.6936 -89.5889 1
City8155 40.6936 -89.5889 2.7
40.6953 -80.3050 1
City8156 40.6953 -80.3050 3.5
40.6956 -73.3261 1
City8157 40.6956 -73.3261 4.1
40.6958 -80.0119 1
City8158 40.6958 -80.0119 4.3
40.6964 -76.1692 1
City8159 40.6964 -76.1692 4.4
40.6967 -74.9411 1
City8160 40.6967 -74.9411 3.0
40.6975 -73.4256 1
City8161 40.6975 -73.4256 4.2
40.6983 -74.4019 1
City8162 40.6983 -74.4019 3.5
40.6994 -99.0811 1
City8163 40.6994 -99.0811 3.3
40.7000 -80.2683 1
City8164 40.7000 -80.2683 2.6
40.7000 -111.8097 1
City8165 40.7000 -111.8097 3.9
40.7003 -73.5933 1
City8166 40.7003 -73.5933 2.5
40.7008 -73.4625 1
City8167 40.7008 -73.4625 3.2
40.7008 -73.7133 1
City8168 40.7008 -73.7133 3.5
40.7011 -74.2306 1
City8169 40.7011 -74.2306 3.0
40.7022 -80.2867 1
City8170 40.7022 -80.2867 3.7
40.7036 -89.4072 1
City8171 40.7036 -89.4072 3.1
40.7039 -105.0081 1
City8172 40.7039 -105.0081 3.4
40.7044 -96.3872 1
City8173 40.7044 -96.3872 2.8
40.7047 -73.6506 1
City8174 40.7047 -73.6506 4.2
40.7061 -73.3067 1
City8175 40.7061 -73.3067 3.4
40.7061 -83.8439 1
City8176 40.7061 -83.8439 3.1
40.7064 -83.9214 1
City8177 40.7064 -83.9214 3.5
40.7064 -93.3650 1
City8178 40.7064 -93.3650 3.3
40.7069 -74.9564 1
City8179 40.7069 -74.9564 4.2
40.7069 -81.5983 1
City8180 40.7069 -81.5983 3.3
40.7072 -73.6764 1
City8181 40.7072 -73.6764 4.1
40.7086 -73.2817 1
City8182 40.7086 -73.2817 2.6
40.7089 -84.3536 1
City8183 40.7089 -84.3536 3.2
40.7092 -112.1008 1
City8184 40.7092 -112.1008 4.2
40.7106 -90.2661 1
City8185 40.7106 -90.2661 3.5
40.7139 -77.5908 1
City8186 40.7139 -77.5908 3.4
40.7139 -116.1031 1
City8187 40.7139 -116.1031 4.2
40.7142 -73.3819 1
City8188 40.7142 -73.3819 2.7
40.7142 -73.7006 1
City8189 40.7142 -73.7006 3.0
40.7142 -74.0064 1
City8190 40.7142 -74.0064 2.8
40.7147 -94.2350 1
City8191 40.7147 -94.2350 3.1
40.7150 -88.0061 1
City8192 40.7150 -88.0061 3.6
40.7164 -73.3222 1
City8193 40.7164 -73.3222 4.1
40.7167 -91.4500 1
City8194 40.7167 -91.4500 3.3
40.7172 -73.4842 1
City8195 40.7172 -73.4842 4.1
40.7181 -73.3547 1
City8196 40.7181 -73.3547 3.6
40.7186 -74.5697 1
City8197 40.7186 -74.5697 3.4
40.7189 -111.8875 1
City8198 40.7189 -111.8875 3.4
40.7192 -73.6889 1
City8199 40.7192 -73.6889 3.2
40.7194 -74.8361 1
City8200 40.7194 -74.8361 4.2
40.7194 -76.1161 1
City8201 40.7194 -76.1161 3.2
40.7194 -99.3717 1
City8202 40.7194 -99.3717 3.4
40.7206 -73.4406 1
City8203 40.7206 -73.4406 3.1
40.7208 -74.0178 1
City8204 40.7208 -74.0178 3.3
40.7214 -89.2728 1
City8205 40.7214 -89.2728 3.9
40.7219 -95.4806 1
City8206 40.7219 -95.4806 4.3
40.7236 -73.7053 1
City8207 40.7236 -73.7053 2.8
40.7242 -73.7156 1
City8208 40.7242 -73.7156 3.0
40.7244 -81.5222 1
City8209 40.7244 -81.5222 2.6
40.7250 -73.2458 1
City8210 40.7250 -73.2458 3.5
40.7256 -75.3944 1
City8211 40.7256 -75.3944 2.9
40.7258 -73.5147 1
City8212 40.7258 -73.5147 4.2
40.7264 -78.8069 1
City8213 40.7264 -78.8069 2.8
40.7267 -73.6347 1
City8214 40.7267 -73.6347 3.7
40.7278 -73.0981 1
City8215 40.7278 -73.0981 3.3
40.7281 -74.0781 1
City8216 40.7281 -74.0781 3.2
40.7294 -76.0858 1
City8217 40.7294 -76.0858 3.4
40.7297 -73.2108 1
City8218 40.7297 -73.2108 4.0
40.7297 -81.1056 1
City8219 40.7297 -81.1056 4.1
40.7303 -80.3103 1
City8220 40.7303 -80.3103 3.8
40.7303 -91.9622 1
City8221 40.7303 -91.9622 4.2
40.7311 -94.8994 1
City8222 40.7311 -94.8994 3.1
40.7311 -122.9408 1
City8223 40.7311 -122.9408 3.9
40.7317 -106.2831 1
City8224 40.7317 -106.2831 3.4
40.7319 -73.1861 1
City8225 40.7319 -73.1861 4.0
40.7322 -90.6644 1
City8226 40.7322 -90.6644 3.6
40.7336 -77.8858 1
City8227 40.7336 -77.8858 3.6
40.7336 -82.7900 1
City8228 40.7336 -82.7900 2.9
40.7350 -73.6883 1
City8229 40.7350 -73.6883 4.3
40.7356 -74.1728 1
City8230 40.7356 -74.1728 4.2
40.7358 -73.0825 1
City8231 40.7358 -73.0825 2.7
40.7361 -73.2631 1
City8232 40.7361 -73.2631 4.3
40.7372 -114.0367 1
City8233 40.7372 -114.0367 3.7
40.7383 -73.0511 1
City8234 40.7383 -73.0511 3.3
40.7386 -85.1717 1
City8235 40.7386 -85.1717 4.1
40.7386 -99.5372 1
City8236 40.7386 -99.5372 3.7
40.7392 -89.0164 1
City8237 40.7392 -89.0164 2.7
40.7394 -74.3044 1
City8238 40.7394 -74.3044 3.8
40.7394 -80.3294 1
City8239 40.7394 -80.3294 3.6
40.7397 -93.7475 1
City8240 40.7397 -93.7475 4.4
40.7403 -75.3100 1
City8241 40.7403 -75.3100 4.2
40.7408 -73.6631 1
City8242 40.7408 -73.6631 2.7
40.7408 -74.3842 1
City8243 40.7408 -74.3842 3.2
40.7408 -75.2575 1
City8244 40.7408 -75.2575 3.3
40.7414 -74.3600 1
City8245 40.7414 -74.3600 3.1
40.7417 -88.7197 1
City8246 40.7417 -88.7197 3.7
40.7419 -95.0381 1
City8247 40.7419 -95.0381 2.8
40.7431 -73.1931 1
City8248 40.7431 -73.1931 3.4
40.7433 -88.8814 1
City8249 40.7433 -88.8814 3.3
40.7439 -74.0328 1
City8250 40.7439 -74.0328 3.8
40.7442 -73.4825 1
City8251 40.7442 -73.4825 3.9
40.7453 -86.7647 1
City8252 40.7453 -86.7647 3.2
40.7464 -74.1567 1
City8253 40.7464 -74.1567 4.2
40.7469 -90.9039 1
City8254 40.7469 -90.9039 3.6
40.7472 -73.1703 1
City8255 40.7472 -73.1703 2.8
40.7472 -88.5147 1
City8256 40.7472 -88.5147 3.9
40.7472 -89.5739 1
City8257 40.7472 -89.5739 3.8
40.7478 -78.5347 1
City8258 40.7478 -78.5347 3.2
40.7483 -74.1622 1
City8259 40.7483 -74.1622 3.4
40.7483 -75.6122 1
City8260 40.7483 -75.6122 2.8
40.7483 -95.6472 1
City8261 40.7483 -95.6472 4.2
40.7483 -98.8444 1
City8262 40.7483 -98.8444 4.1
40.7486 -84.7911 1
City8263 40.7486 -84.7911 3.9
40.7492 -73.6411 1
City8264 40.7492 -73.6411 3.9
40.7494 -86.8717 1
City8265 40.7494 -86.8717 3.9
40.7503 -78.6711 1
City8266 40.7503 -78.6711 3.5
40.7517 -76.3364 1
City8267 40.7517 -76.3364 3.7
40.7517 -81.8394 1
City8268 40.7517 -81.8394 4.2
40.7517 -92.4147 1
City8269 40.7517 -92.4147 2.7
40.7519 -80.3194 1
City8270 40.7519 -80.3194 3.2
40.7519 -88.4111 1
City8271 40.7519 -88.4111 4.2
40.7525 -73.6108 1
City8272 40.7525 -73.6108 4.4
40.7536 -86.0689 1
City8273 40.7536 -86.0689 2.7
40.7536 -88.2919 1
City8274 40.7536 -88.2919 4.2
40.7539 -73.3608 1
City8275 40.7539 -73.3608 3.4
40.7539 -75.2625 1
City8276 40.7539 -75.2625 2.9
40.7539 -79.8103 1
City8277 40.7539 -79.8103 2.5
40.7542 -75.5992 1
City8278 40.7542 -75.5992 3.6
40.7544 -86.3567 1
City8279 40.7544 -86.3567 3.8
40.7553 -73.6672 1
City8280 40.7553 -73.6672 4.1
40.7564 -73.6453 1
City8281 40.7564 -73.6453 4.1
40.7567 -88.1911 1
City8282 40.7567 -88.1911 4.2
40.7569 -72.9397 1
City8283 40.7569 -72.9397 3.4
40.7569 -93.3186 1
City8284 40.7569 -93.3186 3.5
40.7581 -87.0417 1
City8285 40.7581 -87.0417 3.2
40.7583 -73.6353 1
City8286 40.7583 -73.6353 3.7
40.7583 -82.5156 1
City8287 40.7583 -82.5156 3.8
40.7589 -73.5700 1
City8288 40.7589 -73.5700 3.2
40.7594 -82.5903 1
City8289 40.7594 -82.5903 2.5
40.7597 -74.4175 1
City8290 40.7597 -74.4175 2.6
40.7608 -87.1508 1
City8291 40.7608 -87.1508 4.3
40.7608 -111.8903 1
City8292 40.7608 -111.8903 4.0
40.7617 -73.3297 1
City8293 40.7617 -73.3297 3.2
40.7625 -73.4536 1
City8294 40.7625 -73.4536 3.9
40.7631 -76.9397 1
City8295 40.7631 -76.9397 4.1
40.7633 -87.2936 1
City8296 40.7633 -87.2936 3.9
40.7656 -73.0156 1
City8297 40.7656 -73.0156 4.3
40.7656 -95.3719 1
City8298 40.7656 -95.3719 4.0
40.7664 -89.4678 1
City8299 40.7664 -89.4678 3.7
40.7667 -72.8525 1
City8300 40.7667 -72.8525 3.8
40.7667 -87.9922 1
City8301 40.7667 -87.9922 3.0
40.7669 -72.9967 1
City8302 40.7669 -72.9967 4.3
40.7672 -74.2053 1
City8303 40.7672 -74.2053 2.9
40.7683 -73.5256 1
City8304 40.7683 -73.5256 4.1
40.7683 -74.1458 1
City8305 40.7683 -74.1458 4.0
40.7692 -73.1156 1
City8306 40.7692 -73.1156 3.0
40.7692 -80.0631 1
City8307 40.7692 -80.0631 4.2
40.7692 -87.5639 1
City8308 40.7692 -87.5639 3.5
40.7694 -74.0208 1
City8309 40.7694 -74.0208 2.7
40.7694 -83.8228 1
City8310 40.7694 -83.8228 3.3
40.7700 -124.1417 1
City8311 40.7700 -124.1417 3.4
40.7703 -87.4453 1
City8312 40.7703 -87.4453 2.6
40.7706 -73.7181 1
City8313 40.7706 -73.7181 3.5
40.7706 -74.2331 1
City8314 40.7706 -74.2331 2.6
40.7714 -84.6156 1
City8315 40.7714 -84.6156 3.7
40.7719 -98.3692 1
City8316 40.7719 -98.3692 4.0
40.7733 -73.6436 1
City8317 40.7733 -73.6436 2.6
40.7739 -74.2739 1
City8318 40.7739 -74.2739 2.9
40.7742 -72.9433 1
City8319 40.7742 -72.9433 4.1
40.7744 -78.5536 1
City8320 40.7744 -78.5536 3.8
40.7744 -97.0503 1
City8321 40.7744 -97.0503 3.3
40.7756 -77.7928 1
City8322 40.7756 -77.7928 4.4
40.7758 -74.6011 1
City8323 40.7758 -74.6011 3.0
40.7761 -87.7364 1
City8324 40.7761 -87.7364 2.8
40.7764 -73.4678 1
City8325 40.7764 -73.4678 2.9
40.7775 -92.9436 1
City8326 40.7775 -92.9436 3.5
40.7778 -89.9664 1
City8327 40.7778 -89.9664 3.2
40.7786 -90.0147 1
City8328 40.7786 -90.0147 2.7
40.7794 -74.0242 1
City8329 40.7794 -74.0242 3.2
40.7797 -97.8119 1
City8330 40.7797 -97.8119 3.9
40.7800 -80.3386 1
City8331 40.7800 -80.3386 2.7
40.7808 -73.6769 1
City8332 40.7808 -73.6769 2.6
40.7808 -99.7411 1
City8333 40.7808 -99.7411 3.9
40.7811 -73.2467 1
City8334 40.7811 -73.2467 2.7
40.7811 -73.7250 1
City8335 40.7811 -73.7250 4.3
40.7811 -76.6733 1
City8336 40.7811 -76.6733 4.1
40.7839 -76.2306 1
City8337 40.7839 -76.2306 4.3
40.7842 -74.6972 1
City8338 40.7842 -74.6972 2.8
40.7858 -74.7806 1
City8339 40.7858 -74.7806 4.0
40.7861 -73.7142 1
City8340 40.7861 -73.7142 3.6
40.7867 -73.7269 1
City8341 40.7867 -73.7269 4.3
40.7869 -73.0094 1
City8342 40.7869 -73.0094 3.5
40.7869 -73.7372 1
City8343 40.7869 -73.7372 3.2
40.7872 -81.2828 1
City8344 40.7872 -81.2828 3.4
40.7875 -82.7367 1
City8345 40.7875 -82.7367 4.0
40.7878 -74.0147 1
City8346 40.7878 -74.0147 2.5
40.7878 -74.3886 1
City8347 40.7878 -74.3886 4.1
40.7883 -74.1336 1
City8348 40.7883 -74.1336 4.2
40.7886 -73.6000 1
City8349 40.7886 -73.6000 3.8
40.7886 -73.6478 1
City8350 40.7886 -73.6478 3.6
40.7886 -84.2039 1
City8351 40.7886 -84.2039 3.9
40.7889 -76.5592 1
City8352 40.7889 -76.5592 3.0
40.7892 -83.6433 1
City8353 40.7892 -83.6433 4.0
40.7894 -74.0569 1
City8354 40.7894 -74.0569 2.6
40.7906 -73.2022 1
City8355 40.7906 -73.2022 3.3
40.7906 -89.3606 1
City8356 40.7906 -89.3606 2.8
40.7914 -76.2839 1
City8357 40.7914 -76.2839 4.0
40.7919 -74.0042 1
City8358 40.7919 -74.0042 3.1
40.7933 -73.4156 1
City8359 40.7933 -73.4156 3.4
40.7933 -76.4728 1
City8360 40.7933 -76.4728 2.7
40.7933 -77.8603 1
City8361 40.7933 -77.8603 3.4
40.7936 -73.6275 1
City8362 40.7936 -73.6275 3.4
40.7936 -74.1506 1
City8363 40.7936 -74.1506 4.1
40.7942 -73.6608 1
City8364 40.7942 -73.6608 3.4
40.7942 -73.7489 1
City8365 40.7942 -73.7489 3.7
40.7944 -80.1369 1
City8366 40.7944 -80.1369 3.4
40.7953 -81.4736 1
City8367 40.7953 -81.4736 2.8
40.7958 -74.3153 1
City8368 40.7958 -74.3153 2.7
40.7961 -89.1972 1
City8369 40.7961 -89.1972 3.1
40.7972 -75.9697 1
City8370 40.7972 -75.9697 3.3
40.7978 -73.7000 1
City8371 40.7978 -73.7000 4.2
40.7978 -85.8206 1
City8372 40.7978 -85.8206 4.1
40.7981 -78.3975 1
City8373 40.7981 -78.3975 3.9
40.7986 -73.6803 1
City8374 40.7986 -73.6803 3.5
40.7986 -74.2394 1
City8375 40.7986 -74.2394 4.1
40.7989 -76.8625 1
City8376 40.7989 -76.8625 3.4
40.7989 -81.3786 1
City8377 40.7989 -81.3786 3.0
40.7989 -81.6956 1
City8378 40.7989 -81.6956 2.5
40.7994 -76.2128 1
City8379 40.7994 -76.2128 2.8
40.7994 -78.0544 1
City8380 40.7994 -78.0544 2.9
40.7997 -73.6514 1
City8381 40.7997 -73.6514 3.8
40.7997 -75.6622 1
City8382 40.7997 -75.6622 4.1
40.7997 -76.4281 1
City8383 40.7997 -76.4281 4.2
40.8000 -96.6667 1
City8384 40.8000 -96.6667 3.3
40.8003 -72.7903 1
City8385 40.8003 -72.7903 3.9
40.8006 -73.7289 1
City8386 40.8006 -73.7289 4.3
40.8014 -75.6106 1
City8387 40.8014 -75.6106 2.8
40.8017 -83.5106 1
City8388 40.8017 -83.5106 3.9
40.8019 -72.8414 1
City8389 40.8019 -72.8414 4.2
40.8022 -124.1625 1
City8390 40.8022 -124.1625 3.1
40.8025 -73.7047 1
City8391 40.8025 -73.7047 3.0
40.8031 -72.6150 1
City8392 40.8031 -72.6150 2.6
40.8031 -74.9900 1
City8393 40.8031 -74.9900 2.8
40.8042 -74.0125 1
City8394 40.8042 -74.0125 3.3
40.8042 -76.3408 1
City8395 40.8042 -76.3408 2.7
40.8042 -76.4653 1
City8396 40.8042 -76.4653 3.0
40.8042 -82.1958 1
City8397 40.8042 -82.1958 3.5
40.8044 -90.4017 1
City8398 40.8044 -90.4017 2.7
40.8050 -81.9353 1
City8399 40.8050 -81.9353 3.3
40.8053 -74.2042 1
City8400 40.8053 -74.2042 3.2
40.8067 -73.7039 1
City8401 40.8067 -73.7039 4.2
40.8067 -74.1858 1
City8402 40.8067 -74.1858 3.0
40.8072 -73.6817 1
City8403 40.8072 -73.6817 4.2
40.8075 -91.1128 1
City8404 40.8075 -91.1128 3.5
40.8083 -82.9756 1
City8405 40.8083 -82.9756 4.3
40.8103 -79.5297 1
City8406 40.8103 -79.5297 3.5
40.8106 -77.8186 1
City8407 40.8106 -77.8186 3.0
40.8119 -74.1247 1
City8408 40.8119 -74.1247 4.3
40.8122 -73.0789 1
City8409 40.8122 -73.0789 4.2
40.8125 -76.1419 1
City8410 40.8125 -76.1419 2.8
40.8153 -73.0456 1
City8411 40.8153 -73.0456 2.5
40.8161 -73.6978 1
City8412 40.8161 -73.6978 3.0
40.8164 -73.6375 1
City8413 40.8164 -73.6375 4.4
40.8164 -79.5222 1
City8414 40.8164 -79.5222 3.8
40.8167 -96.4300 1
City8415 40.8167 -96.4300 3.7
40.8175 -73.0006 1
City8416 40.8175 -73.0006 3.0
40.8178 -80.0144 1
City8417 40.8178 -80.0144 2.9
40.8192 -83.1306 1
City8418 40.8192 -83.1306 4.2
40.8197 -73.7356 1
City8419 40.8197 -73.7356 3.6
40.8203 -76.2011 1
City8420 40.8203 -76.2011 4.1
40.8203 -87.9778 1
City8421 40.8203 -87.9778 2.6
40.8206 -74.2942 1
City8422 40.8206 -74.2942 4.4
40.8206 -98.5997 1
City8423 40.8206 -98.5997 3.5
40.8214 -73.9881 1
City8424 40.8214 -73.9881 3.6
40.8217 -74.4814 1
City8425 40.8217 -74.4814 3.1
40.8222 -74.1603 1
City8426 40.8222 -74.1603 3.8
40.8231 -72.6100 1
City8427 40.8231 -72.6100 3.3
40.8236 -73.3992 1
City8428 40.8236 -73.3992 3.5
40.8236 -75.9806 1
City8429 40.8236 -75.9806 2.8
40.8239 -73.5481 1
City8430 40.8239 -73.5481 2.7
40.8244 -72.6667 1
City8431 40.8244 -72.6667 3.4
40.8244 -74.2850 1
City8432 40.8244 -74.2850 3.9
40.8250 -78.3514 1
City8433 40.8250 -78.3514 4.0
40.8250 -91.1564 1
City8434 40.8250 -91.1564 3.9
40.8256 -73.2031 1
City8435 40.8256 -73.2031 3.0
40.8256 -73.6986 1
City8436 40.8256 -73.6986 3.4
40.8258 -74.2094 1
City8437 40.8258 -74.2094 4.1
40.8261 -73.5025 1
City8438 40.8261 -73.5025 3.2
40.8264 -74.1072 1
City8439 40.8264 -74.1072 4.0
40.8269 -73.9761 1
City8440 40.8269 -73.9761 2.9
40.8272 -83.2814 1
City8441 40.8272 -83.2814 4.1
40.8275 -76.2072 1
City8442 40.8275 -76.2072 3.6
40.8292 -85.3356 1
City8443 40.8292 -85.3356 2.9
40.8297 -74.2406 1
City8444 40.8297 -74.2406 4.2
40.8297 -75.0781 1
City8445 40.8297 -75.0781 4.1
40.8311 -73.0300 1
City8446 40.8311 -73.0300 4.1
40.8317 -75.8828 1
City8447 40.8317 -75.8828 4.3
40.8317 -76.8361 1
City8448 40.8317 -76.8361 2.8
40.8325 -115.7622 1
City8449 40.8325 -115.7622 2.9
40.8336 -75.7142 1
City8450 40.8336 -75.7142 4.4
40.8336 -95.3081 1
City8451 40.8336 -95.3081 2.8
40.8339 -74.0975 1
City8452 40.8339 -74.0975 3.5
40.8339 -80.5406 1
City8453 40.8339 -80.5406 3.7
40.8342 -74.0092 1
City8454 40.8342 -74.0092 2.7
40.8342 -80.3225 1
City8455 40.8342 -80.3225 4.3
40.8347 -73.6958 1
City8456 40.8347 -73.6958 4.3
40.8350 -73.1317 1
City8457 40.8350 -73.1317 3.1
40.8356 -80.3997 1
City8458 40.8356 -80.3997 4.1
40.8375 -79.6322 1
City8459 40.8375 -79.6322 3.3
40.8381 -85.7303 1
City8460 40.8381 -85.7303 3.8
40.8386 -73.5656 1
City8461 40.8386 -73.5656 2.8
40.8389 -89.8864 1
City8462 40.8389 -89.8864 3.6
40.8397 -74.2769 1
City8463 40.8397 -74.2769 4.4
40.8403 -74.0911 1
City8464 40.8403 -74.0911 4.2
40.8406 -72.5819 1
City8465 40.8406 -72.5819 4.3
40.8408 -74.3022 1
City8466 40.8408 -74.3022 2.9
40.8411 -74.0456 1
City8467 40.8411 -74.0456 3.8
40.8417 -96.2933 1
City8468 40.8417 -96.2933 2.7
40.8419 -101.7247 1
City8469 40.8419 -101.7247 2.8
40.8428 -73.2933 1
City8470 40.8428 -73.2933 4.1
40.8431 -73.7153 1
City8471 40.8431 -73.7153 4.3
40.8436 -81.7642 1
City8472 40.8436 -81.7642 4.3
40.8447 -73.7022 1
City8473 40.8447 -73.7022 3.4
40.8450 -80.6147 1
City8474 40.8450 -80.6147 3.6
40.8453 -73.3356 1
City8475 40.8453 -73.3356 3.0
40.8456 -74.0883 1
City8476 40.8456 -74.0883 3.2
40.8475 -77.6864 1
City8477 40.8475 -77.6864 3.6
40.8481 -73.9981 1
City8478 40.8481 -73.9981 4.3
40.8481 -75.2919 1
City8479 40.8481 -75.2919 4.3
40.8483 -79.9622 1
City8480 40.8483 -79.9622 4.0
40.8486 -76.8200 1
City8481 40.8486 -76.8200 3.5
40.8486 -111.9061 1
City8482 40.8486 -111.9061 3.6
40.8489 -73.6453 1
City8483 40.8489 -73.6453 4.1
40.8500 -78.2708 1
City8484 40.8500 -78.2708 4.0
40.8508 -73.9706 1
City8485 40.8508 -73.9706 4.3
40.8517 -73.7192 1
City8486 40.8517 -73.7192 3.2
40.8519 -73.1544 1
City8487 40.8519 -73.1544 3.1
40.8528 -73.1156 1
City8488 40.8528 -73.1156 4.0
40.8528 -74.0425 1
City8489 40.8528 -74.0425 3.8
40.8531 -74.1142 1
City8490 40.8531 -74.1142 4.2
40.8533 -73.4119 1
City8491 40.8533 -73.4119 2.5
40.8539 -74.8294 1
City8492 40.8539 -74.8294 3.3
40.8542 -106.9653 1
City8493 40.8542 -106.9653 3.7
40.8556 -111.8922 1
City8494 40.8556 -111.8922 3.6
40.8558 -73.2011 1
City8495 40.8558 -73.2011 2.9
40.8561 -73.1878 1
City8496 40.8561 -73.1878 4.1
40.8567 -73.4700 1
City8497 40.8567 -73.4700 3.3
40.8567 -74.1289 1
City8498 40.8567 -74.1289 4.2
40.8569 -74.0219 1
City8499 40.8569 -74.0219 3.0
40.8581 -74.0811 1
City8500 40.8581 -74.0811 4.1
40.8583 -73.1000 1
City8501 40.8583 -73.1000 4.3
40.8583 -74.1642 1
City8502 40.8583 -74.1642 2.8
40.8589 -93.4972 1
City8503 40.8589 -93.4972 3.6
40.8597 -99.9869 1
City8504 40.8597 -99.9869 3.1
40.8611 -79.8956 1
City8505 40.8611 -79.8956 3.0
40.8614 -73.9886 1
City8506 40.8614 -73.9886 3.1
40.8617 -89.6786 1
City8507 40.8617 -89.6786 3.1
40.8622 -73.6342 1
City8508 40.8622 -73.6342 3.8
40.8625 -76.7947 1
City8509 40.8625 -76.7947 3.9
40.8625 -85.6017 1
City8510 40.8625 -85.6017 4.2
40.8639 -80.2592 1
City8511 40.8639 -80.2592 4.0
40.8644 -75.8114 1
City8512 40.8644 -75.8114 2.8
40.8644 -76.5528 1
City8513 40.8644 -76.5528 2.8
40.8644 -86.4997 1
City8514 40.8644 -86.4997 3.0
40.8644 -91.3144 1
City8515 40.8644 -91.3144 3.8
40.8656 -73.5325 1
City8516 40.8656 -73.5325 3.1
40.8656 -75.2069 1
City8517 40.8656 -75.2069 3.6
40.8658 -90.7483 1
City8518 40.8658 -90.7483 3.2
40.8661 -86.0775 1
City8519 40.8661 -86.0775 3.1
40.8664 -73.0361 1
City8520 40.8664 -73.0361 2.7
40.8664 -87.3636 1
City8521 40.8664 -87.3636 3.4
40.8667 -124.0817 1
City8522 40.8667 -124.0817 3.3
40.8672 -98.0039 1
City8523 40.8672 -98.0039 3.2
40.8678 -86.8789 1
City8524 40.8678 -86.8789 2.9
40.8681 -73.4261 1
City8525 40.8681 -73.4261 3.2
40.8681 -77.7469 1
City8526 40.8681 -77.7469 3.8
40.8681 -97.5917 1
City8527 40.8681 -97.5917 3.6
40.8686 -73.0019 1
City8528 40.8686 -73.0019 3.4
40.8686 -75.2553 1
City8529 40.8686 -75.2553 3.8
40.8686 -82.3183 1
City8530 40.8686 -82.3183 3.6
40.8689 -72.5181 1
City8531 40.8689 -72.5181 2.9
40.8689 -73.3656 1
City8532 40.8689 -73.3656 3.9
40.8689 -74.2086 1
City8533 40.8689 -74.2086 2.6
40.8694 -84.5842 1
City8534 40.8694 -84.5842 3.8
40.8700 -96.1403 1
City8535 40.8700 -96.1403 4.3
40.8708 -73.5114 1
City8536 40.8708 -73.5114 3.5
40.8711 -74.7344 1
City8537 40.8711 -74.7344 2.8
40.8711 -98.4678 1
City8538 40.8711 -98.4678 3.6
40.8714 -73.4572 1
City8539 40.8714 -73.4572 2.8
40.8717 -111.8914 1
City8540 40.8717 -111.8914 3.0
40.8728 -78.7244 1
City8541 40.8728 -78.7244 4.1
40.8758 -74.5428 1
City8542 40.8758 -74.5428 3.4
40.8758 -75.7328 1
City8543 40.8758 -75.7328 4.2
40.8758 -81.4025 1
City8544 40.8758 -81.4025 4.0
40.8761 -73.5769 1
City8545 40.8761 -73.5769 3.7
40.8761 -74.0303 1
City8546 40.8761 -74.0303 4.3
40.8767 -73.3250 1
City8547 40.8767 -73.3250 2.9
40.8772 -80.7556 1
City8548 40.8772 -80.7556 3.6
40.8778 -79.8467 1
City8549 40.8778 -79.8467 3.3
40.8778 -88.2692 1
City8550 40.8778 -88.2692 2.8
40.8781 -88.8611 1
City8551 40.8781 -88.8611 3.9
40.8789 -76.9872 1
City8552 40.8789 -76.9872 2.7
40.8794 -75.1842 1
City8553 40.8794 -75.1842 2.9
40.8803 -87.9550 1
City8554 40.8803 -87.9550 3.9
40.8806 -75.2150 1
City8555 40.8806 -75.2150 3.9
40.8806 -85.1664 1
City8556 40.8806 -85.1664 3.7
40.8814 -74.1136 1
City8557 40.8814 -74.1136 3.8
40.8814 -82.6619 1
City8558 40.8814 -82.6619 4.2
40.8817 -94.5617 1
City8559 40.8817 -94.5617 4.1
40.8822 -74.0836 1
City8560 40.8822 -74.0836 3.0
40.8825 -121.6597 1
City8561 40.8825 -121.6597 3.0
40.8831 -85.4975 1
City8562 40.8831 -85.4975 3.5
40.8831 -89.5025 1
City8563 40.8831 -89.5025 4.4
40.8831 -123.9828 1
City8564 40.8831 -123.9828 3.1
40.8839 -74.5625 1
City8565 40.8839 -74.5625 3.7
40.8842 -72.3900 1
City8566 40.8842 -72.3900 4.3
40.8842 -72.9378 1
City8567 40.8842 -72.9378 3.8
40.8853 -73.9528 1
City8568 40.8853 -73.9528 3.9
40.8858 -74.0439 1
City8569 40.8858 -74.0439 3.6
40.8858 -78.2211 1
City8570 40.8858 -78.2211 3.3
40.8861 -73.2578 1
City8571 40.8861 -73.2578 4.2
40.8869 -73.5556 1
City8572 40.8869 -73.5556 3.6
40.8881 -80.3383 1
City8573 40.8881 -80.3383 4.2
40.8883 -73.8286 1
City8574 40.8883 -73.8286 2.6
40.8883 -80.6942 1
City8575 40.8883 -80.6942 3.6
40.8894 -111.8800 1
City8576 40.8894 -111.8800 3.5
40.8897 -74.1953 1
City8577 40.8897 -74.1953 3.2
40.8897 -78.2286 1
City8578 40.8897 -78.2286 4.0
40.8897 -81.5978 1
City8579 40.8897 -81.5978 3.6
40.8908 -72.4642 1
City8580 40.8908 -72.4642 4.1
40.8908 -77.4769 1
City8581 40.8908 -77.4769 4.2
40.8908 -92.8150 1
City8582 40.8908 -92.8150 3.0
40.8917 -76.7978 1
City8583 40.8917 -76.7978 4.1
40.8928 -73.9731 1
City8584 40.8928 -73.9731 3.3
40.8931 -74.5822 1
City8585 40.8931 -74.5822 2.8
40.8939 -111.9011 1
City8586 40.8939 -111.9011 3.6
40.8947 -74.4333 1
City8587 40.8947 -74.4333 4.0
40.8953 -73.6014 1
City8588 40.8953 -73.6014 2.6
40.8953 -73.8075 1
City8589 40.8953 -73.8075 4.3
40.8953 -83.8889 1
City8590 40.8953 -83.8889 3.9
40.8975 -74.0164 1
City8591 40.8975 -74.0164 2.7
40.8983 -95.6711 1
City8592 40.8983 -95.6711 3.9
40.8989 -74.0931 1
City8593 40.8989 -74.0931 3.6
40.8989 -74.7069 1
City8594 40.8989 -74.7069 3.9
40.8994 -97.3992 1
City8595 40.8994 -97.3992 4.1
40.8997 -73.4153 1
City8596 40.8997 -73.4153 4.0
40.9003 -80.7642 1
City8597 40.9003 -80.7642 2.6
40.9008 -73.3436 1
City8598 40.9008 -73.3436 2.5
40.9011 -74.5147 1
City8599 40.9011 -74.5147 3.2
40.9022 -81.7342 1
City8600 40.9022 -81.7342 3.9
40.9025 -74.0622 1
City8601 40.9025 -74.0622 4.4
40.9025 -74.4075 1
City8602 40.9025 -74.4075 2.7
40.9028 -74.7094 1
City8603 40.9028 -74.7094 3.9
40.9033 -73.1583 1
City8604 40.9033 -73.1583 3.5
40.9033 -73.4603 1
City8605 40.9033 -73.4603 2.7
40.9039 -74.1189 1
City8606 40.9039 -74.1189 3.6
40.9044 -89.0344 1
City8607 40.9044 -89.0344 2.6
40.9050 -74.2103 1
City8608 40.9050 -74.2103 3.2
40.9064 -84.2967 1
City8609 40.9064 -84.2967 3.0
40.9069 -97.0986 1
City8610 40.9069 -97.0986 3.8
40.9072 -74.0756 1
City8611 40.9072 -74.0756 4.0
40.9083 -90.2847 1
City8612 40.9083 -90.2847 3.7
40.9097 -73.8083 1
City8613 40.9097 -73.8083 3.6
40.9100 -75.9917 1
City8614 40.9100 -75.9917 4.2
40.9106 -73.5625 1
City8615 40.9106 -73.5625 3.6
40.9114 -73.7828 1
City8616 40.9114 -73.7828 4.3
40.9114 -90.6472 1
City8617 40.9114 -90.6472 3.8
40.9117 -85.9244 1
City8618 40.9117 -85.9244 4.4
40.9117 -87.1553 1
City8619 40.9117 -87.1553 3.6
40.9125 -73.3014 1
City8620 40.9125 -73.3014 3.7
40.9133 -75.9669 1
City8621 40.9133 -75.9669 3.4
40.9133 -77.7786 1
City8622 40.9133 -77.7786 3.9
40.9153 -81.1061 1
City8623 40.9153 -81.1061 3.2
40.9167 -74.1722 1
City8624 40.9167 -74.1722 2.8
40.9167 -84.7028 1
City8625 40.9167 -84.7028 4.0
40.9169 -72.6625 1
City8626 40.9169 -72.6625 4.0
40.9175 -77.0481 1
City8627 40.9175 -77.0481 2.9
40.9175 -96.5281 1
City8628 40.9175 -96.5281 4.2
40.9178 -111.3986 1
City8629 40.9178 -111.3986 4.0
40.9181 -111.8714 1
City8630 40.9181 -111.8714 3.3
40.9186 -92.2228 1
City8631 40.9186 -92.2228 4.2
40.9192 -89.2911 1
City8632 40.9192 -89.2911 3.8
40.9194 -84.0569 1
City8633 40.9194 -84.0569 4.3
40.9222 -89.4861 1
City8634 40.9222 -89.4861 2.5
40.9225 -90.0144 1
City8635 40.9225 -90.0144 4.1
40.9228 -81.0192 1
City8636 40.9228 -81.0192 3.9
40.9231 -75.0969 1
City8637 40.9231 -75.0969 3.1
40.9231 -80.9939 1
City8638 40.9231 -80.9939 2.6
40.9250 -98.3417 1
City8639 40.9250 -98.3417 3.3
40.9253 -73.0478 1
City8640 40.9253 -73.0478 2.6
40.9253 -73.9633 1
City8641 40.9253 -73.9633 3.6
40.9253 -74.2769 1
City8642 40.9253 -74.2769 4.3
40.9256 -73.1414 1
City8643 40.9256 -73.1414 4.2
40.9258 -74.6353 1
City8644 40.9258 -74.6353 3.2
40.9269 -91.3994 1
City8645 40.9269 -91.3994 4.0
40.9275 -73.9978 1
City8646 40.9275 -73.9978 4.2
40.9278 -73.3603 1
City8647 40.9278 -73.3603 2.6
40.9278 -73.7522 1
City8648 40.9278 -73.7522 4.1
40.9281 -75.9150 1
City8649 40.9281 -75.9150 3.9
40.9286 -74.0403 1
City8650 40.9286 -74.0403 3.1
40.9294 -100.1603 1
City8651 40.9294 -100.1603 4.3
40.9297 -89.7575 1
City8652 40.9297 -89.7575 3.2
40.9297 -94.9758 1
City8653 40.9297 -94.9758 4.2
40.9311 -73.8992 1
City8654 40.9311 -73.8992 3.1
40.9319 -90.9469 1
City8655 40.9319 -90.9469 4.0
40.9322 -84.3389 1
City8656 40.9322 -84.3389 2.9
40.9328 -72.4147 1
City8657 40.9328 -72.4147 3.7
40.9328 -74.6597 1
City8658 40.9328 -74.6597 3.9
40.9328 -80.3636 1
City8659 40.9328 -80.3636 3.8
40.9350 -74.0194 1
City8660 40.9350 -74.0194 4.0
40.9353 -87.9344 1
City8661 40.9353 -87.9344 4.4
40.9356 -74.1867 1
City8662 40.9356 -74.1867 3.9
40.9367 -87.1508 1
City8663 40.9367 -87.1508 4.3
40.9378 -72.3014 1
City8664 40.9378 -72.3014 4.3
40.9381 -73.8325 1
City8665 40.9381 -73.8325 4.4
40.9403 -74.1322 1
City8666 40.9403 -74.1322 3.3
40.9406 -73.9972 1
City8667 40.9406 -73.9972 3.7
40.9414 -73.9597 1
City8668 40.9414 -73.9597 3.0
40.9417 -77.7853 1
City8669 40.9417 -77.7853 2.5
40.9436 -78.9711 1
City8670 40.9436 -78.9711 3.3
40.9444 -74.0758 1
City8671 40.9444 -74.0758 3.8
40.9461 -87.4533 1
City8672 40.9461 -87.4533 3.2
40.9464 -73.0697 1
City8673 40.9464 -73.0697 3.0
40.9467 -124.0994 1
City8674 40.9467 -124.0994 2.8
40.9469 -73.0300 1
City8675 40.9469 -73.0300 2.5
40.9478 -90.3100 1
City8676 40.9478 -90.3100 3.3
40.9478 -90.3711 1
City8677 40.9478 -90.3711 4.2
40.9481 -79.7431 1
City8678 40.9481 -79.7431 2.8
40.9481 -83.9611 1
City8679 40.9481 -83.9611 2.7
40.9486 -73.7331 1
City8680 40.9486 -73.7331 4.3
40.9492 -74.1542 1
City8681 40.9492 -74.1542 3.3
40.9494 -72.5819 1
City8682 40.9494 -72.5819 3.4
40.9508 -73.0844 1
City8683 40.9508 -73.0844 4.2
40.9519 -76.4600 1
City8684 40.9519 -76.4600 3.6
40.9525 -83.3825 1
City8685 40.9525 -83.3825 3.5
40.9550 -74.1864 1
City8686 40.9550 -74.1864 4.0
40.9558 -73.9317 1
City8687 40.9558 -73.9317 3.8
40.9561 -72.9683 1
City8688 40.9561 -72.9683 4.1
40.9567 -74.4983 1
City8689 40.9567 -74.4983 3.3
40.9572 -72.9081 1
City8690 40.9572 -72.9081 3.0
40.9572 -73.9639 1
City8691 40.9572 -73.9639 3.6
40.9583 -75.9750 1
City8692 40.9583 -75.9750 3.2
40.9586 -74.0372 1
City8693 40.9586 -74.0372 3.6
40.9586 -75.9964 1
City8694 40.9586 -75.9964 3.8
40.9589 -76.8994 1
City8695 40.9589 -76.8994 3.3
40.9597 -72.9967 1
City8696 40.9597 -72.9967 2.9
40.9597 -73.0683 1
City8697 40.9597 -73.0683 3.5
40.9597 -73.1300 1
City8698 40.9597 -73.1300 3.5
40.9608 -73.9906 1
City8699 40.9608 -73.9906 4.1
40.9622 -82.8544 1
City8700 40.9622 -82.8544 3.6
40.9625 -85.3733 1
City8701 40.9625 -85.3733 2.7
40.9628 -74.1333 1
City8702 40.9628 -74.1333 3.3
40.9628 -96.4408 1
City8703 40.9628 -96.4408 2.9
40.9633 -71.1833 1
City8704 40.9633 -71.1833 3.1
40.9633 -76.6131 1
City8705 40.9633 -76.6131 2.8
40.9636 -81.3314 1
City8706 40.9636 -81.3314 2.7
40.9636 -91.5578 1
City8707 40.9636 -91.5578 2.6
40.9644 -76.8847 1
City8708 40.9644 -76.8847 3.6
40.9689 -73.7131 1
City8709 40.9689 -73.7131 3.9
40.9700 -81.6967 1
City8710 40.9700 -81.6967 3.5
40.9714 -82.1100 1
City8711 40.9714 -82.1100 4.3
40.9731 -73.9619 1
City8712 40.9731 -73.9619 2.9
40.9731 -117.7347 1
City8713 40.9731 -117.7347 2.9
40.9736 -72.1442 1
City8714 40.9736 -72.1442 4.1
40.9747 -84.8683 1
City8715 40.9747 -84.8683 3.9
40.9756 -78.5253 1
City8716 40.9756 -78.5253 3.2
40.9761 -74.0267 1
City8717 40.9761 -74.0267 2.8
40.9778 -80.3453 1
City8718 40.9778 -80.3453 2.9
40.9781 -81.7822 1
City8719 40.9781 -81.7822 3.8
40.9792 -74.1169 1
City8720 40.9792 -74.1169 2.6
40.9806 -73.6842 1
City8721 40.9806 -73.6842 4.2
40.9806 -111.8867 1
City8722 40.9806 -111.8867 4.1
40.9817 -95.1039 1
City8723 40.9817 -95.1039 4.2
40.9819 -93.1983 1
City8724 40.9819 -93.1983 3.8
40.9828 -84.1994 1
City8725 40.9828 -84.1994 3.0
40.9836 -73.9803 1
City8726 40.9836 -73.9803 2.8
40.9853 -86.8794 1
City8727 40.9853 -86.8794 3.7
40.9858 -74.7425 1
City8728 40.9858 -74.7425 2.8
40.9858 -79.6133 1
City8729 40.9858 -79.6133 2.7
40.9867 -75.1950 1
City8730 40.9867 -75.1950 3.4
40.9869 -81.8939 1
City8731 40.9869 -81.8939 3.7
40.9883 -102.2639 1
City8732 40.9883 -102.2639 3.7
40.9892 -74.1411 1
City8733 40.9892 -74.1411 3.3
40.9900 -75.2167 1
City8734 40.9900 -75.2167 3.6
40.9900 -88.7292 1
City8735 40.9900 -88.7292 4.1
40.9900 -94.7406 1
City8736 40.9900 -94.7406 4.2
40.9911 -72.5347 1
City8737 40.9911 -72.5347 4.2
40.9911 -74.0331 1
City8738 40.9911 -74.0331 4.0
40.9919 -76.0569 1
City8739 40.9919 -76.0569 4.0
40.9939 -74.3039 1
City8740 40.9939 -74.3039 3.1
40.9942 -92.1672 1
City8741 40.9942 -92.1672 3.8
40.9953 -74.0125 1
City8742 40.9953 -74.0125 3.0
40.9956 -72.3417 1
City8743 40.9956 -72.3417 3.4
40.9964 -74.1017 1
City8744 40.9964 -74.1017 3.5
40.9978 -72.2931 1
City8745 40.9978 -72.2931 3.0
40.9978 -96.1619 1
City8746 40.9978 -96.1619 3.6
40.9981 -73.9622 1
City8747 40.9981 -73.9622 3.9
40.9994 -75.1817 1
City8748 40.9994 -75.1817 3.0
41.0006 -85.7686 1
City8749 41.0006 -85.7686 3.3
41.0011 -98.6072 1
City8750 41.0011 -98.6072 2.5
41.0017 -73.6661 1
City8751 41.0017 -73.6661 4.3
41.0017 -74.3675 1
City8752 41.0017 -74.3675 3.3
41.0017 -79.3317 1
City8753 41.0017 -79.3317 3.8
41.0025 -78.4636 1
City8754 41.0025 -78.4636 3.1
41.0028 -73.8792 1
City8755 41.0028 -73.8792 4.0
41.0028 -95.5850 1
City8756 41.0028 -95.5850 4.1
41.0031 -87.9081 1
City8757 41.0031 -87.9081 3.5
41.0036 -74.3419 1
City8758 41.0036 -74.3419 3.1
41.0036 -88.5253 1
City8759 41.0036 -88.5253 4.0
41.0042 -92.3736 1
City8760 41.0042 -92.3736 3.8
41.0050 -73.7850 1
City8761 41.0050 -73.7850 3.2
41.0053 -74.2911 1
City8762 41.0053 -74.2911 2.6
41.0061 -76.4103 1
City8763 41.0061 -76.4103 3.1
41.0064 -73.9494 1
City8764 41.0064 -73.9494 3.1
41.0081 -91.1639 1
City8765 41.0081 -91.1639 3.5
41.0086 -91.9625 1
City8766 41.0086 -91.9625 3.4
41.0094 -74.1733 1
City8767 41.0094 -74.1733 2.6
41.0097 -95.2253 1
City8768 41.0097 -95.2253 2.5
41.0100 -81.8625 1
City8769 41.0100 -81.8625 2.6
41.0106 -73.8442 1
City8770 41.0106 -73.8442 3.0
41.0106 -73.9917 1
City8771 41.0106 -73.9917 4.4
41.0106 -74.1183 1
City8772 41.0106 -74.1183 3.5
41.0114 -95.8819 1
City8773 41.0114 -95.8819 2.6
41.0128 -72.3133 1
City8774 41.0128 -72.3133 2.7
41.0128 -81.6053 1
City8775 41.0128 -81.6053 3.8
41.0139 -93.3064 1
City8776 41.0139 -93.3064 3.2
41.0144 -73.8731 1
City8777 41.0144 -73.8731 3.3
41.0144 -76.3814 1
City8778 41.0144 -76.3814 3.2
41.0161 -72.1597 1
City8779 41.0161 -72.1597 2.6
41.0167 -74.2061 1
City8780 41.0167 -74.2061 4.1
41.0167 -75.8975 1
City8781 41.0167 -75.8975 3.4
41.0167 -111.4975 1
City8782 41.0167 -111.4975 2.7
41.0172 -95.4019 1
City8783 41.0172 -95.4019 2.7
41.0186 -86.4133 1
City8784 41.0186 -86.4133 3.7
41.0186 -95.7989 1
City8785 41.0186 -95.7989 3.5
41.0189 -73.7986 1
City8786 41.0189 -73.7986 3.8
41.0192 -84.0472 1
City8787 41.0192 -84.0472 4.2
41.0208 -81.4361 1
City8788 41.0208 -81.4361 2.7
41.0219 -73.9478 1
City8789 41.0219 -73.9478 3.3
41.0233 -74.0669 1
City8790 41.0233 -74.0669 3.5
41.0242 -80.6150 1
City8791 41.0242 -80.6150 2.8
41.0242 -80.6631 1
City8792 41.0242 -80.6631 3.7
41.0247 -89.4111 1
City8793 41.0247 -89.4111 3.6
41.0250 -80.7611 1
City8794 41.0250 -80.7611 2.6
41.0253 -90.2797 1
City8795 41.0253 -90.2797 3.4
41.0256 -81.7300 1
City8796 41.0256 -81.7300 2.7
41.0261 -98.9122 1
City8797 41.0261 -98.9122 3.9
41.0264 -81.9333 1
City8798 41.0264 -81.9333 4.4
41.0267 -92.8056 1
City8799 41.0267 -92.8056 2.6
41.0275 -94.1978 1
City8800 41.0275 -94.1978 3.3
41.0286 -89.4383 1
City8801 41.0286 -89.4383 4.3
41.0289 -84.0792 1
City8802 41.0289 -84.0792 3.5
41.0300 -82.5158 1
City8803 41.0300 -82.5158 2.9
41.0308 -77.9497 1
City8804 41.0308 -77.9497 3.2
41.0317 -74.1025 1
City8805 41.0317 -74.1025 2.5
41.0322 -111.9014 1
City8806 41.0322 -111.9014 2.6
41.0333 -82.0122 1
City8807 41.0333 -82.0122 3.5
41.0339 -73.7633 1
City8808 41.0339 -73.7633 3.7
41.0339 -93.7653 1
City8809 41.0339 -93.7653 3.0
41.0353 -80.5367 1
City8810 41.0353 -80.5367 3.1
41.0353 -111.9378 1
City8811 41.0353 -111.9378 4.2
41.0358 -71.9550 1
City8812 41.0358 -71.9550 3.2
41.0375 -74.0411 1
City8813 41.0375 -74.0411 4.2
41.0381 -74.2944 1
City8814 41.0381 -74.2944 4.0
41.0383 -86.0281 1
City8815 41.0383 -86.0281 4.1
41.0389 -73.8656 1
City8816 41.0389 -73.8656 4.1
41.0392 -96.3681 1
City8817 41.0392 -96.3681 3.0
41.0414 -74.1294 1
City8818 41.0414 -74.1294 3.8
41.0414 -79.5033 1
City8819 41.0414 -79.5033 4.1
41.0417 -93.9492 1
City8820 41.0417 -93.9492 3.0
41.0419 -73.9186 1
City8821 41.0419 -73.9186 2.7
41.0442 -83.6500 1
City8822 41.0442 -83.6500 2.7
41.0458 -76.2825 1
City8823 41.0458 -76.2825 4.0
41.0464 -81.3981 1
City8824 41.0464 -81.3981 4.1
41.0467 -74.0233 1
City8825 41.0467 -74.0233 2.7
41.0469 -95.7422 1
City8826 41.0469 -95.7422 4.2
41.0478 -72.4636 1
City8827 41.0478 -72.4636 2.9
41.0492 -88.0978 1
City8828 41.0492 -88.0978 3.1
41.0503 -78.8225 1
City8829 41.0503 -78.8225 2.6
41.0514 -86.6031 1
City8830 41.0514 -86.6031 2.7
41.0519 -76.2211 1
City8831 41.0519 -76.2211 3.7
41.0519 -83.0150 1
City8832 41.0519 -83.0150 3.2
41.0525 -80.6081 1
City8833 41.0525 -80.6081 4.2
41.0525 -89.0503 1
City8834 41.0525 -89.0503 2.6
41.0531 -82.7264 1
City8835 41.0531 -82.7264 4.3
41.0533 -73.5392 1
City8836 41.0533 -73.5392 3.4
41.0544 -76.2336 1
City8837 41.0544 -76.2336 2.6
41.0547 -79.7269 1
City8838 41.0547 -79.7269 3.3
41.0550 -73.8206 1
City8839 41.0550 -73.8206 4.2
41.0572 -74.1414 1
City8840 41.0572 -74.1414 3.8
41.0572 -96.6444 1
City8841 41.0572 -96.6444 2.9
41.0581 -74.7531 1
City8842 41.0581 -74.7531 4.3
41.0583 -74.0989 1
City8843 41.0583 -74.0989 4.4
41.0586 -94.3611 1
City8844 41.0586 -94.3611 2.9
41.0589 -74.0222 1
City8845 41.0589 -74.0222 2.6
41.0603 -111.9703 1
City8846 41.0603 -111.9703 4.3
41.0606 -75.7744 1
City8847 41.0606 -75.7744 2.5
41.0614 -102.0739 1
City8848 41.0614 -102.0739 4.0
41.0617 -89.7731 1
City8849 41.0617 -89.7731 4.3
41.0619 -76.2228 1
City8850 41.0619 -76.2228 3.0
41.0633 -90.5558 1
City8851 41.0633 -90.5558 2.6
41.0639 -80.0567 1
City8852 41.0639 -80.0567 2.6
41.0647 -72.4267 1
City8853 41.0647 -72.4267 3.8
41.0647 -82.8878 1
City8854 41.0647 -82.8878 3.4
41.0647 -86.2158 1
City8855 41.0647 -86.2158 2.7
41.0681 -72.3392 1
City8856 41.0681 -72.3392 4.3
41.0706 -85.0144 1
City8857 41.0706 -85.0144 4.1
41.0722 -85.8917 1
City8858 41.0722 -85.8917 3.3
41.0722 -90.2253 1
City8859 41.0722 -90.2253 3.2
41.0758 -77.5889 1
City8860 41.0758 -77.5889 3.3
41.0767 -81.8964 1
City8861 41.0767 -81.8964 3.4
41.0775 -84.7272 1
City8862 41.0775 -84.7272 3.5
41.0781 -76.4147 1
City8863 41.0781 -76.4147 3.6
41.0783 -80.5994 1
City8864 41.0783 -80.5994 4.3
41.0786 -73.4697 1
City8865 41.0786 -73.4697 2.6
41.0797 -87.8114 1
City8866 41.0797 -87.8114 3.0
41.0806 -86.8919 1
City8867 41.0806 -86.8919 3.4
41.0811 -111.9192 1
City8868 41.0811 -111.9192 2.9
41.0814 -81.5192 1
City8869 41.0814 -81.5192 4.1
41.0817 -74.5928 1
City8870 41.0817 -74.5928 3.9
41.0819 -96.1342 1
City8871 41.0819 -96.1342 3.8
41.0831 -73.9206 1
City8872 41.0831 -73.9206 3.2
41.0844 -76.8642 1
City8873 41.0844 -76.8642 4.4
41.0847 -85.6281 1
City8874 41.0847 -85.6281 3.0
41.0856 -73.8589 1
City8875 41.0856 -73.8589 3.7
41.0886 -74.0139 1
City8876 41.0886 -74.0139 4.0
41.0892 -90.6381 1
City8877 41.0892 -90.6381 2.5
41.0894 -112.0639 1
City8878 41.0894 -112.0639 3.9
41.0906 -73.9183 1
City8879 41.0906 -73.9183 3.3
41.0928 -102.4703 1
City8880 41.0928 -102.4703 2.8
41.0936 -89.8647 1
City8881 41.0936 -89.8647 3.4
41.0944 -88.4250 1
City8882 41.0944 -88.4250 3.7
41.0958 -79.6828 1
City8883 41.0958 -79.6828 2.9
41.0961 -91.2575 1
City8884 41.0961 -91.2575 3.0
41.0964 -73.9733 1
City8885 41.0964 -73.9733 2.8
41.0969 -78.8889 1
City8886 41.0969 -78.8889 3.0
41.0972 -104.8144 1
City8887 41.0972 -104.8144 3.4
41.0983 -83.9847 1
City8888 41.0983 -83.9847 3.7
41.0994 -90.9425 1
City8889 41.0994 -90.9425 4.4
41.0997 -80.6497 1
City8890 41.0997 -80.6497 3.9
41.1000 -81.3467 1
City8891 41.1000 -81.3467 4.1
41.1003 -82.1233 1
City8892 41.1003 -82.1233 4.1
41.1003 -84.2664 1
City8893 41.1003 -84.2664 3.0
41.1014 -81.4419 1
City8894 41.1014 -81.4419 2.9
41.1017 -80.7647 1
City8895 41.1017 -80.7647 3.9
41.1019 -76.7714 1
City8896 41.1019 -76.7714 2.6
41.1033 -72.3597 1
City8897 41.1033 -72.3597 3.1
41.1039 -82.6119 1
City8898 41.1039 -82.6119 3.4
41.1069 -73.9206 1
City8899 41.1069 -73.9206 3.6
41.1072 -73.7964 1
City8900 41.1072 -73.7964 2.8
41.1072 -77.4847 1
City8901 41.1072 -77.4847 3.2
41.1075 -83.7928 1
City8902 41.1075 -83.7928 3.5
41.1078 -78.7714 1
City8903 41.1078 -78.7714 2.7
41.1083 -83.5169 1
City8904 41.1083 -83.5169 2.8
41.1108 -112.0253 1
City8905 41.1108 -112.0253 3.8
41.1111 -74.0689 1
City8906 41.1111 -74.0689 3.9
41.1114 -89.3564 1
City8907 41.1114 -89.3564 4.0
41.1117 -114.9636 1
City8908 41.1117 -114.9636 3.9
41.1133 -74.2458 1
City8909 41.1133 -74.2458 4.3
41.1142 -97.5986 1
City8910 41.1142 -97.5986 3.5
41.1144 -83.1781 1
City8911 41.1144 -83.1781 4.3
41.1147 -74.1500 1
City8912 41.1147 -74.1500 3.5
41.1147 -90.1644 1
City8913 41.1147 -90.1644 4.2
41.1158 -98.0014 1
City8914 41.1158 -98.0014 4.0
41.1161 -79.1869 1
City8915 41.1161 -79.1869 2.7
41.1169 -80.9836 1
City8916 41.1169 -80.9836 4.0
41.1175 -73.4083 1
City8917 41.1175 -73.4083 3.2
41.1181 -73.9558 1
City8918 41.1181 -73.9558 3.7
41.1183 -112.0833 1
City8919 41.1183 -112.0833 2.6
41.1192 -78.7603 1
City8920 41.1192 -78.7603 3.3
41.1200 -87.8611 1
City8921 41.1200 -87.8611 2.6
41.1203 -76.5303 1
City8922 41.1203 -76.5303 3.2
41.1208 -88.8353 1
City8923 41.1208 -88.8353 3.2
41.1219 -75.3650 1
City8924 41.1219 -75.3650 2.6
41.1219 -83.0158 1
City8925 41.1219 -83.0158 3.6
41.1222 -80.3331 1
City8926 41.1222 -80.3331 3.9
41.1231 -91.4411 1
City8927 41.1231 -91.4411 3.7
41.1233 -73.7794 1
City8928 41.1233 -73.7794 3.5
41.1239 -74.1697 1
City8929 41.1239 -74.1697 4.2
41.1239 -100.7650 1
City8930 41.1239 -100.7650 4.0
41.1242 -101.3558 1
City8931 41.1242 -101.3558 3.3
41.1247 -77.4300 1
City8932 41.1247 -77.4300 3.8
41.1253 -84.8533 1
City8933 41.1253 -84.8533 3.6
41.1264 -73.7144 1
City8934 41.1264 -73.7144 3.1
41.1264 -77.4719 1
City8935 41.1264 -77.4719 4.2
41.1281 -101.7192 1
City8936 41.1281 -101.7192 2.9
41.1306 -85.1289 1
City8937 41.1306 -85.1289 3.3
41.1325 -111.9294 1
City8938 41.1325 -111.9294 4.2
41.1333 -104.8167 1
City8939 41.1333 -104.8167 3.5
41.1339 -81.4847 1
City8940 41.1339 -81.4847 4.1
41.1358 -92.9039 1
City8941 41.1358 -92.9039 3.4
41.1364 -74.0828 1
City8942 41.1364 -74.0828 3.9
41.1364 -112.0303 1
City8943 41.1364 -112.0303 4.3
41.1367 -80.0094 1
City8944 41.1367 -80.0094 3.4
41.1367 -95.8906 1
City8945 41.1367 -95.8906 2.9
41.1369 -77.4472 1
City8946 41.1369 -77.4472 2.6
41.1381 -84.5806 1
City8947 41.1381 -84.5806 2.8
41.1383 -81.8639 1
City8948 41.1383 -81.8639 3.9
41.1408 -96.2394 1
City8949 41.1408 -96.2394 3.0
41.1414 -73.3583 1
City8950 41.1414 -73.3583 4.0
41.1417 -87.8750 1
City8951 41.1417 -87.8750 4.3
41.1419 -87.8611 1
City8952 41.1419 -87.8611 3.7
41.1428 -89.0600 1
City8953 41.1428 -89.0600 3.8
41.1428 -102.9775 1
City8954 41.1428 -102.9775 2.9
41.1444 -81.4400 1
City8955 41.1444 -81.4400 2.5
41.1450 -78.8047 1
City8956 41.1450 -78.8047 3.1
41.1456 -73.8242 1
City8957 41.1456 -73.8242 2.8
41.1458 -77.4217 1
City8958 41.1458 -77.4217 2.8
41.1464 -74.7528 1
City8959 41.1464 -74.7528 3.6
41.1472 -91.6606 1
City8960 41.1472 -91.6606 4.2
41.1475 -73.9897 1
City8961 41.1475 -73.9897 3.8
41.1506 -73.9458 1
City8962 41.1506 -73.9458 4.4
41.1531 -76.1506 1
City8963 41.1531 -76.1506 3.5
41.1533 -74.5767 1
City8964 41.1533 -74.5767 4.1
41.1536 -81.3581 1
City8965 41.1536 -81.3581 2.6
41.1539 -80.7017 1
City8966 41.1539 -80.7017 3.0
41.1544 -74.1933 1
City8967 41.1544 -74.1933 3.3
41.1544 -96.0419 1
City8968 41.1544 -96.0419 3.4
41.1550 -75.9786 1
City8969 41.1550 -75.9786 3.5
41.1564 -80.5694 1
City8970 41.1564 -80.5694 2.5
41.1569 -83.4169 1
City8971 41.1569 -83.4169 3.9
41.1569 -101.1258 1
City8972 41.1569 -101.1258 3.7
41.1572 -85.4883 1
City8973 41.1572 -85.4883 2.8
41.1575 -81.2422 1
City8974 41.1575 -81.2422 2.9
41.1578 -80.0889 1
City8975 41.1578 -80.0889 4.2
41.1586 -101.0022 1
City8976 41.1586 -101.0022 3.4
41.1589 -81.4544 1
City8977 41.1589 -81.4544 3.7
41.1594 -81.4406 1
City8978 41.1594 -81.4406 4.2
41.1606 -92.6311 1
City8979 41.1606 -92.6311 4.0
41.1611 -79.0833 1
City8980 41.1611 -79.0833 3.7
41.1617 -112.0256 1
City8981 41.1617 -112.0256 2.6
41.1628 -73.8619 1
City8982 41.1628 -73.8619 3.4
41.1656 -80.8578 1
City8983 41.1656 -80.8578 3.9
41.1667 -87.6628 1
City8984 41.1667 -87.6628 3.1
41.1669 -73.2053 1
City8985 41.1669 -73.2053 2.9
41.1669 -74.0436 1
City8986 41.1669 -74.0436 2.6
41.1675 -90.0425 1
City8987 41.1675 -90.0425 3.9
41.1689 -82.2181 1
City8988 41.1689 -82.2181 3.8
41.1703 -90.9967 1
City8989 41.1703 -90.9967 4.3
41.1725 -83.5564 1
City8990 41.1725 -83.5564 3.8
41.1725 -92.3086 1
City8991 41.1725 -92.3086 3.1
41.1728 -88.2767 1
City8992 41.1728 -88.2767 3.5
41.1728 -111.9758 1
City8993 41.1728 -111.9758 2.5
41.1733 -86.0347 1
City8994 41.1733 -86.0347 3.6
41.1742 -80.4536 1
City8995 41.1742 -80.4536 3.5
41.1747 -91.8194 1
City8996 41.1747 -91.8194 3.9
41.1750 -76.0750 1
City8997 41.1750 -76.0750 3.9
41.1769 -112.0031 1
City8998 41.1769 -112.0031 4.2
41.1772 -74.4692 1
City8999 41.1772 -74.4692 3.4
41.1772 -79.7081 1
City9000 41.1772 -79.7081 4.3
41.1772 -89.6575 1
City9001 41.1772 -89.6575 3.8
41.1789 -90.3158 1
City9002 41.1789 -90.3158 3.0
41.1797 -97.5472 1
City9003 41.1797 -97.5472 4.2
41.1814 -84.7406 1
City9004 41.1814 -84.7406 3.8
41.1814 -91.1853 1
City9005 41.1814 -91.1853 4.4
41.1817 -74.3825 1
City9006 41.1817 -74.3825 2.8
41.1819 -104.0686 1
City9007 41.1819 -104.0686 3.8
41.1822 -93.7286 1
City9008 41.1822 -93.7286 3.3
41.1828 -80.7656 1
City9009 41.1828 -80.7656 4.1
41.1828 -83.6783 1
City9010 41.1828 -83.6783 4.4
41.1847 -77.3142 1
City9011 41.1847 -77.3142 3.0
41.1856 -88.3097 1
City9012 41.1856 -88.3097 2.9
41.1856 -91.9928 1
City9013 41.1856 -91.9928 3.2
41.1883 -80.9783 1
City9014 41.1883 -80.9783 3.3
41.1917 -90.3800 1
City9015 41.1917 -90.3800 3.2
41.1919 -111.9706 1
City9016 41.1919 -111.9706 4.0
41.1922 -97.4250 1
City9017 41.1922 -97.4250 3.9
41.1967 -90.8803 1
City9018 41.1967 -90.8803 3.9
41.1969 -75.9286 1
City9019 41.1969 -75.9286 3.7
41.1975 -73.9650 1
City9020 41.1975 -73.9650 3.0
41.1992 -79.8731 1
City9021 41.1992 -79.8731 3.7
41.1997 -90.7492 1
City9022 41.1997 -90.7492 4.2
41.2003 -85.7056 1
City9023 41.2003 -85.7056 3.8
41.2022 -79.3278 1
City9024 41.2022 -79.3278 4.2
41.2031 -90.5869 1
City9025 41.2031 -90.5869 2.7
41.2042 -73.7275 1
City9026 41.2042 -73.7275 4.1
41.2044 -92.8825 1
City9027 41.2044 -92.8825 4.1
41.2053 -76.0053 1
City9028 41.2053 -76.0053 3.5
41.2053 -96.0422 1
City9029 41.2053 -96.0422 3.1
41.2056 -76.7858 1
City9030 41.2056 -76.7858 3.1
41.2069 -83.0553 1
City9031 41.2069 -83.0553 3.7
41.2075 -83.8992 1
City9032 41.2075 -83.8992 3.5
41.2083 -73.8917 1
City9033 41.2083 -73.8917 3.8
41.2094 -73.9858 1
City9034 41.2094 -73.9858 3.2
41.2094 -106.7892 1
City9035 41.2094 -106.7892 3.4
41.2097 -74.6081 1
City9036 41.2097 -74.6081 3.3
41.2103 -75.8969 1
City9037 41.2103 -75.8969 3.0
41.2108 -84.9669 1
City9038 41.2108 -84.9669 3.2
41.2111 -80.5381 1
City9039 41.2111 -80.5381 3.6
41.2114 -96.6200 1
City9040 41.2114 -96.6200 4.1
41.2122 -80.4969 1
City9041 41.2122 -80.4969 3.9
41.2125 -92.4353 1
City9042 41.2125 -92.4353 2.6
41.2147 -79.3856 1
City9043 41.2147 -79.3856 3.4
41.2150 -86.7758 1
City9044 41.2150 -86.7758 4.2
41.2158 -89.0667 1
City9045 41.2158 -89.0667 4.1
41.2189 -86.4231 1
City9046 41.2189 -86.4231 3.4
41.2197 -122.2739 1
City9047 41.2197 -122.2739 2.6
41.2219 -93.2411 1
City9048 41.2219 -93.2411 3.8
41.2222 -73.0569 1
City9049 41.2222 -73.0569 2.9
41.2222 -75.8633 1
City9050 41.2222 -75.8633 3.8
41.2225 -74.2947 1
City9051 41.2225 -74.2947 3.6
41.2225 -77.0372 1
City9052 41.2225 -77.0372 3.5
41.2231 -111.9731 1
City9053 41.2231 -111.9731 3.8
41.2269 -80.2400 1
City9054 41.2269 -80.2400 4.2
41.2269 -88.2647 1
City9055 41.2269 -88.2647 3.1
41.2272 -85.8219 1
City9056 41.2272 -85.8219 4.0
41.2278 -96.4875 1
City9057 41.2278 -96.4875 3.6
41.2283 -85.1725 1
City9058 41.2283 -85.1725 4.2
41.2292 -84.0342 1
City9059 41.2292 -84.0342 2.9
41.2306 -85.3194 1
City9060 41.2306 -85.3194 3.9
41.2319 -76.9994 1
City9061 41.2319 -76.9994 3.9
41.2325 -95.6128 1
City9062 41.2325 -95.6128 3.7
41.2331 -80.4936 1
City9063 41.2331 -80.4936 4.2
41.2339 -80.5697 1
City9064 41.2339 -80.5697 4.2
41.2344 -79.5375 1
City9065 41.2344 -79.5375 3.0
41.2350 -81.0494 1
City9066 41.2350 -81.0494 4.3
41.2350 -95.1372 1
City9067 41.2350 -95.1372 4.0
41.2358 -103.6625 1
City9068 41.2358 -103.6625 4.0
41.2367 -95.4178 1
City9069 41.2367 -95.4178 3.4
41.2369 -88.8314 1
City9070 41.2369 -88.8314 3.0
41.2375 -80.8186 1
City9071 41.2375 -80.8186 3.3
41.2381 -81.8419 1
City9072 41.2381 -81.8419 3.2
41.2381 -85.8531 1
City9073 41.2381 -85.8531 3.7
41.2392 -81.3461 1
City9074 41.2392 -81.3461 2.9
41.2397 -81.6383 1
City9075 41.2397 -81.6383 3.4
41.2400 -81.4408 1
City9076 41.2400 -81.4408 4.0
41.2400 -83.6433 1
City9077 41.2400 -83.6433 3.1
41.2403 -75.9450 1
City9078 41.2403 -75.9450 3.9
41.2411 -76.7242 1
City9079 41.2411 -76.7242 3.7
41.2411 -77.0014 1
City9080 41.2411 -77.0014 4.1
41.2411 -81.5528 1
City9081 41.2411 -81.5528 4.0
41.2414 -88.4194 1
City9082 41.2414 -88.4194 3.7
41.2425 -82.6158 1
City9083 41.2425 -82.6158 4.2
41.2428 -73.2011 1
City9084 41.2428 -73.2011 3.6
41.2450 -75.9311 1
City9085 41.2450 -75.9311 4.3
41.2450 -96.3969 1
City9086 41.2450 -96.3969 3.1
41.2456 -89.9247 1
City9087 41.2456 -89.9247 2.9
41.2458 -75.8817 1
City9088 41.2458 -75.8817 3.8
41.2464 -83.2358 1
City9089 41.2464 -83.2358 3.2
41.2489 -84.1331 1
City9090 41.2489 -84.1331 2.9
41.2492 -78.7997 1
City9091 41.2492 -78.7997 3.7
41.2503 -79.4597 1
City9092 41.2503 -79.4597 4.2
41.2506 -87.8314 1
City9093 41.2506 -87.8314 3.6
41.2528 -97.1297 1
City9094 41.2528 -97.1297 3.8
41.2539 -83.6044 1
City9095 41.2539 -83.6044 3.9
41.2542 -76.9208 1
City9096 41.2542 -76.9208 2.8
41.2542 -89.3422 1
City9097 41.2542 -89.3422 4.0
41.2542 -94.7681 1
City9098 41.2542 -94.7681 2.6
41.2544 -82.3997 1
City9099 41.2544 -82.3997 4.1
41.2556 -73.4353 1
City9100 41.2556 -73.4353 3.8
41.2558 -122.1383 1
City9101 41.2558 -122.1383 3.9
41.2561 -83.0517 1
City9102 41.2561 -83.0517 3.7
41.2564 -74.3603 1
City9103 41.2564 -74.3603 3.7
41.2586 -95.9375 1
City9104 41.2586 -95.9375 2.6
41.2592 -80.4722 1
City9105 41.2592 -80.4722 3.4
41.2597 -90.6078 1
City9106 41.2597 -90.6078 3.9
41.2608 -111.7692 1
City9107 41.2608 -111.7692 4.2
41.2611 -89.2275 1
City9108 41.2611 -89.2275 3.2
41.2611 -96.1317 1
City9109 41.2611 -96.1317 3.2
41.2619 -73.9386 1
City9110 41.2619 -73.9386 3.4
41.2619 -95.8608 1
City9111 41.2619 -95.8608 3.3
41.2647 -81.5133 1
City9112 41.2647 -81.5133 3.7
41.2650 -88.2122 1
City9113 41.2650 -88.2122 3.0
41.2683 -110.9625 1
City9114 41.2683 -110.9625 2.6
41.2694 -75.9167 1
City9115 41.2694 -75.9167 2.7
41.2706 -72.9475 1
City9116 41.2706 -72.9475 3.3
41.2708 -73.7781 1
City9117 41.2708 -73.7781 3.8
41.2725 -82.0547 1
City9118 41.2725 -82.0547 3.0
41.2736 -82.8417 1
City9119 41.2736 -82.8417 2.8
41.2753 -75.8506 1
City9120 41.2753 -75.8506 2.8
41.2756 -98.9664 1
City9121 41.2756 -98.9664 3.6
41.2761 -72.8689 1
City9122 41.2761 -72.8689 4.2
41.2769 -92.6794 1
City9123 41.2769 -92.6794 2.9
41.2781 -75.8975 1
City9124 41.2781 -75.8975 4.4
41.2783 -73.0261 1
City9125 41.2783 -73.0261 3.4
41.2786 -72.5281 1
City9126 41.2786 -72.5281 2.6
41.2789 -75.8786 1
City9127 41.2789 -75.8786 3.1
41.2794 -72.5989 1
City9128 41.2794 -72.5989 4.1
41.2794 -72.8156 1
City9129 41.2794 -72.8156 2.8
41.2797 -76.7133 1
City9130 41.2797 -76.7133 3.0
41.2800 -75.9125 1
City9131 41.2800 -75.9125 4.0
41.2800 -91.3606 1
City9132 41.2800 -91.3606 4.0
41.2814 -73.4986 1
City9133 41.2814 -73.4986 3.4
41.2814 -111.9875 1
City9134 41.2814 -111.9875 4.3
41.2833 -70.1000 1
City9135 41.2833 -70.1000 2.9
41.2839 -81.2242 1
City9136 41.2839 -81.2242 3.7
41.2842 -81.0967 1
City9137 41.2842 -81.0967 3.0
41.2844 -84.3558 1
City9138 41.2844 -84.3558 2.8
41.2853 -72.3994 1
City9139 41.2853 -72.3994 3.0
41.2853 -72.4481 1
City9140 41.2853 -72.4481 3.8
41.2861 -80.4278 1
City9141 41.2861 -80.4278 3.4
41.2864 -96.2342 1
City9142 41.2864 -96.2342 3.7
41.2872 -84.5536 1
City9143 41.2872 -84.5536 3.9
41.2878 -88.2856 1
City9144 41.2878 -88.2856 2.6
41.2878 -99.3814 1
City9145 41.2878 -99.3814 2.5
41.2886 -88.2517 1
City9146 41.2886 -88.2517 4.4
41.2889 -72.6822 1
City9147 41.2889 -72.6822 2.8
41.2889 -75.8058 1
City9148 41.2889 -75.8058 4.2
41.2889 -91.5522 1
City9149 41.2889 -91.5522 3.8
41.2897 -94.5614 1
City9150 41.2897 -94.5614 4.2
41.2900 -73.9208 1
City9151 41.2900 -73.9208 3.1
41.2906 -95.9178 1
City9152 41.2906 -95.9178 2.7
41.2917 -72.3767 1
City9153 41.2917 -72.3767 4.2
41.2917 -75.8750 1
City9154 41.2917 -75.8750 3.5
41.2917 -93.4422 1
City9155 41.2917 -93.4422 3.5
41.2919 -99.9222 1
City9156 41.2919 -99.9222 3.4
41.2922 -89.5061 1
City9157 41.2922 -89.5061 4.0
41.2931 -84.7619 1
City9158 41.2931 -84.7619 2.9
41.2939 -82.2175 1
City9159 41.2939 -82.2175 2.8
41.2939 -90.2919 1
City9160 41.2939 -90.2919 3.8
41.2942 -88.2711 1
City9161 41.2942 -88.2711 4.2
41.2953 -89.0594 1
City9162 41.2953 -89.0594 4.2
41.2956 -86.1164 1
City9163 41.2956 -86.1164 3.4
41.2958 -89.7903 1
City9164 41.2958 -89.7903 2.8
41.2964 -92.6442 1
City9165 41.2964 -92.6442 3.6
41.2975 -82.6056 1
City9166 41.2975 -82.6056 4.4
41.2981 -112.0853 1
City9167 41.2981 -112.0853 2.7
41.2992 -91.6928 1
City9168 41.2992 -91.6928 4.0
41.3036 -90.1928 1
City9169 41.3036 -90.1928 2.9
41.3042 -82.9753 1
City9170 41.3042 -82.9753 4.3
41.3053 -94.4611 1
City9171 41.3053 -94.4611 3.7
41.3072 -111.9594 1
City9172 41.3072 -111.9594 2.6
41.3078 -88.1467 1
City9173 41.3078 -88.1467 4.1
41.3081 -72.9286 1
City9174 41.3081 -72.9286 3.0
41.3083 -74.1450 1
City9175 41.3083 -74.1450 3.5
41.3089 -82.0058 1
City9176 41.3089 -82.0058 4.1
41.3097 -74.2294 1
City9177 41.3097 -74.2294 3.2
41.3100 -72.1458 1
City9178 41.3100 -72.1458 3.7
41.3100 -122.3094 1
City9179 41.3100 -122.3094 2.8
41.3111 -88.6097 1
City9180 41.3111 -88.6097 3.8
41.3114 -105.5906 1
City9181 41.3114 -105.5906 3.7
41.3117 -75.8378 1
City9182 41.3117 -75.8378 4.0
41.3125 -81.1439 1
City9183 41.3125 -81.1439 3.8
41.3125 -81.4403 1
City9184 41.3125 -81.4403 3.2
41.3128 -96.3458 1
City9185 41.3128 -96.3458 2.6
41.3136 -81.7247 1
City9186 41.3136 -81.7247 3.5
41.3139 -81.6853 1
City9187 41.3139 -81.6853 3.0
41.3144 -81.8358 1
City9188 41.3144 -81.8358 4.3
41.3164 -73.0936 1
City9189 41.3164 -73.0936 3.1
41.3167 -87.0258 1
City9190 41.3167 -87.0258 2.6
41.3175 -86.8914 1
City9191 41.3175 -86.8914 3.0
41.3186 -87.2003 1
City9192 41.3186 -87.2003 4.4
41.3189 -90.5058 1
City9193 41.3189 -90.5058 4.3
41.3197 -75.8464 1
City9194 41.3197 -75.8464 2.8
41.3197 -81.6269 1
City9195 41.3197 -81.6269 4.3
41.3206 -73.0894 1
City9196 41.3206 -73.0894 3.1
41.3206 -75.8194 1
City9197 41.3206 -75.8194 3.4
41.3208 -93.1092 1
City9198 41.3208 -93.1092 3.2
41.3217 -80.2589 1
City9199 41.3217 -80.2589 3.6
41.3231 -77.7486 1
City9200 41.3231 -77.7486 2.9
41.3242 -83.4386 1
City9201 41.3242 -83.4386 3.6
41.3250 -75.7458 1
City9202 41.3250 -75.7458 2.6
41.3253 -72.1936 1
City9203 41.3253 -72.1936 4.0
41.3253 -82.4933 1
City9204 41.3253 -82.4933 3.8
41.3256 -85.6978 1
City9205 41.3256 -85.6978 3.8
41.3258 -75.7897 1
City9206 41.3258 -75.7897 3.8
41.3261 -89.6789 1
City9207 41.3261 -89.6789 3.2
41.3264 -77.7511 1
City9208 41.3264 -77.7511 3.7
41.3269 -75.7736 1
City9209 41.3269 -75.7736 3.4
41.3275 -75.7933 1
City9210 41.3275 -75.7933 2.6
41.3275 -89.1289 1
City9211 41.3275 -89.1289 2.9
41.3275 -89.1997 1
City9212 41.3275 -89.1997 3.6
41.3275 -110.2922 1
City9213 41.3275 -110.2922 4.1
41.3278 -71.9911 1
City9214 41.3278 -71.9911 2.6
41.3278 -83.1322 1
City9215 41.3278 -83.1322 4.3
41.3297 -90.6703 1
City9216 41.3297 -90.6703 3.0
41.3303 -80.7256 1
City9217 41.3303 -80.7256 3.3
41.3306 -74.1872 1
City9218 41.3306 -74.1872 2.7
41.3308 -88.7081 1
City9219 41.3308 -88.7081 2.6
41.3308 -94.0136 1
City9220 41.3308 -94.0136 3.8
41.3317 -74.1214 1
City9221 41.3317 -74.1214 4.1
41.3317 -74.3572 1
City9222 41.3317 -74.3572 4.2
41.3319 -85.8500 1
City9223 41.3319 -85.8500 3.4
41.3322 -87.7853 1
City9224 41.3322 -87.7853 3.4
41.3333 -92.2044 1
City9225 41.3333 -92.2044 3.2
41.3336 -88.8781 1
City9226 41.3336 -88.8781 3.1
41.3358 -71.9064 1
City9227 41.3358 -71.9064 3.0
41.3361 -75.9636 1
City9228 41.3361 -75.9636 4.3
41.3367 -75.5189 1
City9229 41.3367 -75.5189 4.1
41.3392 -80.1053 1
City9230 41.3392 -80.1053 4.3
41.3397 -75.7367 1
City9231 41.3397 -75.7367 4.3
41.3406 -87.6214 1
City9232 41.3406 -87.6214 3.6
41.3436 -86.3097 1
City9233 41.3436 -86.3097 2.8
41.3439 -75.7389 1
City9234 41.3439 -75.7389 3.0
41.3447 -83.7972 1
City9235 41.3447 -83.7972 3.4
41.3450 -72.0253 1
City9236 41.3450 -72.0253 3.8
41.3450 -81.5286 1
City9237 41.3450 -81.5286 2.8
41.3456 -88.8425 1
City9238 41.3456 -88.8425 2.6
41.3458 -81.3953 1
City9239 41.3458 -81.3953 2.6
41.3461 -73.0794 1
City9240 41.3461 -73.0794 3.4
41.3469 -74.1267 1
City9241 41.3469 -74.1267 3.0
41.3486 -80.0825 1
City9242 41.3486 -80.0825 2.8
41.3494 -85.1356 1
City9243 41.3494 -85.1356 3.1
41.3500 -72.0789 1
City9244 41.3500 -72.0789 2.6
41.3503 -83.1219 1
City9245 41.3503 -83.1219 3.5
41.3506 -71.9825 1
City9246 41.3506 -71.9825 3.1
41.3533 -72.3911 1
City9247 41.3533 -72.3911 2.7
41.3533 -75.7386 1
City9248 41.3533 -75.7386 4.0
41.3542 -71.9669 1
City9249 41.3542 -71.9669 3.8
41.3547 -90.3814 1
City9250 41.3547 -90.3814 4.3
41.3556 -72.1000 1
City9251 41.3556 -72.1000 3.8
41.3558 -82.2539 1
City9252 41.3558 -82.2539 3.7
41.3572 -88.4211 1
City9253 41.3572 -88.4211 3.9
41.3578 -89.1761 1
City9254 41.3578 -89.1761 4.1
41.3581 -93.5572 1
City9255 41.3581 -93.5572 3.1
41.3583 -89.7372 1
City9256 41.3583 -89.7372 3.7
41.3614 -81.8131 1
City9257 41.3614 -81.8131 3.0
41.3625 -74.2717 1
City9258 41.3625 -74.2717 3.2
41.3633 -97.9689 1
City9259 41.3633 -97.9689 4.1
41.3639 -91.9536 1
City9260 41.3639 -91.9536 2.6
41.3647 -96.1575 1
City9261 41.3647 -96.1575 3.7
41.3650 -95.8578 1
City9262 41.3650 -95.8578 3.4
41.3653 -89.5839 1
City9263 41.3653 -89.5839 3.7
41.3656 -81.5614 1
City9264 41.3656 -81.5614 3.1
41.3658 -85.2389 1
City9265 41.3658 -85.2389 3.7
41.3661 -81.8544 1
City9266 41.3661 -81.8544 3.5
41.3669 -79.9294 1
City9267 41.3669 -79.9294 3.4
41.3669 -85.0589 1
City9268 41.3669 -85.0589 4.4
41.3681 -89.4647 1
City9269 41.3681 -89.4647 4.3
41.3683 -82.1078 1
City9270 41.3683 -82.1078 4.3
41.3692 -73.9667 1
City9271 41.3692 -73.9667 3.0
41.3711 -73.4144 1
City9272 41.3711 -73.4144 3.3
41.3714 -83.9419 1
City9273 41.3714 -83.9419 3.4
41.3722 -73.7339 1
City9274 41.3722 -73.7339 3.4
41.3747 -83.6514 1
City9275 41.3747 -83.6514 2.8
41.3750 -74.6931 1
City9276 41.3750 -74.6931 3.6
41.3750 -81.9083 1
City9277 41.3750 -81.9083 2.6
41.3772 -71.8342 1
City9278 41.3772 -71.8342 3.5
41.3775 -71.8278 1
City9279 41.3775 -71.8278 2.9
41.3825 -89.2189 1
City9280 41.3825 -89.2189 4.3
41.3833 -76.0250 1
City9281 41.3833 -76.0250 3.8
41.3844 -83.3206 1
City9282 41.3844 -83.3206 4.4
41.3856 -72.4361 1
City9283 41.3856 -72.4361 2.7
41.3858 -93.2692 1
City9284 41.3858 -93.2692 3.0
41.3889 -70.5139 1
City9285 41.3889 -70.5139 4.0
41.3897 -81.4414 1
City9286 41.3897 -81.4414 3.6
41.3900 -81.7597 1
City9287 41.3900 -81.7597 3.0
41.3906 -80.9736 1
City9288 41.3906 -80.9736 2.5
41.3908 -72.8600 1
City9289 41.3908 -72.8600 3.9
41.3914 -73.9564 1
City9290 41.3914 -73.9564 3.9
41.3922 -84.1253 1
City9291 41.3922 -84.1253 2.6
41.3931 -81.5367 1
City9292 41.3931 -81.5367 4.1
41.3947 -73.4544 1
City9293 41.3947 -73.4544 4.3
41.3947 -75.7069 1
City9294 41.3947 -75.7069 2.6
41.3953 -81.6764 1
City9295 41.3953 -81.6764 3.6
41.3969 -96.6111 1
City9296 41.3969 -96.6111 2.7
41.3972 -73.6175 1
City9297 41.3972 -73.6175 4.4
41.3972 -89.9044 1
City9298 41.3972 -89.9044 3.0
41.3978 -82.2225 1
City9299 41.3978 -82.2225 3.1
41.3983 -81.8047 1
City9300 41.3983 -81.8047 3.0
41.3989 -71.7475 1
City9301 41.3989 -71.7475 3.6
41.4000 -74.7236 1
City9302 41.4000 -74.7236 2.7
41.4000 -82.8086 1
City9303 41.4000 -82.8086 2.8
41.4014 -92.3544 1
City9304 41.4014 -92.3544 3.7
41.4019 -74.3247 1
City9305 41.4019 -74.3247 3.5
41.4019 -99.6389 1
City9306 41.4019 -99.6389 3.0
41.4031 -72.4514 1
City9307 41.4031 -72.4514 3.4
41.4036 -95.0136 1
City9308 41.4036 -95.0136 2.6
41.4039 -88.1117 1
City9309 41.4039 -88.1117 3.1
41.4047 -81.7231 1
City9310 41.4047 -81.7231 3.6
41.4050 -102.3439 1
City9311 41.4050 -102.3439 4.4
41.4061 -73.6331 1
City9312 41.4061 -73.6331 2.8
41.4081 -92.9161 1
City9313 41.4081 -92.9161 3.1
41.4089 -75.6628 1
City9314 41.4089 -75.6628 3.2
41.4092 -74.1956 1
City9315 41.4092 -74.1956 3.9
41.4092 -112.0353 1
City9316 41.4092 -112.0353 2.6
41.4097 -79.7119 1
City9317 41.4097 -79.7119 4.3
41.4108 -83.4611 1
City9318 41.4108 -83.4611 2.6
41.4119 -83.8644 1
City9319 41.4119 -83.8644 3.7
41.4139 -73.3039 1
City9320 41.4139 -73.3039 3.6
41.4153 -81.5661 1
City9321 41.4153 -81.5661 4.0
41.4156 -81.9236 1
City9322 41.4156 -81.9236 2.7
41.4169 -81.5275 1
City9323 41.4169 -81.5275 3.9
41.4169 -81.6061 1
City9324 41.4169 -81.6061 3.9
41.4169 -87.3653 1
City9325 41.4169 -87.3653 4.4
41.4181 -86.4858 1
City9326 41.4181 -86.4858 4.2
41.4189 -83.2214 1
City9327 41.4189 -83.2214 3.8
41.4197 -75.6328 1
City9328 41.4197 -75.6328 3.3
41.4200 -87.7417 1
City9329 41.4200 -87.7417 3.7
41.4203 -78.7289 1
City9330 41.4203 -78.7289 3.3
41.4208 -90.0150 1
City9331 41.4208 -90.0150 3.6
41.4211 -82.0964 1
City9332 41.4211 -82.0964 3.2
41.4214 -79.8814 1
City9333 41.4214 -79.8814 2.9
41.4219 -82.3647 1
City9334 41.4219 -82.3647 4.1
41.4225 -87.9858 1
City9335 41.4225 -87.9858 3.1
41.4225 -100.1931 1
City9336 41.4225 -100.1931 4.1
41.4228 -122.3850 1
City9337 41.4228 -122.3850 3.8
41.4233 -71.7861 1
City9338 41.4233 -71.7861 2.7
41.4244 -73.9469 1
City9339 41.4244 -73.9469 3.7
41.4253 -81.6883 1
City9340 41.4253 -81.6883 4.1
41.4269 -89.2133 1
City9341 41.4269 -89.2133 3.2
41.4278 -74.1664 1
City9342 41.4278 -74.1664 3.7
41.4278 -85.7525 1
City9343 41.4278 -85.7525 4.0
41.4286 -90.4608 1
City9344 41.4286 -90.4608 3.3
41.4294 -88.2286 1
City9345 41.4294 -88.2286 3.8
41.4297 -72.0825 1
City9346 41.4297 -72.0825 3.1
41.4297 -81.3908 1
City9347 41.4297 -81.3908 2.6
41.4297 -84.8714 1
City9348 41.4297 -84.8714 2.8
41.4297 -97.3681 1
City9349 41.4297 -97.3681 3.0
41.4306 -86.8983 1
City9350 41.4306 -86.8983 4.1
41.4314 -81.3656 1
City9351 41.4314 -81.3656 3.4
41.4322 -71.4569 1
City9352 41.4322 -71.4569 3.2
41.4333 -96.4978 1
City9353 41.4333 -96.4978 3.8
41.4344 -72.1103 1
City9354 41.4344 -72.1103 3.7
41.4347 -81.5258 1
City9355 41.4347 -81.5258 2.8
41.4350 -81.5364 1
City9356 41.4350 -81.5364 4.4
41.4353 -81.6575 1
City9357 41.4353 -81.6575 2.6
41.4392 -74.0456 1
City9358 41.4392 -74.0456 4.0
41.4392 -90.7175 1
City9359 41.4392 -90.7175 3.8
41.4397 -81.7356 1
City9360 41.4397 -81.7356 4.1
41.4414 -81.8644 1
City9361 41.4414 -81.8644 3.0
41.4414 -85.2650 1
City9362 41.4414 -85.2650 3.1
41.4428 -86.0014 1
City9363 41.4428 -86.0014 3.1
41.4433 -84.0089 1
City9364 41.4433 -84.0089 3.1
41.4442 -74.4003 1
City9365 41.4442 -74.4003 3.0
41.4444 -87.6314 1
City9366 41.4444 -87.6314 2.9
41.4453 -94.7644 1
City9367 41.4453 -94.7644 3.9
41.4458 -74.4233 1
City9368 41.4458 -74.4233 3.1
41.4464 -86.1481 1
City9369 41.4464 -86.1481 4.4
41.4472 -97.0592 1
City9370 41.4472 -97.0592 4.0
41.4478 -81.4278 1
City9371 41.4478 -81.4278 3.5
41.4481 -90.1542 1
City9372 41.4481 -90.1542 2.9
41.4486 -84.7481 1
City9373 41.4486 -84.7481 2.8
41.4486 -97.7303 1
City9374 41.4486 -97.7303 3.0
41.4489 -82.7081 1
City9375 41.4489 -82.7081 2.7
41.4489 -95.6153 1
City9376 41.4489 -95.6153 3.3
41.4500 -81.6636 1
City9377 41.4500 -81.6636 4.3
41.4506 -83.4875 1
City9378 41.4506 -83.4875 3.9
41.4514 -75.6122 1
City9379 41.4514 -75.6122 3.6
41.4517 -82.0356 1
City9380 41.4517 -82.0356 3.1
41.4525 -96.3508 1
City9381 41.4525 -96.3508 3.6
41.4528 -82.1825 1
City9382 41.4528 -82.1825 3.4
41.4531 -90.5719 1
City9383 41.4531 -90.5719 3.8
41.4542 -70.5625 1
City9384 41.4542 -70.5625 3.5
41.4542 -70.6042 1
City9385 41.4542 -70.6042 3.9
41.4542 -74.0581 1
City9386 41.4542 -74.0581 3.0
41.4550 -106.8058 1
City9387 41.4550 -106.8058 3.2
41.4553 -81.9181 1
City9388 41.4553 -81.9181 4.3
41.4553 -88.2617 1
City9389 41.4553 -88.2617 3.7
41.4558 -96.0261 1
City9390 41.4558 -96.0261 3.0
41.4564 -90.7233 1
City9391 41.4564 -90.7233 4.3
41.4569 -72.8236 1
City9392 41.4569 -72.8236 3.4
41.4569 -122.8936 1
City9393 41.4569 -122.8936 4.3
41.4594 -93.4047 1
City9394 41.4594 -93.4047 3.4
41.4614 -73.6714 1
City9395 41.4614 -73.6714 2.8
41.4619 -81.0739 1
City9396 41.4619 -81.0739 2.8
41.4619 -96.7794 1
City9397 41.4619 -96.7794 4.1
41.4622 -81.4808 1
City9398 41.4622 -81.4808 3.6
41.4642 -91.8381 1
City9399 41.4642 -91.8381 2.8
41.4644 -81.5089 1
City9400 41.4644 -81.5089 4.4
41.4647 -83.7061 1
City9401 41.4647 -83.7061 3.4
41.4658 -85.5875 1
City9402 41.4658 -85.5875 4.2
41.4667 -86.4831 1
City9403 41.4667 -86.4831 3.4
41.4683 -75.6033 1
City9404 41.4683 -75.6033 3.4
41.4686 -75.5625 1
City9405 41.4686 -75.5625 3.2
41.4689 -79.6911 1
City9406 41.4689 -79.6911 3.6
41.4700 -87.6364 1
City9407 41.4700 -87.6364 4.2
41.4700 -92.6511 1
City9408 41.4700 -92.6511 2.9
41.4706 -81.1453 1
City9409 41.4706 -81.1453 2.9
41.4714 -75.6081 1
City9410 41.4714 -75.6081 4.2
41.4731 -87.0611 1
City9411 41.4731 -87.0611 3.4
41.4731 -90.3575 1
City9412 41.4731 -90.3575 2.6
41.4733 -74.5389 1
City9413 41.4733 -74.5389 3.9
41.4739 -81.5372 1
City9414 41.4739 -81.5372 3.6
41.4747 -84.5525 1
City9415 41.4747 -84.5525 4.0
41.4756 -81.8394 1
City9416 41.4756 -81.8394 4.4
41.4756 -93.6786 1
City9417 41.4756 -93.6786 2.8
41.4758 -75.1825 1
City9418 41.4758 -75.1825 3.5
41.4761 -83.2958 1
City9419 41.4761 -83.2958 3.0
41.4767 -74.0242 1
City9420 41.4767 -74.0242 2.7
41.4767 -95.3378 1
City9421 41.4767 -95.3378 2.7
41.4775 -95.2217 1
City9422 41.4775 -95.2217 4.0
41.4783 -81.4639 1
City9423 41.4783 -81.4639 4.1
41.4803 -71.5231 1
City9424 41.4803 -71.5231 3.0
41.4806 -86.6917 1
City9425 41.4806 -86.6917 3.5
41.4808 -75.5950 1
City9426 41.4808 -75.5950 3.3
41.4808 -87.6378 1
City9427 41.4808 -87.6378 3.9
41.4814 -74.3606 1
City9428 41.4814 -74.3606 3.8
41.4817 -72.6817 1
City9429 41.4817 -72.6817 3.5
41.4819 -81.7983 1
City9430 41.4819 -81.7983 4.0
41.4828 -87.3328 1
City9431 41.4828 -87.3328 4.1
41.4831 -91.7058 1
City9432 41.4831 -91.7058 3.4
41.4839 -74.2181 1
City9433 41.4839 -74.2181 3.6
41.4839 -90.3531 1
City9434 41.4839 -90.3531 4.0
41.4844 -87.7033 1
City9435 41.4844 -87.7033 3.5
41.4847 -81.9222 1
City9436 41.4847 -81.9222 3.5
41.4858 -73.0511 1
City9437 41.4858 -73.0511 2.6
41.4872 -120.5414 1
City9438 41.4872 -120.5414 2.6
41.4875 -82.1017 1
City9439 41.4875 -82.1017 4.1
41.4881 -91.4258 1
City9440 41.4881 -91.4258 4.1
41.4883 -87.5675 1
City9441 41.4883 -87.5675 2.7
41.4886 -75.7089 1
City9442 41.4886 -75.7089 3.9
41.4892 -81.4019 1
City9443 41.4892 -81.4019 3.3
41.4900 -71.3133 1
City9444 41.4900 -71.3133 2.8
41.4914 -87.6744 1
City9445 41.4914 -87.6744 2.9
41.4919 -94.1239 1
City9446 41.4919 -94.1239 4.2
41.4928 -75.7000 1
City9447 41.4928 -75.7000 3.4
41.4942 -87.5217 1
City9448 41.4942 -87.5217 2.5
41.4947 -75.5372 1
City9449 41.4947 -75.5372 3.3
41.4947 -90.3906 1
City9450 41.4947 -90.3906 4.3
41.4953 -79.4561 1
City9451 41.4953 -79.4561 3.2
41.4958 -87.8486 1
City9452 41.4958 -87.8486 4.2
41.4961 -85.3767 1
City9453 41.4961 -85.3767 2.5
41.4969 -71.3678 1
City9454 41.4969 -71.3678 4.0
41.4969 -72.5575 1
City9455 41.4969 -72.5575 4.3
41.4978 -81.5375 1
City9456 41.4978 -81.5375 3.3
41.4989 -72.9011 1
City9457 41.4989 -72.9011 2.6
41.4994 -81.6956 1
City9458 41.4994 -81.6956 4.3
41.5003 -85.8281 1
City9459 41.5003 -85.8281 2.8
41.5006 -87.4614 1
City9460 41.5006 -87.4614 3.6
41.5006 -94.6433 1
City9461 41.5006 -94.6433 3.0
41.5008 -83.7183 1
City9462 41.5008 -83.7183 3.3
41.5008 -90.4442 1
City9463 41.5008 -90.4442 4.0
41.5008 -93.4908 1
City9464 41.5008 -93.4908 4.2
41.5028 -72.4506 1
City9465 41.5028 -72.4506 3.1
41.5033 -74.0108 1
City9466 41.5033 -74.0108 3.8
41.5033 -94.3183 1
City9467 41.5033 -94.3183 3.5
41.5036 -84.4142 1
City9468 41.5036 -84.4142 2.7
41.5039 -87.7131 1
City9469 41.5039 -87.7131 2.9
41.5047 -73.9700 1
City9470 41.5047 -73.9700 4.3
41.5053 -82.0283 1
City9471 41.5053 -82.0283 3.6
41.5061 -87.6356 1
City9472 41.5061 -87.6356 3.5
41.5061 -88.1144 1
City9473 41.5061 -88.1144 2.9
41.5064 -87.5917 1
City9474 41.5064 -87.5917 2.6
41.5067 -90.5150 1
City9475 41.5067 -90.5150 3.0
41.5075 -71.7167 1
City9476 41.5075 -71.7167 2.8
41.5089 -90.7658 1
City9477 41.5089 -90.7658 2.9
41.5094 -90.5786 1
City9478 41.5094 -90.5786 3.4
41.5103 -112.0147 1
City9479 41.5103 -112.0147 2.6
41.5119 -82.9378 1
City9480 41.5119 -82.9378 4.1
41.5119 -87.9656 1
City9481 41.5119 -87.9656 3.6
41.5122 -78.2353 1
City9482 41.5122 -78.2353 4.3
41.5122 -90.4150 1
City9483 41.5122 -90.4150 2.9
41.5133 -87.6742 1
City9484 41.5133 -87.6742 2.8
41.5139 -92.0761 1
City9485 41.5139 -92.0761 3.1
41.5161 -95.4500 1
City9486 41.5161 -95.4500 4.3
41.5175 -81.4036 1
City9487 41.5175 -81.4036 3.1
41.5183 -94.2261 1
City9488 41.5183 -94.2261 3.6
41.5189 -83.8039 1
City9489 41.5189 -83.8039 3.3
41.5192 -81.4581 1
City9490 41.5192 -81.4581 3.0
41.5200 -80.0486 1
City9491 41.5200 -80.0486 3.9
41.5200 -81.4889 1
City9492 41.5200 -81.4889 2.8
41.5200 -81.5564 1
City9493 41.5200 -81.5564 3.1
41.5200 -88.2017 1
City9494 41.5200 -88.2017 2.9
41.5214 -84.3072 1
City9495 41.5214 -84.3072 4.3
41.5217 -73.9269 1
City9496 41.5217 -73.9269 3.2
41.5222 -81.3381 1
City9497 41.5222 -81.3381 2.5
41.5222 -93.1017 1
City9498 41.5222 -93.1017 4.0
41.5231 -81.5186 1
City9499 41.5231 -81.5186 2.7
41.5236 -90.5775 1
City9500 41.5236 -90.5775 4.3
41.5242 -72.0764 1
City9501 41.5242 -72.0764 3.9
41.5242 -76.4011 1
City9502 41.5242 -76.4011 2.6
41.5244 -86.2733 1
City9503 41.5244 -86.2733 3.7
41.5244 -90.5156 1
City9504 41.5244 -90.5156 2.8
41.5250 -88.0817 1
City9505 41.5250 -88.0817 3.2
41.5256 -74.1533 1
City9506 41.5256 -74.1533 3.0
41.5258 -85.3667 1
City9507 41.5258 -85.3667 2.9
41.5261 -87.8892 1
City9508 41.5261 -87.8892 3.2
41.5264 -70.6736 1
City9509 41.5264 -70.6736 2.8
41.5264 -87.5386 1
City9510 41.5264 -87.5386 2.9
41.5272 -85.0656 1
City9511 41.5272 -85.0656 2.6
41.5275 -74.2372 1
City9512 41.5275 -74.2372 3.4
41.5283 -87.4236 1
City9513 41.5283 -87.4236 2.5
41.5286 -109.4656 1
City9514 41.5286 -109.4656 3.0
41.5300 -88.6797 1
City9515 41.5300 -88.6797 4.0
41.5306 -73.9781 1
City9516 41.5306 -73.9781 4.0
41.5308 -75.5458 1
City9517 41.5308 -75.5458 3.8
41.5317 -94.0094 1
City9518 41.5317 -94.0094 3.3
41.5319 -93.9539 1
City9519 41.5319 -93.9539 4.2
41.5322 -87.2550 1
City9520 41.5322 -87.2550 3.0
41.5331 -81.5792 1
City9521 41.5331 -81.5792 3.4
41.5342 -75.7364 1
City9522 41.5342 -75.7364 3.4
41.5342 -86.4272 1
City9523 41.5342 -86.4272 4.3
41.5347 -74.0153 1
City9524 41.5347 -74.0153 3.4
41.5350 -74.0706 1
City9525 41.5350 -74.0706 2.9
41.5350 -80.8683 1
City9526 41.5350 -80.8683 3.3
41.5356 -73.8994 1
City9527 41.5356 -73.8994 3.2
41.5356 -87.8475 1
City9528 41.5356 -87.8475 3.9
41.5369 -88.5833 1
City9529 41.5369 -88.5833 4.0
41.5381 -72.8075 1
City9530 41.5381 -72.8075 3.2
41.5386 -75.9469 1
City9531 41.5386 -75.9469 3.6
41.5392 -85.5397 1
City9532 41.5392 -85.5397 3.8
41.5397 -74.0986 1
City9533 41.5397 -74.0986 2.8
41.5414 -86.9006 1
City9534 41.5414 -86.9006 3.0
41.5425 -81.6264 1
City9535 41.5425 -81.6264 3.1
41.5425 -87.6022 1
City9536 41.5425 -87.6022 2.8
41.5428 -87.6847 1
City9537 41.5428 -87.6847 2.8
41.5439 -73.8686 1
City9538 41.5439 -73.8686 2.6
41.5444 -73.2094 1
City9539 41.5444 -73.2094 3.5
41.5444 -96.1247 1
City9540 41.5444 -96.1247 4.2
41.5472 -89.1175 1
City9541 41.5472 -89.1175 2.9
41.5475 -86.5822 1
City9542 41.5475 -86.5822 4.0
41.5486 -98.5308 1
City9543 41.5486 -98.5308 3.8
41.5486 -98.7306 1
City9544 41.5486 -98.7306 3.6
41.5492 -84.1417 1
City9545 41.5492 -84.1417 4.2
41.5511 -112.1094 1
City9546 41.5511 -112.1094 3.9
41.5514 -70.6153 1
City9547 41.5514 -70.6153 3.0
41.5519 -81.4786 1
City9548 41.5519 -81.4786 2.8
41.5528 -81.5103 1
City9549 41.5528 -81.5103 2.7
41.5542 -91.5347 1
City9550 41.5542 -91.5347 4.1
41.5547 -88.0986 1
City9551 41.5547 -88.0986 3.4
41.5558 -90.4092 1
City9552 41.5558 -90.4092 4.2
41.5564 -84.7689 1
City9553 41.5564 -84.7689 2.5
41.5564 -95.8875 1
City9554 41.5564 -95.8875 3.8
41.5569 -83.6272 1
City9555 41.5569 -83.6272 4.1
41.5572 -87.6656 1
City9556 41.5572 -87.6656 4.3
41.5575 -89.4608 1
City9557 41.5575 -89.4608 3.5
41.5581 -73.0519 1
City9558 41.5581 -73.0519 2.8
41.5583 -87.2744 1
City9559 41.5583 -87.2744 4.2
41.5600 -74.0036 1
City9560 41.5600 -74.0036 4.1
41.5619 -73.6031 1
City9561 41.5619 -73.6031 2.9
41.5622 -72.6511 1
City9562 41.5622 -72.6511 3.0
41.5644 -87.5125 1
City9563 41.5644 -87.5125 2.9
41.5647 -87.5389 1
City9564 41.5647 -87.5389 3.4
41.5661 -83.4247 1
City9565 41.5661 -83.4247 3.6
41.5681 -87.6081 1
City9566 41.5681 -87.6081 3.5
41.5681 -87.7203 1
City9567 41.5681 -87.7203 4.3
41.5689 -111.8372 1
City9568 41.5689 -111.8372 3.4
41.5700 -91.2636 1
City9569 41.5700 -91.2636 4.0
41.5717 -87.6944 1
City9570 41.5717 -87.6944 2.6
41.5728 -72.6411 1
City9571 41.5728 -72.6411 4.1
41.5733 -87.7844 1
City9572 41.5733 -87.7844 3.4
41.5736 -75.5022 1
City9573 41.5736 -75.5022 3.1
41.5736 -84.0053 1
City9574 41.5736 -84.0053 3.1
41.5736 -87.6464 1
City9575 41.5736 -87.6464 3.4
41.5750 -87.2389 1
City9576 41.5750 -87.2389 3.1
41.5756 -72.3325 1
City9577 41.5756 -72.3325 2.7
41.5758 -72.5031 1
City9578 41.5758 -72.5031 2.8
41.5758 -87.1761 1
City9579 41.5758 -87.1761 3.2
41.5767 -74.4875 1
City9580 41.5767 -74.4875 2.6
41.5767 -75.2592 1
City9581 41.5767 -75.2592 3.2
41.5769 -73.4089 1
City9582 41.5769 -73.4089 3.6
41.5772 -93.7111 1
City9583 41.5772 -93.7111 2.9
41.5783 -70.5592 1
City9584 41.5783 -70.5592 3.6
41.5783 -92.8447 1
City9585 41.5783 -92.8447 2.6
41.5803 -75.4086 1
City9586 41.5803 -75.4086 3.7
41.5817 -90.3433 1
City9587 41.5817 -90.3433 3.0
41.5833 -87.5000 1
City9588 41.5833 -87.5000 3.4
41.5839 -73.8092 1
City9589 41.5839 -73.8092 3.8
41.5839 -93.5197 1
City9590 41.5839 -93.5197 3.2
41.5847 -90.7719 1
City9591 41.5847 -90.7719 2.9
41.5853 -87.8431 1
City9592 41.5853 -87.8431 2.6
41.5858 -92.5272 1
City9593 41.5858 -92.5272 4.3
41.5861 -84.4350 1
City9594 41.5861 -84.4350 3.5
41.5869 -71.2839 1
City9595 41.5869 -71.2839 4.2
41.5875 -109.2022 1
City9596 41.5875 -109.2022 3.4
41.5878 -83.4933 1
City9597 41.5878 -83.4933 3.2
41.5886 -83.8911 1
City9598 41.5886 -83.8911 3.5
41.5889 -91.0167 1
City9599 41.5889 -91.0167 2.7
41.5894 -88.0578 1
City9600 41.5894 -88.0578 2.8
41.5894 -88.9219 1
City9601 41.5894 -88.9219 2.5
41.5894 -94.1958 1
City9602 41.5894 -94.1958 3.2
41.5908 -94.8753 1
City9603 41.5908 -94.8753 2.9
41.5917 -95.0597 1
City9604 41.5917 -95.0597 3.7
41.5931 -81.5269 1
City9605 41.5931 -81.5269 4.1
41.5933 -73.0858 1
City9606 41.5933 -73.0858 3.3
41.5933 -87.3464 1
City9607 41.5933 -87.3464 2.8
41.5964 -73.9114 1
City9608 41.5964 -73.9114 3.1
41.5978 -93.7081 1
City9609 41.5978 -93.7081 3.8
41.5983 -81.4186 1
City9610 41.5983 -81.4186 3.9
41.5994 -93.2350 1
City9611 41.5994 -93.2350 3.7
41.5997 -90.9106 1
City9612 41.5997 -90.9106 3.0
41.6006 -93.6089 1
City9613 41.6006 -93.6089 2.7
41.6008 -87.6069 1
City9614 41.6008 -87.6069 3.1
41.6028 -87.7439 1
City9615 41.6028 -87.7439 2.7
41.6031 -93.7239 1
City9616 41.6031 -93.7239 2.6
41.6033 -80.3056 1
City9617 41.6033 -80.3056 2.8
41.6033 -98.9258 1
City9618 41.6033 -98.9258 4.1
41.6056 -73.9719 1
City9619 41.6056 -73.9719 3.8
41.6056 -74.1844 1
City9620 41.6056 -74.1844 3.2
41.6061 -73.8733 1
City9621 41.6061 -73.8733 3.2
41.6064 -90.3353 1
City9622 41.6064 -90.3353 2.6
41.6067 -71.9814 1
City9623 41.6067 -71.9814 2.8
41.6067 -80.5725 1
City9624 41.6067 -80.5725 3.3
41.6078 -122.8392 1
City9625 41.6078 -122.8392 3.2
41.6097 -83.5644 1
City9626 41.6097 -83.5644 2.7
41.6100 -87.6467 1
City9627 41.6100 -87.6467 3.4
41.6106 -86.7225 1
City9628 41.6106 -86.7225 4.0
41.6106 -96.5478 1
City9629 41.6106 -96.5478 4.3
41.6111 -87.6347 1
City9630 41.6111 -87.6347 4.2
41.6117 -93.8850 1
City9631 41.6117 -93.8850 3.5
41.6125 -88.7994 1
City9632 41.6125 -88.7994 2.6
41.6136 -90.1728 1
City9633 41.6136 -90.1728 4.3
41.6142 -76.0469 1
City9634 41.6142 -76.0469 3.7
41.6142 -81.1492 1
City9635 41.6142 -81.1492 3.6
41.6144 -94.0172 1
City9636 41.6144 -94.0172 4.4
41.6147 -112.1258 1
City9637 41.6147 -112.1258 3.8
41.6156 -87.0742 1
City9638 41.6156 -87.0742 2.6
41.6156 -87.5294 1
City9639 41.6156 -87.5294 3.0
41.6186 -81.3842 1
City9640 41.6186 -81.3842 3.9
41.6217 -83.7117 1
City9641 41.6217 -83.7117 3.6
41.6228 -73.8711 1
City9642 41.6228 -73.8711 3.3
41.6239 -81.3072 1
City9643 41.6239 -81.3072 3.1
41.6253 -87.7175 1
City9644 41.6253 -87.7175 3.7
41.6258 -71.2139 1
City9645 41.6258 -71.2139 3.0
41.6258 -87.1903 1
City9646 41.6258 -87.1903 2.5
41.6261 -75.7808 1
City9647 41.6261 -75.7808 3.6
41.6267 -93.7119 1
City9648 41.6267 -93.7119 2.8
41.6269 -79.6739 1
City9649 41.6269 -79.6739 4.4
41.6269 -88.2039 1
City9650 41.6269 -88.2039 3.4
41.6283 -70.3875 1
City9651 41.6283 -70.3875 3.4
41.6289 -81.3617 1
City9652 41.6289 -81.3617 3.4
41.6303 -87.8539 1
City9653 41.6303 -87.8539 2.6
41.6303 -89.7861 1
City9654 41.6303 -89.7861 4.0
41.6311 -78.0917 1
City9655 41.6311 -78.0917 3.0
41.6314 -72.4603 1
City9656 41.6314 -72.4603 4.1
41.6317 -87.6608 1
City9657 41.6317 -87.6608 3.2
41.6331 -75.4708 1
City9658 41.6331 -75.4708 4.1
41.6331 -81.4689 1
City9659 41.6331 -81.4689 2.8
41.6336 -88.6811 1
City9660 41.6336 -88.6811 2.6
41.6342 -111.8514 1
City9661 41.6342 -111.8514 3.1
41.6347 -84.9994 1
City9662 41.6347 -84.9994 3.3
41.6353 -72.7692 1
City9663 41.6353 -72.7692 2.5
41.6361 -70.9347 1
City9664 41.6361 -70.9347 3.3
41.6378 -85.9217 1
City9665 41.6378 -85.9217 3.1
41.6386 -111.9331 1
City9666 41.6386 -111.9331 4.4
41.6386 -112.0786 1
City9667 41.6386 -112.0786 3.5
41.6389 -87.5567 1
City9668 41.6389 -87.5567 4.2
41.6389 -87.6072 1
City9669 41.6389 -87.6072 4.3
41.6392 -87.4547 1
City9670 41.6392 -87.4547 4.3
41.6397 -73.2089 1
City9671 41.6397 -73.2089 2.5
41.6397 -81.4067 1
City9672 41.6397 -81.4067 2.9
41.6406 -99.3708 1
City9673 41.6406 -99.3708 2.5
41.6411 -88.4472 1
City9674 41.6411 -88.4472 3.0
41.6414 -80.1517 1
City9675 41.6414 -80.1517 4.4
41.6417 -85.4167 1
City9676 41.6417 -85.4167 3.8
41.6431 -95.7886 1
City9677 41.6431 -95.7886 4.2
41.6436 -83.4869 1
City9678 41.6436 -83.4869 3.1
41.6439 -87.7036 1
City9679 41.6439 -87.7036 3.4
41.6442 -93.4644 1
City9680 41.6442 -93.4644 2.7
41.6458 -88.6217 1
City9681 41.6458 -88.6217 2.9
41.6475 -88.0894 1
City9682 41.6475 -88.0894 3.8
41.6500 -70.2417 1
City9683 41.6500 -70.2417 3.6
41.6514 -75.4669 1
City9684 41.6514 -75.4669 3.0
41.6525 -79.7272 1
City9685 41.6525 -79.7272 4.4
41.6528 -70.2833 1
City9686 41.6528 -70.2833 3.5
41.6531 -95.3253 1
City9687 41.6531 -95.3253 4.1
41.6539 -81.4506 1
City9688 41.6539 -81.4506 3.1
41.6556 -73.8753 1
City9689 41.6556 -73.8753 3.6
41.6556 -74.6897 1
City9690 41.6556 -74.6897 3.0
41.6561 -80.4242 1
City9691 41.6561 -80.4242 3.0
41.6564 -76.8536 1
City9692 41.6564 -76.8536 3.9
41.6564 -90.0792 1
City9693 41.6564 -90.0792 2.7
41.6572 -87.6800 1
City9694 41.6572 -87.6800 3.7
41.6581 -90.5844 1
City9695 41.6581 -90.5844 3.5
41.6583 -70.1292 1
City9696 41.6583 -70.1292 4.1
41.6583 -70.8167 1
City9697 41.6583 -70.8167 4.4
41.6603 -80.8608 1
City9698 41.6603 -80.8608 3.9
41.6611 -72.7800 1
City9699 41.6611 -72.7800 3.0
41.6611 -87.7525 1
City9700 41.6611 -87.7525 3.1
41.6611 -91.5300 1
City9701 41.6611 -91.5300 2.8
41.6611 -92.0089 1
City9702 41.6611 -92.0089 3.5
41.6619 -86.1586 1
City9703 41.6619 -86.1586 3.8
41.6628 -78.8114 1
City9704 41.6628 -78.8114 3.3
41.6628 -87.6606 1
City9705 41.6628 -87.6606 3.7
41.6628 -88.5369 1
City9706 41.6628 -88.5369 3.8
41.6639 -83.5553 1
City9707 41.6639 -83.5553 3.5
41.6642 -83.6433 1
City9708 41.6642 -83.6433 3.5
41.6644 -70.1733 1
City9709 41.6644 -70.1733 3.5
41.6650 -86.0758 1
City9710 41.6650 -86.0758 2.8
41.6653 -103.0986 1
City9711 41.6653 -103.0986 2.9
41.6658 -81.4433 1
City9712 41.6658 -81.4433 3.5
41.6658 -111.1814 1
City9713 41.6658 -111.1814 3.1
41.6661 -81.3397 1
City9714 41.6661 -81.3397 2.5
41.6667 -70.1853 1
City9715 41.6667 -70.1853 3.1
41.6667 -96.6656 1
City9716 41.6667 -96.6656 4.1
41.6672 -87.8303 1
City9717 41.6672 -87.8303 3.7
41.6681 -76.2622 1
City9718 41.6681 -76.2622 3.5
41.6681 -87.7964 1
City9719 41.6681 -87.7964 2.7
41.6686 -93.3575 1
City9720 41.6686 -93.3575 3.5
41.6689 -87.7386 1
City9721 41.6689 -87.7386 4.3
41.6714 -89.9361 1
City9722 41.6714 -89.9361 3.6
41.6714 -91.3464 1
City9723 41.6714 -91.3464 3.1
41.6717 -72.9497 1
City9724 41.6717 -72.9497 3.4
41.6731 -93.6975 1
City9725 41.6731 -93.6975 4.3
41.6731 -107.9786 1
City9726 41.6731 -107.9786 3.1
41.6733 -84.3269 1
City9727 41.6733 -84.3269 4.3
41.6736 -88.0017 1
City9728 41.6736 -88.0017 3.1
41.6747 -90.3403 1
City9729 41.6747 -90.3403 3.6
41.6750 -71.2711 1
City9730 41.6750 -71.2711 4.3
41.6750 -73.3522 1
City9731 41.6750 -73.3522 3.5
41.6764 -71.9156 1
City9732 41.6764 -71.9156 2.6
41.6764 -91.5803 1
City9733 41.6764 -91.5803 4.0
41.6772 -94.5031 1
City9734 41.6772 -94.5031 3.2
41.6778 -93.2450 1
City9735 41.6778 -93.2450 3.7
41.6781 -73.0114 1
City9736 41.6781 -73.0114 4.1
41.6794 -72.1708 1
City9737 41.6794 -72.1708 3.3
41.6794 -77.0642 1
City9738 41.6794 -77.0642 3.3
41.6797 -87.4944 1
City9739 41.6797 -87.4944 3.2
41.6800 -84.5531 1
City9740 41.6800 -84.5531 3.0
41.6803 -90.3189 1
City9741 41.6803 -90.3189 2.5
41.6811 -69.9917 1
City9742 41.6811 -69.9917 2.6
41.6817 -111.8222 1
City9743 41.6817 -111.8222 3.7
41.6819 -69.9603 1
City9744 41.6819 -69.9603 3.9
41.6819 -85.9767 1
City9745 41.6819 -85.9767 3.0
41.6819 -86.9603 1
City9746 41.6819 -86.9603 3.4
41.6828 -88.3514 1
City9747 41.6828 -88.3514 4.1
41.6833 -86.2500 1
City9748 41.6833 -86.2500 3.8
41.6842 -87.7003 1
City9749 41.6842 -87.7003 2.9
41.6844 -93.9608 1
City9750 41.6844 -93.9608 3.1
41.6861 -70.0764 1
City9751 41.6861 -70.0764 3.9
41.6883 -93.7908 1
City9752 41.6883 -93.7908 3.6
41.6889 -88.9811 1
City9753 41.6889 -88.9811 2.7
41.6889 -98.3631 1
City9754 41.6889 -98.3631 2.9
41.6897 -87.7972 1
City9755 41.6897 -87.7972 4.2
41.6908 -98.0033 1
City9756 41.6908 -98.0033 3.6
41.6917 -94.3628 1
City9757 41.6917 -94.3628 4.0
41.6917 -97.4842 1
City9758 41.6917 -97.4842 3.8
41.6919 -71.3792 1
City9759 41.6919 -71.3792 3.5
41.6925 -86.9775 1
City9760 41.6925 -86.9775 4.3
41.6947 -74.0517 1
City9761 41.6947 -74.0517 4.3
41.6967 -87.8169 1
City9762 41.6967 -87.8169 2.8
41.6972 -86.2450 1
City9763 41.6972 -86.2450 3.5
41.6975 -90.5825 1
City9764 41.6975 -90.5825 3.6
41.6978 -72.7242 1
City9765 41.6978 -72.7242 3.6
41.6983 -86.8592 1
City9766 41.6983 -86.8592 2.9
41.6986 -88.0683 1
City9767 41.6986 -88.0683 3.8
41.6994 -84.0703 1
City9768 41.6994 -84.0703 3.8
41.6997 -93.0478 1
City9769 41.6997 -93.0478 4.3
41.7000 -70.3000 1
City9770 41.7000 -70.3000 2.8
41.7000 -70.7633 1
City9771 41.7000 -70.7633 3.6
41.7003 -73.9214 1
City9772 41.7003 -73.9214 3.9
41.7003 -86.5094 1
City9773 41.7003 -86.5094 4.4
41.7006 -93.4619 1
City9774 41.7006 -93.4619 2.6
41.7014 -71.1556 1
City9775 41.7014 -71.1556 4.4
41.7014 -87.7792 1
City9776 41.7014 -87.7792 2.5
41.7019 -70.2500 1
City9777 41.7019 -70.2500 3.0
41.7039 -79.0358 1
City9778 41.7039 -79.0358 2.8
41.7050 -81.3606 1
City9779 41.7050 -81.3606 3.1
41.7053 -97.2378 1
City9780 41.7053 -97.2378 3.1
41.7061 -71.5236 1
City9781 41.7061 -71.5236 3.1
41.7064 -111.8164 1
City9782 41.7064 -111.8164 3.4
41.7075 -86.8950 1
City9783 41.7075 -86.8950 2.6
41.7092 -74.6289 1
City9784 41.7092 -74.6289 2.6
41.7103 -86.5342 1
City9785 41.7103 -86.5342 2.5
41.7106 -72.2086 1
City9786 41.7106 -72.2086 3.5
41.7106 -74.5747 1
City9787 41.7106 -74.5747 3.1
41.7117 -83.9097 1
City9788 41.7117 -83.9097 3.2
41.7119 -112.1647 1
City9789 41.7119 -112.1647 2.6
41.7122 -72.6086 1
City9790 41.7122 -72.6086 3.2
41.7128 -71.8814 1
City9791 41.7128 -71.8814 4.1
41.7142 -72.6531 1
City9792 41.7142 -72.6531 2.5
41.7142 -89.3286 1
City9793 41.7142 -89.3286 2.7
41.7161 -86.2525 1
City9794 41.7161 -86.2525 3.7
41.7169 -74.3961 1
City9795 41.7169 -74.3961 4.0
41.7175 -89.9258 1
City9796 41.7175 -89.9258 4.0
41.7181 -92.9072 1
City9797 41.7181 -92.9072 4.0
41.7181 -94.9322 1
City9798 41.7181 -94.9322 3.6
41.7183 -73.8531 1
City9799 41.7183 -73.8531 4.1
41.7189 -80.1478 1
City9800 41.7189 -80.1478 3.9
41.7189 -83.7131 1
City9801 41.7189 -83.7131 3.3
41.7194 -84.2181 1
City9802 41.7194 -84.2181 2.6
41.7206 -87.7017 1
City9803 41.7206 -87.7017 2.7
41.7208 -73.9606 1
City9804 41.7208 -73.9606 4.2
41.7208 -87.7542 1
City9805 41.7208 -87.7542 4.1
41.7211 -96.8825 1
City9806 41.7211 -96.8825 4.2
41.7214 -85.8175 1
City9807 41.7214 -85.8175 4.1
41.7217 -111.8206 1
City9808 41.7217 -111.8206 3.3
41.7233 -91.7903 1
City9809 41.7233 -91.7903 4.3
41.7244 -73.2367 1
City9810 41.7244 -73.2367 2.8
41.7244 -81.2458 1
City9811 41.7244 -81.2458 3.4
41.7250 -97.0025 1
City9812 41.7250 -97.0025 3.6
41.7256 -78.6386 1
City9813 41.7256 -78.6386 3.8
41.7256 -87.8250 1
City9814 41.7256 -87.8250 3.0
41.7267 -97.1219 1
City9815 41.7267 -97.1219 3.3
41.7278 -84.4189 1
City9816 41.7278 -84.4189 4.3
41.7283 -122.5267 1
City9817 41.7283 -122.5267 3.8
41.7297 -93.6056 1
City9818 41.7297 -93.6056 2.6
41.7306 -88.3458 1
City9819 41.7306 -88.3458 3.9
41.7308 -84.9328 1
City9820 41.7308 -84.9328 3.7
41.7317 -92.2978 1
City9821 41.7317 -92.2978 3.0
41.7331 -77.6422 1
City9822 41.7331 -77.6422 2.9
41.7336 -92.4453 1
City9823 41.7336 -92.4453 3.8
41.7344 -87.7314 1
City9824 41.7344 -87.7314 4.3
41.7356 -111.8336 1
City9825 41.7356 -111.8336 3.4
41.7356 -122.6333 1
City9826 41.7356 -122.6333 3.9
41.7383 -95.7025 1
City9827 41.7383 -95.7025 3.2
41.7406 -71.3092 1
City9828 41.7406 -71.3092 4.4
41.7408 -87.8603 1
City9829 41.7408 -87.8603 4.3
41.7411 -70.5994 1
City9830 41.7411 -70.5994 3.9
41.7411 -73.5769 1
City9831 41.7411 -73.5769 4.2
41.7411 -112.1608 1
City9832 41.7411 -112.1608 4.3
41.7417 -70.6583 1
City9833 41.7417 -70.6583 2.8
41.7431 -92.7222 1
City9834 41.7431 -92.7222 4.2
41.7439 -74.3719 1
City9835 41.7439 -74.3719 2.8
41.7444 -87.8378 1
City9836 41.7444 -87.8378 4.0
41.7453 -70.6186 1
City9837 41.7453 -70.6186 4.2
41.7456 -86.8508 1
City9838 41.7456 -86.8508 4.4
41.7472 -73.1892 1
City9839 41.7472 -73.1892 2.6
41.7475 -74.0872 1
City9840 41.7475 -74.0872 3.8
41.7486 -77.3008 1
City9841 41.7486 -77.3008 2.6
41.7489 -87.9183 1
City9842 41.7489 -87.9183 4.2
41.7492 -91.5978 1
City9843 41.7492 -91.5978 3.7
41.7500 -87.8042 1
City9844 41.7500 -87.8042 3.5
41.7500 -97.7750 1
City9845 41.7500 -97.7750 3.2
41.7550 -103.3236 1
City9846 41.7550 -103.3236 2.7
41.7561 -124.2006 1
City9847 41.7561 -124.2006 3.9
41.7578 -80.3681 1
City9848 41.7578 -80.3681 4.0
41.7589 -70.4944 1
City9849 41.7589 -70.4944 4.1
41.7600 -70.0833 1
City9850 41.7600 -70.0833 2.5
41.7603 -81.1411 1
City9851 41.7603 -81.1411 4.3
41.7606 -88.3200 1
City9852 41.7606 -88.3200 2.9
41.7611 -93.8242 1
City9853 41.7611 -93.8242 3.9
41.7619 -72.7425 1
City9854 41.7619 -72.7425 2.6
41.7619 -108.9661 1
City9855 41.7619 -108.9661 4.2
41.7625 -70.7222 1
City9856 41.7625 -70.7222 3.4
41.7628 -87.8000 1
City9857 41.7628 -87.8000 3.4
41.7636 -72.6856 1
City9858 41.7636 -72.6856 2.9
41.7653 -72.1986 1
City9859 41.7653 -72.1986 2.6
41.7658 -83.6281 1
City9860 41.7658 -83.6281 2.8
41.7675 -76.4431 1
City9861 41.7675 -76.4431 2.7
41.7681 -88.8769 1
City9862 41.7681 -88.8769 2.9
41.7689 -87.8578 1
City9863 41.7689 -87.8578 3.4
41.7689 -88.6408 1
City9864 41.7689 -88.6408 3.9
41.7694 -71.1292 1
City9865 41.7694 -71.1292 3.6
41.7694 -111.8039 1
City9866 41.7694 -111.8039 4.1
41.7697 -91.1278 1
City9867 41.7697 -91.1278 3.3
41.7700 -70.5289 1
City9868 41.7700 -70.5289 4.3
41.7703 -87.9022 1
City9869 41.7703 -87.9022 3.2
41.7711 -73.0603 1
City9870 41.7711 -73.0603 2.8
41.7711 -81.0500 1
City9871 41.7711 -81.0500 3.3
41.7714 -93.7128 1
City9872 41.7714 -93.7128 2.7
41.7717 -88.7736 1
City9873 41.7717 -88.7736 3.1
41.7747 -74.2986 1
City9874 41.7747 -74.2986 4.4
41.7747 -78.0208 1
City9875 41.7747 -78.0208 3.5
41.7750 -107.1125 1
City9876 41.7750 -107.1125 3.4
41.7756 -95.4172 1
City9877 41.7756 -95.4172 3.3
41.7758 -72.5219 1
City9878 41.7758 -72.5219 3.7
41.7783 -96.2208 1
City9879 41.7783 -96.2208 3.4
41.7794 -110.5378 1
City9880 41.7794 -110.5378 3.5
41.7797 -71.4378 1
City9881 41.7797 -71.4378 3.2
41.7797 -89.6889 1
City9882 41.7797 -89.6889 3.7
41.7800 -79.0933 1
City9883 41.7800 -79.0933 3.6
41.7808 -74.9342 1
City9884 41.7808 -74.9342 4.4
41.7817 -99.1328 1
City9885 41.7817 -99.1328 2.8
41.7822 -72.6125 1
City9886 41.7822 -72.6125 3.9
41.7828 -87.8781 1
City9887 41.7828 -87.8781 3.4
41.7850 -73.6944 1
City9888 41.7850 -73.6944 4.1
41.7858 -88.1472 1
City9889 41.7858 -88.1472 4.3
41.7881 -90.2561 1
City9890 41.7881 -90.2561 4.2
41.7886 -89.6961 1
City9891 41.7886 -89.6961 2.9
41.7894 -90.2192 1
City9892 41.7894 -90.2192 2.5
41.7897 -69.9903 1
City9893 41.7897 -69.9903 3.7
41.7897 -70.7608 1
City9894 41.7897 -70.7608 2.5
41.7911 -107.2381 1
City9895 41.7911 -107.2381 3.4
41.7925 -110.5369 1
City9896 41.7925 -110.5369 3.5
41.7939 -86.7439 1
City9897 41.7939 -86.7439 3.2
41.7956 -86.0808 1
City9898 41.7956 -86.0808 2.8
41.7958 -87.9756 1
City9899 41.7958 -87.9756 3.0
41.7967 -71.8978 1
City9900 41.7967 -71.8978 3.3
41.7975 -87.9547 1
City9901 41.7975 -87.9547 3.1
41.7981 -85.6433 1
City9902 41.7981 -85.6433 3.6
41.7981 -86.4992 1
City9903 41.7981 -86.4992 3.5
41.7981 -92.0706 1
City9904 41.7981 -92.0706 3.5
41.7986 -86.6106 1
City9905 41.7986 -86.6106 3.8
41.7989 -111.8183 1
City9906 41.7989 -111.8183 2.5
41.7992 -85.4192 1
City9907 41.7992 -85.4192 4.2
41.8006 -73.1217 1
City9908 41.8006 -73.1217 2.9
41.8006 -80.3692 1
City9909 41.8006 -80.3692 3.8
41.8008 -87.9369 1
City9910 41.8008 -87.9369 3.1
41.8011 -74.7469 1
City9911 41.8011 -74.7469 3.5
41.8011 -88.0747 1
City9912 41.8011 -88.0747 3.2
41.8019 -81.0492 1
City9913 41.8019 -81.0492 2.6
41.8025 -71.8864 1
City9914 41.8025 -71.8864 3.6
41.8036 -80.0567 1
City9915 41.8036 -80.0567 3.3
41.8061 -88.3272 1
City9916 41.8061 -88.3272 3.2
41.8069 -83.4425 1
City9917 41.8069 -83.4425 2.6
41.8072 -77.0778 1
City9918 41.8072 -77.0778 2.6
41.8072 -91.4939 1
City9919 41.8072 -91.4939 3.1
41.8083 -72.2500 1
City9920 41.8083 -72.2500 2.7
41.8086 -87.7933 1
City9921 41.8086 -87.7933 3.4
41.8089 -88.0111 1
City9922 41.8089 -88.0111 4.3
41.8094 -103.5033 1
City9923 41.8094 -103.5033 3.5
41.8097 -72.8311 1
City9924 41.8097 -72.8311 3.7
41.8097 -87.9006 1
City9925 41.8097 -87.9006 4.4
41.8097 -89.9650 1
City9926 41.8097 -89.9650 3.5
41.8108 -78.2800 1
City9927 41.8108 -78.2800 3.6
41.8111 -78.4450 1
City9928 41.8111 -78.4450 2.8
41.8128 -72.9206 1
City9929 41.8128 -72.9206 4.3
41.8133 -87.8181 1
City9930 41.8133 -87.8181 4.1
41.8136 -71.3706 1
City9931 41.8136 -71.3706 3.2
41.8178 -88.1733 1
City9932 41.8178 -88.1733 4.0
41.8214 -87.7828 1
City9933 41.8214 -87.7828 4.1
41.8233 -90.5381 1
City9934 41.8233 -90.5381 3.9
41.8239 -71.4133 1
City9935 41.8239 -71.4133 3.2
41.8239 -87.8517 1
City9936 41.8239 -87.8517 2.8
41.8242 -90.6478 1
City9937 41.8242 -90.6478 3.4
41.8244 -72.8942 1
City9938 41.8244 -72.8942 4.0
41.8258 -103.6600 1
City9939 41.8258 -103.6600 3.5
41.8261 -93.1514 1
City9940 41.8261 -93.1514 4.0
41.8272 -86.3611 1
City9941 41.8272 -86.3611 2.9
41.8281 -86.6925 1
City9942 41.8281 -86.6925 2.8
41.8283 -97.4547 1
City9943 41.8283 -97.4547 4.1
41.8289 -74.0689 1
City9944 41.8289 -74.0689 3.9
41.8297 -86.2542 1
City9945 41.8297 -86.2542 2.9
41.8317 -90.8381 1
City9946 41.8317 -90.8381 3.7
41.8325 -83.8625 1
City9947 41.8325 -83.8625 3.8
41.8328 -87.9289 1
City9948 41.8328 -87.9289 3.2
41.8347 -87.8617 1
City9949 41.8347 -87.8617 2.9
41.8350 -87.8228 1
City9950 41.8350 -87.8228 3.9
41.8358 -96.4667 1
City9951 41.8358 -96.4667 3.0
41.8383 -111.8319 1
City9952 41.8383 -111.8319 3.7
41.8386 -94.1069 1
City9953 41.8386 -94.1069 2.6
41.8389 -89.4794 1
City9954 41.8389 -89.4794 2.6
41.8394 -84.7481 1
City9955 41.8394 -84.7481 4.3
41.8411 -85.6686 1
City9956 41.8411 -85.6686 3.9
41.8417 -89.3003 1
City9957 41.8417 -89.3003 3.6
41.8417 -96.7083 1
City9958 41.8417 -96.7083 4.0
41.8428 -87.8231 1
City9959 41.8428 -87.8231 3.4
41.8439 -79.1453 1
City9960 41.8439 -79.1453 3.4
41.8444 -90.1886 1
City9961 41.8444 -90.1886 4.2
41.8456 -87.7539 1
City9962 41.8456 -87.7539 3.6
41.8456 -91.6928 1
City9963 41.8456 -91.6928 3.9
41.8458 -70.9500 1
City9964 41.8458 -70.9500 4.1
41.8472 -85.3186 1
City9965 41.8472 -85.3186 3.3
41.8475 -103.6611 1
City9966 41.8475 -103.6611 3.3
41.8492 -73.5572 1
City9967 41.8492 -73.5572 3.3
41.8500 -87.6500 1
City9968 41.8500 -87.6500 2.8
41.8500 -87.9644 1
City9969 41.8500 -87.9644 4.3
41.8500 -88.3125 1
City9970 41.8500 -88.3125 2.5
41.8506 -87.7936 1
City9971 41.8506 -87.7936 2.9
41.8506 -87.8819 1
City9972 41.8506 -87.8819 3.7
41.8519 -94.5581 1
City9973 41.8519 -94.5581 3.2
41.8525 -72.6442 1
City9974 41.8525 -72.6442 4.0
41.8544 -95.6003 1
City9975 41.8544 -95.6003 2.6
41.8550 -84.3539 1
City9976 41.8550 -84.3539 3.2
41.8569 -93.9217 1
City9977 41.8569 -93.9217 2.9
41.8575 -90.9281 1
City9978 41.8575 -90.9281 4.2
41.8594 -80.9542 1
City9979 41.8594 -80.9542 3.6
41.8617 -88.1608 1
City9980 41.8617 -88.1608 3.5
41.8628 -111.9900 1
City9981 41.8628 -111.9900 3.5
41.8639 -71.1250 1
City9982 41.8639 -71.1250 4.3
41.8639 -87.8533 1
City9983 41.8639 -87.8533 4.2
41.8650 -69.9917 1
City9984 41.8650 -69.9917 3.3
41.8650 -80.7900 1
City9985 41.8650 -80.7900 4.3
41.8661 -88.1069 1
City9986 41.8661 -88.1069 3.7
41.8661 -89.2211 1
City9987 41.8661 -89.2211 4.2
41.8667 -103.6667 1
City9988 41.8667 -103.6667 2.9
41.8672 -90.1594 1
City9989 41.8672 -90.1594 2.6
41.8700 -106.5614 1
City9990 41.8700 -106.5614 3.6
41.8708 -78.6617 1
City9991 41.8708 -78.6617 4.2
41.8708 -94.6772 1
City9992 41.8708 -94.6772 2.9
41.8711 -71.5525 1
City9993 41.8711 -71.5525 4.3
41.8722 -85.1947 1
City9994 41.8722 -85.1947 4.3
41.8725 -75.7275 1
City9995 41.8725 -75.7275 3.7
41.8728 -80.7731 1
City9996 41.8728 -80.7731 4.0
41.8731 -72.8586 1
City9997 41.8731 -72.8586 3.8
41.8742 -79.1525 1
City9998 41.8742 -79.1525 2.9
41.8742 -80.1319 1
City9999 41.8742 -80.1319 3.5
41.8758 -72.8017 1
City10000 41.8758 -72.8017 3.9
41.8767 -93.8231 1
City10001 41.8767 -93.8231 2.7
41.8775 -88.0669 1
City10002 41.8775 -88.0669 2.5
41.8778 -87.9028 1
City10003 41.8778 -87.9028 3.1
41.8778 -93.6783 1
City10004 41.8778 -93.6783 2.7
41.8786 -71.3831 1
City10005 41.8786 -71.3831 3.2
41.8789 -92.7892 1
City10006 41.8789 -92.7892 4.1
41.8792 -87.8431 1
City10007 41.8792 -87.8431 4.3
41.8800 -88.0078 1
City10008 41.8800 -88.0078 4.0
41.8814 -87.8831 1
City10009 41.8814 -87.8831 2.7
41.8822 -72.9775 1
City10010 41.8822 -72.9775 3.9
41.8847 -88.2039 1
City10011 41.8847 -88.2039 4.2
41.8850 -87.7844 1
City10012 41.8850 -87.7844 2.7
41.8875 -88.3053 1
City10013 41.8875 -88.3053 3.4
41.8889 -83.7789 1
City10014 41.8889 -83.7789 4.4
41.8889 -87.9033 1
City10015 41.8889 -87.9033 3.1
41.8889 -91.0564 1
City10016 41.8889 -91.0564 4.1
41.8897 -87.9889 1
City10017 41.8897 -87.9889 2.6
41.8897 -95.2319 1
City10018 41.8897 -95.2319 3.5
41.8906 -71.3928 1
City10019 41.8906 -71.3928 3.9
41.8908 -80.6764 1
City10020 41.8908 -80.6764 4.2
41.8919 -93.3994 1
City10021 41.8919 -93.3994 3.8
41.8922 -88.4722 1
City10022 41.8922 -88.4722 3.1
41.8931 -91.1506 1
City10023 41.8931 -91.1506 3.1
41.8956 -106.2042 1
City10024 41.8956 -106.2042 3.5
41.8969 -92.2781 1
City10025 41.8969 -92.2781 3.7
41.8975 -84.0372 1
City10026 41.8975 -84.0372 2.8
41.8978 -87.8139 1
City10027 41.8978 -87.8139 3.8
41.8983 -93.5289 1
City10028 41.8983 -93.5289 4.2
41.8994 -79.8456 1
City10029 41.8994 -79.8456 3.8
41.8994 -87.9403 1
City10030 41.8994 -87.9403 3.4
41.9000 -71.0903 1
City10031 41.9000 -71.0903 3.6
41.9003 -74.8286 1
City10032 41.9003 -74.8286 3.1
41.9006 -87.8567 1
City10033 41.9006 -87.8567 4.0
41.9011 -83.7150 1
City10034 41.9011 -83.7150 4.2
41.9028 -91.9214 1
City10035 41.9028 -91.9214 4.1
41.9039 -77.7622 1
City10036 41.9039 -77.7622 4.2
41.9044 -91.2544 1
City10037 41.9044 -91.2544 2.9
41.9050 -80.3439 1
City10038 41.9050 -80.3439 4.2
41.9053 -73.9767 1
City10039 41.9053 -73.9767 4.4
41.9056 -87.8836 1
City10040 41.9056 -87.8836 3.4
41.9058 -80.6906 1
City10041 41.9058 -80.6906 3.2
41.9067 -71.3911 1
City10042 41.9067 -71.3911 2.8
41.9075 -88.5992 1
City10043 41.9075 -88.5992 3.8
41.9086 -72.7606 1
City10044 41.9086 -72.7606 4.1
41.9086 -77.1333 1
City10045 41.9086 -77.1333 3.9
41.9092 -95.0647 1
City10046 41.9092 -95.0647 3.7
41.9094 -92.0842 1
City10047 41.9094 -92.0842 3.5
41.9103 -88.0717 1
City10048 41.9103 -88.0717 3.7
41.9117 -86.0100 1
City10049 41.9117 -86.0100 2.8
41.9125 -88.1347 1
City10050 41.9125 -88.1347 3.9
41.9150 -71.9094 1
City10051 41.9150 -71.9094 3.2
41.9164 -83.3978 1
City10052 41.9164 -83.3978 3.3
41.9172 -87.8956 1
City10053 41.9172 -87.8956 2.5
41.9172 -104.0386 1
City10054 41.9172 -104.0386 3.8
41.9183 -83.4306 1
City10055 41.9183 -83.4306 3.3
41.9192 -77.5392 1
City10056 41.9192 -77.5392 4.3
41.9194 -91.7808 1
City10057 41.9194 -91.7808 3.3
41.9200 -84.6306 1
City10058 41.9200 -84.6306 3.5
41.9200 -88.6886 1
City10059 41.9200 -88.6886 3.7
41.9203 -79.6406 1
City10060 41.9203 -79.6406 3.6
41.9203 -112.0492 1
City10061 41.9203 -112.0492 2.7
41.9211 -73.0606 1
City10062 41.9211 -73.0606 3.2
41.9211 -87.8092 1
City10063 41.9211 -87.8092 4.2
41.9211 -91.3853 1
City10064 41.9211 -91.3853 3.2
41.9219 -91.4167 1
City10065 41.9219 -91.4167 3.2
41.9228 -111.8128 1
City10066 41.9228 -111.8128 3.8
41.9233 -85.5283 1
City10067 41.9233 -85.5283 3.3
41.9236 -71.0528 1
City10068 41.9236 -71.0528 3.6
41.9239 -89.0686 1
City10069 41.9239 -89.0686 2.7
41.9244 -74.0617 1
City10070 41.9244 -74.0617 3.8
41.9258 -87.8358 1
City10071 41.9258 -87.8358 4.1
41.9267 -73.9131 1
City10072 41.9267 -73.9131 4.1
41.9269 -73.9978 1
City10073 41.9269 -73.9978 3.2
41.9289 -95.4936 1
City10074 41.9289 -95.4936 3.1
41.9292 -72.6278 1
City10075 41.9292 -72.6278 3.7
41.9294 -88.7503 1
City10076 41.9294 -88.7503 3.7
41.9297 -88.8608 1
City10077 41.9297 -88.8608 2.5
41.9300 -96.8114 1
City10078 41.9300 -96.8114 3.3
41.9308 -88.9644 1
City10079 41.9308 -88.9644 4.0
41.9311 -83.3269 1
City10080 41.9311 -83.3269 4.4
41.9317 -87.9889 1
City10081 41.9317 -87.9889 4.2
41.9353 -87.8656 1
City10082 41.9353 -87.8656 3.6
41.9375 -96.4769 1
City10083 41.9375 -96.4769 3.6
41.9386 -76.1361 1
City10084 41.9386 -76.1361 4.0
41.9389 -71.9600 1
City10085 41.9389 -71.9600 3.2
41.9403 -85.0006 1
City10086 41.9403 -85.0006 4.3
41.9403 -103.8081 1
City10087 41.9403 -103.8081 3.2
41.9414 -93.1031 1
City10088 41.9414 -93.1031 3.0
41.9439 -85.6325 1
City10089 41.9439 -85.6325 4.0
41.9442 -84.8839 1
City10090 41.9442 -84.8839 3.4
41.9444 -71.2861 1
City10091 41.9444 -71.2861 2.5
41.9464 -86.3389 1
City10092 41.9464 -86.3389 2.9
41.9475 -80.5544 1
City10093 41.9475 -80.5544 2.6
41.9503 -97.2236 1
City10094 41.9503 -97.2236 3.6
41.9508 -88.2422 1
City10095 41.9508 -88.2422 4.0
41.9511 -89.0644 1
City10096 41.9511 -89.0644 3.2
41.9536 -73.5111 1
City10097 41.9536 -73.5111 3.9
41.9539 -72.7892 1
City10098 41.9539 -72.7892 3.0
41.9539 -75.2808 1
City10099 41.9539 -75.2808 4.0
41.9539 -86.0647 1
City10100 41.9539 -86.0647 3.6
41.9542 -72.3028 1
City10101 41.9542 -72.3028 2.9
41.9550 -87.9400 1
City10102 41.9550 -87.9400 4.0
41.9556 -71.7028 1
City10103 41.9556 -71.7028 4.3
41.9558 -78.6442 1
City10104 41.9558 -78.6442 3.8
41.9558 -87.8708 1
City10105 41.9558 -87.8708 3.8
41.9561 -121.4764 1
City10106 41.9561 -121.4764 3.1
41.9572 -76.5183 1
City10107 41.9572 -76.5183 3.9
41.9572 -83.6597 1
City10108 41.9572 -83.6597 4.1
41.9575 -86.4856 1
City10109 41.9575 -86.4856 4.2
41.9575 -88.0808 1
City10110 41.9575 -88.0808 4.1
41.9578 -78.3856 1
City10111 41.9578 -78.3856 3.0
41.9583 -70.6678 1
City10112 41.9583 -70.6678 3.3
41.9583 -85.3250 1
City10113 41.9583 -85.3250 3.2
41.9589 -90.0992 1
City10114 41.9589 -90.0992 2.7
41.9611 -75.7436 1
City10115 41.9611 -75.7436 4.0
41.9633 -87.8272 1
City10116 41.9633 -87.8272 3.1
41.9633 -87.9789 1
City10117 41.9633 -87.9789 4.1
41.9633 -89.7744 1
City10118 41.9633 -89.7744 2.7
41.9633 -103.9258 1
City10119 41.9633 -103.9258 2.7
41.9636 -78.1911 1
City10120 41.9636 -78.1911 2.9
41.9639 -90.8175 1
City10121 41.9639 -90.8175 4.2
41.9656 -71.6750 1
City10122 41.9656 -71.6750 3.9
41.9667 -71.1875 1
City10123 41.9667 -71.1875 3.5
41.9667 -92.5767 1
City10124 41.9667 -92.5767 3.1
41.9672 -87.8075 1
City10125 41.9672 -87.8075 4.4
41.9675 -121.9169 1
City10126 41.9675 -121.9169 4.1
41.9708 -84.5258 1
City10127 41.9708 -84.5258 3.3
41.9717 -75.7436 1
City10128 41.9717 -75.7436 2.8
41.9750 -88.0072 1
City10129 41.9750 -88.0072 3.6
41.9758 -111.8556 1
City10130 41.9758 -111.8556 3.4
41.9761 -72.5922 1
City10131 41.9761 -72.5922 4.1
41.9767 -71.4592 1
City10132 41.9767 -71.4592 2.9
41.9789 -76.5158 1
City10133 41.9789 -76.5158 2.7
41.9797 -73.6564 1
City10134 41.9797 -73.6564 3.0
41.9817 -72.6511 1
City10135 41.9817 -72.6511 3.8
41.9825 -79.3389 1
City10136 41.9825 -79.3389 2.9
41.9833 -98.0833 1
City10137 41.9833 -98.0833 3.1
41.9836 -90.9561 1
City10138 41.9836 -90.9561 3.4
41.9842 -84.6619 1
City10139 41.9842 -84.6619 3.3
41.9842 -86.1086 1
City10140 41.9842 -86.1086 4.1
41.9847 -88.0797 1
City10141 41.9847 -88.0797 3.2
41.9850 -86.2997 1
City10142 41.9850 -86.2997 4.3
41.9853 -72.4467 1
City10143 41.9853 -72.4467 3.9
41.9856 -71.8992 1
City10144 41.9856 -71.8992 2.6
41.9856 -73.9886 1
City10145 41.9856 -73.9886 3.0
41.9861 -77.3111 1
City10146 41.9861 -77.3111 3.6
41.9861 -89.5792 1
City10147 41.9861 -89.5792 3.2
41.9864 -84.3472 1
City10148 41.9864 -84.3472 4.3
41.9867 -83.8311 1
City10149 41.9867 -83.8311 2.8
41.9872 -72.5453 1
City10150 41.9872 -72.5453 3.8
41.9872 -96.9139 1
City10151 41.9872 -96.9139 3.7
41.9889 -88.6867 1
City10152 41.9889 -88.6867 4.0
41.9903 -70.9756 1
City10153 41.9903 -70.9756 3.4
41.9942 -88.2922 1
City10154 41.9942 -88.2922 3.3
41.9944 -70.7250 1
City10155 41.9944 -70.7250 3.5
41.9950 -88.1856 1
City10156 41.9950 -88.1856 3.6
41.9956 -91.9675 1
City10157 41.9956 -91.9675 3.4
41.9956 -92.5767 1
City10158 41.9956 -92.5767 3.4
41.9969 -91.8619 1
City10159 41.9969 -91.8619 3.4
41.9972 -74.1053 1
City10160 41.9972 -74.1053 3.0
41.9975 -76.5375 1
City10161 41.9975 -76.5375 3.7
41.9981 -91.1414 1
City10162 41.9981 -91.1414 4.3
41.9983 -92.1972 1
City10163 41.9983 -92.1972 2.6
41.9994 -88.1450 1
City10164 41.9994 -88.1450 2.8
41.9994 -97.5981 1
City10165 41.9994 -97.5981 4.0
42.0003 -80.3183 1
City10166 42.0003 -80.3183 3.0
42.0022 -90.6069 1
City10167 42.0022 -90.6069 4.3
42.0028 -71.5153 1
City10168 42.0028 -71.5153 3.9
42.0036 -79.8111 1
City10169 42.0036 -79.8111 3.7
42.0039 -83.9450 1
City10170 42.0039 -83.9450 3.2
42.0039 -87.9703 1
City10171 42.0039 -87.9703 3.7
42.0044 -87.7300 1
City10172 42.0044 -87.7300 4.3
42.0061 -84.1900 1
City10173 42.0061 -84.1900 3.6
42.0064 -85.4500 1
City10174 42.0064 -85.4500 3.7
42.0069 -92.7753 1
City10175 42.0069 -92.7753 2.8
42.0075 -96.2494 1
City10176 42.0075 -96.2494 3.3
42.0083 -91.6439 1
City10177 42.0083 -91.6439 3.2
42.0086 -92.0908 1
City10178 42.0086 -92.0908 4.0
42.0111 -87.8406 1
City10179 42.0111 -87.8406 2.8
42.0128 -96.5725 1
City10180 42.0128 -96.5725 2.6
42.0128 -121.4075 1
City10181 42.0128 -121.4075 3.0
42.0133 -89.8906 1
City10182 42.0133 -89.8906 2.6
42.0144 -86.5194 1
City10183 42.0144 -86.5194 4.0
42.0147 -89.3322 1
City10184 42.0147 -89.3322 3.7
42.0153 -94.3772 1
City10185 42.0153 -94.3772 3.9
42.0161 -76.7272 1
City10186 42.0161 -76.7272 2.6
42.0167 -74.0767 1
City10187 42.0167 -74.0767 2.6
42.0167 -93.1633 1
City10188 42.0167 -93.1633 3.9
42.0178 -93.3150 1
City10189 42.0178 -93.3150 2.9
42.0178 -95.3550 1
City10190 42.0178 -95.3550 4.0
42.0181 -74.0153 1
City10191 42.0181 -74.0153 3.1
42.0189 -87.8028 1
City10192 42.0189 -87.8028 4.0
42.0225 -94.5450 1
City10193 42.0225 -94.5450 3.7
42.0228 -93.4522 1
City10194 42.0228 -93.4522 3.1
42.0231 -70.6833 1
City10195 42.0231 -70.6833 4.4
42.0236 -71.9503 1
City10196 42.0236 -71.9503 3.3
42.0253 -121.5994 1
City10197 42.0253 -121.5994 2.6
42.0256 -88.1783 1
City10198 42.0256 -88.1783 2.9
42.0258 -85.8156 1
City10199 42.0258 -85.8156 3.6
42.0267 -96.0969 1
City10200 42.0267 -96.0969 3.2
42.0272 -73.3297 1
City10201 42.0272 -73.3297 3.9
42.0317 -94.2406 1
City10202 42.0317 -94.2406 3.1
42.0333 -71.2194 1
City10203 42.0333 -71.2194 2.7
42.0333 -87.7333 1
City10204 42.0333 -87.7333 3.8
42.0333 -87.8833 1
City10205 42.0333 -87.8833 3.5
42.0333 -88.0833 1
City10206 42.0333 -88.0833 3.3
42.0342 -91.5975 1
City10207 42.0342 -91.5975 3.3
42.0347 -93.6197 1
City10208 42.0347 -93.6197 2.5
42.0358 -91.6819 1
City10209 42.0358 -91.6819 3.6
42.0372 -88.2811 1
City10210 42.0372 -88.2811 3.0
42.0386 -78.3411 1
City10211 42.0386 -78.3411 2.9
42.0392 -94.0275 1
City10212 42.0392 -94.0275 3.0
42.0406 -87.7825 1
City10213 42.0406 -87.7825 4.4
42.0411 -87.6900 1
City10214 42.0411 -87.6900 2.8
42.0417 -70.6728 1
City10215 42.0417 -70.6728 3.0
42.0428 -88.0797 1
City10216 42.0428 -88.0797 3.8
42.0428 -101.0422 1
City10217 42.0428 -101.0422 3.7
42.0431 -73.3456 1
City10218 42.0431 -73.3456 3.5
42.0436 -73.9478 1
City10219 42.0436 -73.9478 3.5
42.0439 -84.7575 1
City10220 42.0439 -84.7575 2.8
42.0456 -80.2700 1
City10221 42.0456 -80.2700 3.2
42.0472 -97.8336 1
City10222 42.0472 -97.8336 3.3
42.0494 -92.9078 1
City10223 42.0494 -92.9078 3.1
42.0500 -71.8806 1
City10224 42.0500 -71.8806 2.8
42.0500 -72.5833 1
City10225 42.0500 -72.5833 3.5
42.0503 -89.4311 1
City10226 42.0503 -89.4311 4.4
42.0503 -90.4139 1
City10227 42.0503 -90.4139 3.9
42.0528 -124.2828 1
City10228 42.0528 -124.2828 2.9
42.0533 -124.2664 1
City10229 42.0533 -124.2664 3.5
42.0544 -79.1583 1
City10230 42.0544 -79.1583 2.7
42.0544 -104.9522 1
City10231 42.0544 -104.9522 2.7
42.0569 -94.7286 1
City10232 42.0569 -94.7286 2.8
42.0583 -70.1792 1
City10233 42.0583 -70.1792 3.2
42.0583 -73.9097 1
City10234 42.0583 -73.9097 3.4
42.0592 -83.3908 1
City10235 42.0592 -83.3908 3.5
42.0592 -91.0072 1
City10236 42.0592 -91.0072 2.7
42.0594 -91.4425 1
City10237 42.0594 -91.4425 2.5
42.0597 -93.8800 1
City10238 42.0597 -93.8800 2.9
42.0600 -75.4281 1
City10239 42.0600 -75.4281 2.9
42.0639 -83.2611 1
City10240 42.0639 -83.2611 4.2
42.0650 -86.4950 1
City10241 42.0650 -86.4950 3.6
42.0650 -104.1811 1
City10242 42.0650 -104.1811 4.1
42.0658 -94.8667 1
City10243 42.0658 -94.8667 3.7
42.0661 -91.7953 1
City10244 42.0661 -91.7953 4.3
42.0664 -87.9372 1
City10245 42.0664 -87.9372 4.3
42.0667 -85.1361 1
City10246 42.0667 -85.1361 3.9
42.0683 -95.5914 1
City10247 42.0683 -95.5914 3.2
42.0689 -90.6656 1
City10248 42.0689 -90.6656 4.0
42.0694 -76.1550 1
City10249 42.0694 -76.1550 4.2
42.0700 -84.3306 1
City10250 42.0700 -84.3306 4.1
42.0708 -83.2467 1
City10251 42.0708 -83.2467 4.3
42.0711 -90.1739 1
City10252 42.0711 -90.1739 3.6
42.0711 -91.6667 1
City10253 42.0711 -91.6667 3.4
42.0719 -83.9717 1
City10254 42.0719 -83.9717 3.9
42.0722 -71.7139 1
City10255 42.0722 -71.7139 3.5
42.0722 -87.7228 1
City10256 42.0722 -87.7228 3.9
42.0750 -70.8806 1
City10257 42.0750 -70.8806 4.1
42.0750 -72.0339 1
City10258 42.0750 -72.0339 3.9
42.0750 -79.4833 1
City10259 42.0750 -79.4833 3.3
42.0758 -75.6408 1
City10260 42.0758 -75.6408 2.7
42.0775 -73.9533 1
City10261 42.0775 -73.9533 2.9
42.0775 -78.4300 1
City10262 42.0775 -78.4300 3.3
42.0781 -76.8456 1
City10263 42.0781 -76.8456 4.3
42.0825 -110.9544 1
City10264 42.0825 -110.9544 2.5
42.0833 -71.0189 1
City10265 42.0833 -71.0189 4.1
42.0833 -71.3972 1
City10266 42.0833 -71.3972 3.3
42.0842 -88.0131 1
City10267 42.0842 -88.0131 3.0
42.0853 -83.6825 1
City10268 42.0853 -83.6825 3.8
42.0858 -87.7175 1
City10269 42.0858 -87.7175 3.6
42.0864 -77.9225 1
City10270 42.0864 -77.9225 3.8
42.0867 -71.4750 1
City10271 42.0867 -71.4750 2.7
42.0869 -86.4558 1
City10272 42.0869 -86.4558 3.1
42.0886 -85.2347 1
City10273 42.0886 -85.2347 4.2
42.0897 -76.8081 1
City10274 42.0897 -76.8081 4.1
42.0900 -78.4944 1
City10275 42.0900 -78.4944 3.1
42.0914 -88.1217 1
City10276 42.0914 -88.1217 3.5
42.0917 -70.7061 1
City10277 42.0917 -70.7061 3.4
42.0925 -88.8511 1
City10278 42.0925 -88.8511 3.3
42.0931 -70.7931 1
City10279 42.0931 -70.7931 4.1
42.0933 -84.9858 1
City10280 42.0933 -84.9858 3.7
42.0936 -92.6756 1
City10281 42.0936 -92.6756 3.2
42.0942 -88.3025 1
City10282 42.0942 -88.3025 3.8
42.0944 -90.1567 1
City10283 42.0944 -90.1567 3.1
42.0944 -91.8692 1
City10284 42.0944 -91.8692 3.6
42.0950 -83.1897 1
City10285 42.0950 -83.1897 4.4
42.0950 -89.9781 1
City10286 42.0950 -89.9781 3.3
42.0953 -87.9375 1
City10287 42.0953 -87.9375 4.4
42.0964 -111.8758 1
City10288 42.0964 -111.8758 2.7
42.0969 -79.2356 1
City10289 42.0969 -79.2356 4.0
42.0972 -88.6928 1
City10290 42.0972 -88.6928 3.9
42.0978 -88.5303 1
City10291 42.0978 -88.5303 3.1
42.0983 -76.0497 1
City10292 42.0983 -76.0497 3.5
42.0986 -75.9183 1
City10293 42.0986 -75.9183 3.5
42.0997 -87.7808 1
City10294 42.0997 -87.7808 3.4
42.1014 -72.5903 1
City10295 42.1014 -72.5903 2.7
42.1022 -89.8333 1
City10296 42.1022 -89.8333 4.4
42.1028 -77.2339 1
City10297 42.1028 -77.2339 3.4
42.1033 -76.2625 1
City10298 42.1033 -76.2625 2.8
42.1042 -72.3194 1
City10299 42.1042 -72.3194 3.6
42.1042 -79.3333 1
City10300 42.1042 -79.3333 3.2
42.1058 -84.2483 1
City10301 42.1058 -84.2483 3.7
42.1069 -72.6208 1
City10302 42.1069 -72.6208 4.0
42.1069 -93.6494 1
City10303 42.1069 -93.6494 2.7
42.1072 -89.1792 1
City10304 42.1072 -89.1792 3.0
42.1081 -85.9744 1
City10305 42.1081 -85.9744 3.5
42.1081 -87.7358 1
City10306 42.1081 -87.7358 2.8
42.1083 -72.0792 1
City10307 42.1083 -72.0792 2.7
42.1083 -91.2850 1
City10308 42.1083 -91.2850 3.8
42.1094 -79.2833 1
City10309 42.1094 -79.2833 4.0
42.1103 -88.0342 1
City10310 42.1103 -88.0342 4.0
42.1111 -71.6667 1
City10311 42.1111 -71.6667 3.3
42.1125 -92.9883 1
City10312 42.1125 -92.9883 3.9
42.1128 -76.0214 1
City10313 42.1128 -76.0214 3.0
42.1142 -85.6378 1
City10314 42.1142 -85.6378 2.7
42.1142 -96.7069 1
City10315 42.1142 -96.7069 3.1
42.1156 -75.9592 1
City10316 42.1156 -75.9592 4.4
42.1161 -72.1139 1
City10317 42.1161 -72.1139 2.6
42.1167 -86.4542 1
City10318 42.1167 -86.4542 2.7
42.1181 -88.0961 1
City10319 42.1181 -88.0961 3.3
42.1186 -79.1986 1
City10320 42.1186 -79.1986 3.1
42.1200 -85.5328 1
City10321 42.1200 -85.5328 4.1
42.1211 -88.2578 1
City10322 42.1211 -88.2578 4.2
42.1217 -77.0375 1
City10323 42.1217 -77.0375 3.5
42.1236 -71.1792 1
City10324 42.1236 -71.1792 3.0
42.1236 -72.4319 1
City10325 42.1236 -72.4319 4.0
42.1250 -72.7500 1
City10326 42.1250 -72.7500 3.3
42.1256 -89.4036 1
City10327 42.1256 -89.4036 3.6
42.1261 -89.5792 1
City10328 42.1261 -89.5792 3.4
42.1269 -89.2556 1
City10329 42.1269 -89.2556 4.2
42.1275 -87.8289 1
City10330 42.1275 -87.8289 3.5
42.1275 -96.1492 1
City10331 42.1275 -96.1492 2.7
42.1286 -98.0294 1
City10332 42.1286 -98.0294 3.1
42.1292 -80.0853 1
City10333 42.1292 -80.0853 4.2
42.1297 -76.8211 1
City10334 42.1297 -76.8211 3.6
42.1306 -71.5417 1
City10335 42.1306 -71.5417 2.6
42.1311 -86.4072 1
City10336 42.1311 -86.4072 4.1
42.1333 -75.8967 1
City10337 42.1333 -75.8967 2.9
42.1350 -87.7581 1
City10338 42.1350 -87.7581 2.7
42.1372 -76.9372 1
City10339 42.1372 -76.9372 3.6
42.1389 -83.2417 1
City10340 42.1389 -83.2417 4.3
42.1392 -87.9289 1
City10341 42.1392 -87.9289 3.9
42.1394 -83.1783 1
City10342 42.1394 -83.1783 3.9
42.1397 -71.5167 1
City10343 42.1397 -71.5167 3.4
42.1403 -80.0153 1
City10344 42.1403 -80.0153 4.3
42.1417 -71.2500 1
City10345 42.1417 -71.2500 3.2
42.1428 -77.0550 1
City10346 42.1428 -77.0550 4.3
42.1458 -70.7403 1
City10347 42.1458 -70.7403 3.6
42.1458 -84.8089 1
City10348 42.1458 -84.8089 2.8
42.1461 -77.1119 1
City10349 42.1461 -77.1119 2.9
42.1483 -96.4881 1
City10350 42.1483 -96.4881 2.6
42.1486 -72.6083 1
City10351 42.1486 -72.6083 3.6
42.1486 -74.6486 1
City10352 42.1486 -74.6486 4.4
42.1503 -84.0378 1
City10353 42.1503 -84.0378 3.4
42.1514 -87.9597 1
City10354 42.1514 -87.9597 3.9
42.1519 -94.4742 1
City10355 42.1519 -94.4742 4.2
42.1539 -88.1361 1
City10356 42.1539 -88.1361 3.5
42.1547 -89.7397 1
City10357 42.1547 -89.7397 3.2
42.1550 -71.0092 1
City10358 42.1550 -71.0092 4.1
42.1564 -77.7958 1
City10359 42.1564 -77.7958 3.0
42.1578 -78.7153 1
City10360 42.1578 -78.7153 2.8
42.1583 -72.3292 1
City10361 42.1583 -72.3292 3.8
42.1592 -79.5956 1
City10362 42.1592 -79.5956 3.7
42.1606 -84.2461 1
City10363 42.1606 -84.2461 3.5
42.1608 -88.0814 1
City10364 42.1608 -88.0814 2.6
42.1611 -93.2969 1
City10365 42.1611 -93.2969 3.7
42.1619 -77.0944 1
City10366 42.1619 -77.0944 3.4
42.1619 -78.9756 1
City10367 42.1619 -78.9756 3.5
42.1625 -71.0417 1
City10368 42.1625 -71.0417 4.0
42.1625 -83.4031 1
City10369 42.1625 -83.4031 3.1
42.1631 -123.6469 1
City10370 42.1631 -123.6469 3.0
42.1653 -95.4367 1
City10371 42.1653 -95.4367 4.3
42.1656 -88.2942 1
City10372 42.1656 -88.2942 2.9
42.1658 -95.7928 1
City10373 42.1658 -95.7928 3.0
42.1664 -93.5017 1
City10374 42.1664 -93.5017 2.5
42.1667 -83.7817 1
City10375 42.1667 -83.7817 3.3
42.1669 -76.8208 1
City10376 42.1669 -76.8208 3.9
42.1672 -85.8469 1
City10377 42.1672 -85.8469 3.3
42.1675 -87.8969 1
City10378 42.1675 -87.8969 2.8
42.1681 -88.4281 1
City10379 42.1681 -88.4281 3.0
42.1686 -92.0233 1
City10380 42.1686 -92.0233 3.4
42.1694 -75.1297 1
City10381 42.1694 -75.1297 3.0
42.1706 -88.0478 1
City10382 42.1706 -88.0478 3.6
42.1711 -87.8444 1
City10383 42.1711 -87.8444 3.5
42.1717 -92.3061 1
City10384 42.1717 -92.3061 3.8
42.1728 -78.9481 1
City10385 42.1728 -78.9481 2.9
42.1778 -84.6431 1
City10386 42.1778 -84.6431 3.6
42.1783 -87.9978 1
City10387 42.1783 -87.9978 2.8
42.1811 -72.3611 1
City10388 42.1811 -72.3611 2.8
42.1817 -87.8003 1
City10389 42.1817 -87.8003 2.8
42.1817 -88.3303 1
City10390 42.1817 -88.3303 4.0
42.1817 -94.9767 1
City10391 42.1817 -94.9767 3.9
42.1861 -86.3083 1
City10392 42.1861 -86.3083 3.9
42.1867 -86.2606 1
City10393 42.1867 -86.2606 4.1
42.1872 -93.5956 1
City10394 42.1872 -93.5956 3.4
42.1875 -71.3069 1
City10395 42.1875 -71.3069 4.3
42.1878 -92.7150 1
City10396 42.1878 -92.7150 4.4
42.1889 -120.3447 1
City10397 42.1889 -120.3447 3.4
42.1908 -91.7850 1
City10398 42.1908 -91.7850 2.5
42.1917 -112.2500 1
City10399 42.1917 -112.2500 4.3
42.1933 -84.3911 1
City10400 42.1933 -84.3911 3.0
42.1933 -87.8664 1
City10401 42.1933 -87.8664 3.0
42.1936 -92.4653 1
City10402 42.1936 -92.4653 2.8
42.1944 -71.2000 1
City10403 42.1944 -71.2000 3.1
42.1944 -71.9064 1
City10404 42.1944 -71.9064 2.7
42.1947 -122.7083 1
City10405 42.1947 -122.7083 3.1
42.1956 -74.1342 1
City10406 42.1956 -74.1342 3.2
42.1958 -70.7264 1
City10407 42.1958 -70.7264 4.3
42.1958 -73.3625 1
City10408 42.1958 -73.3625 2.5
42.1969 -88.0933 1
City10409 42.1969 -88.0933 3.7
42.1986 -76.5528 1
City10410 42.1986 -76.5528 3.7
42.1992 -97.5264 1
City10411 42.1992 -97.5264 3.6
42.1997 -87.8092 1
City10412 42.1997 -87.8092 3.3
42.2008 -88.2144 1
City10413 42.2008 -88.2144 2.6
42.2011 -85.5800 1
City10414 42.2011 -85.5800 4.1
42.2039 -91.5239 1
City10415 42.2039 -91.5239 3.2
42.2042 -72.6167 1
City10416 42.2042 -72.6167 3.0
42.2047 -83.4853 1
City10417 42.2047 -83.4853 3.2
42.2050 -84.5528 1
City10418 42.2050 -84.5528 4.3
42.2064 -78.1378 1
City10419 42.2064 -78.1378 4.2
42.2067 -86.1667 1
City10420 42.2067 -86.1667 4.4
42.2069 -121.7361 1
City10421 42.2069 -121.7361 4.0
42.2075 -88.0556 1
City10422 42.2075 -88.0556 3.0
42.2078 -88.1406 1
City10423 42.2078 -88.1406 3.7
42.2094 -85.7844 1
City10424 42.2094 -85.7844 3.8
42.2097 -76.4936 1
City10425 42.2097 -76.4936 3.8
42.2119 -88.2381 1
City10426 42.2119 -88.2381 2.8
42.2122 -86.2719 1
City10427 42.2122 -86.2719 3.9
42.2125 -72.1917 1
City10428 42.2125 -72.1917 4.4
42.2125 -72.3458 1
City10429 42.2125 -72.3458 3.6
42.2125 -88.1525 1
City10430 42.2125 -88.1525 4.3
42.2136 -74.2192 1
City10431 42.2136 -74.2192 3.4
42.2139 -72.1028 1
City10432 42.2139 -72.1028 4.2
42.2139 -83.1939 1
City10433 42.2139 -83.1939 3.6
42.2156 -79.8344 1
City10434 42.2156 -79.8344 2.9
42.2169 -88.0494 1
City10435 42.2169 -88.0494 3.7
42.2172 -73.8650 1
City10436 42.2172 -73.8650 2.6
42.2175 -78.2756 1
City10437 42.2175 -78.2756 3.8
42.2178 -85.8911 1
City10438 42.2178 -85.8911 3.6
42.2189 -70.7861 1
City10439 42.2189 -70.7861 4.0
42.2192 -86.0514 1
City10440 42.2192 -86.0514 3.7
42.2194 -87.9794 1
City10441 42.2194 -87.9794 3.2
42.2208 -70.9403 1
City10442 42.2208 -70.9403 3.6
42.2208 -86.3694 1
City10443 42.2208 -86.3694 3.6
42.2222 -71.0000 1
City10444 42.2222 -71.0000 2.5
42.2222 -83.3967 1
City10445 42.2222 -83.3967 3.3
42.2231 -78.0347 1
City10446 42.2231 -78.0347 3.1
42.2236 -76.1836 1
City10447 42.2236 -76.1836 3.5
42.2242 -91.8742 1
City10448 42.2242 -91.8742 3.1
42.2247 -92.8744 1
City10449 42.2247 -92.8744 3.7
42.2250 -121.7806 1
City10450 42.2250 -121.7806 4.1
42.2272 -111.4003 1
City10451 42.2272 -111.4003 3.4
42.2278 -72.0472 1
City10452 42.2278 -72.0472 4.2
42.2281 -75.5269 1
City10453 42.2281 -75.5269 2.5
42.2286 -71.5231 1
City10454 42.2286 -71.5231 2.7
42.2306 -97.0175 1
City10455 42.2306 -97.0175 3.2
42.2328 -76.3428 1
City10456 42.2328 -76.3428 2.9
42.2328 -96.2278 1
City10457 42.2328 -96.2278 4.3
42.2331 -84.3272 1
City10458 42.2331 -84.3272 3.0
42.2339 -73.8828 1
City10459 42.2339 -73.8828 3.9
42.2347 -88.9489 1
City10460 42.2347 -88.9489 3.8
42.2353 -72.1417 1
City10461 42.2353 -72.1417 4.2
42.2358 -96.4722 1
City10462 42.2358 -96.4722 4.2
42.2383 -85.3350 1
City10463 42.2383 -85.3350 4.3
42.2383 -91.1869 1
City10464 42.2383 -91.1869 3.2
42.2408 -83.2697 1
City10465 42.2408 -83.2697 3.9
42.2411 -83.6131 1
City10466 42.2411 -83.6131 3.7
42.2411 -88.3161 1
City10467 42.2411 -88.3161 4.1
42.2417 -70.8903 1
City10468 42.2417 -70.8903 2.7
42.2417 -71.1667 1
City10469 42.2417 -71.1667 3.3
42.2425 -88.2019 1
City10470 42.2425 -88.2019 3.9
42.2431 -84.7531 1
City10471 42.2431 -84.7531 3.0
42.2433 -113.8811 1
City10472 42.2433 -113.8811 2.8
42.2439 -71.9928 1
City10473 42.2439 -71.9928 3.6
42.2444 -83.1458 1
City10474 42.2444 -83.1458 2.5
42.2456 -93.0644 1
City10475 42.2456 -93.0644 4.1
42.2458 -71.2833 1
City10476 42.2458 -71.2833 3.8
42.2458 -84.4014 1
City10477 42.2458 -84.4014 4.4
42.2458 -122.7875 1
City10478 42.2458 -122.7875 2.8
42.2464 -88.2428 1
City10479 42.2464 -88.2428 4.0
42.2483 -73.6536 1
City10480 42.2483 -73.6536 4.1
42.2486 -88.6083 1
City10481 42.2486 -88.6083 2.6
42.2500 -71.0667 1
City10482 42.2500 -71.0667 4.3
42.2506 -83.1786 1
City10483 42.2506 -83.1786 2.7
42.2508 -84.2131 1
City10484 42.2508 -84.2131 3.2
42.2525 -78.8058 1
City10485 42.2525 -78.8058 4.1
42.2528 -71.0028 1
City10486 42.2528 -71.0028 3.8
42.2528 -73.7914 1
City10487 42.2528 -73.7914 4.2
42.2539 -79.5047 1
City10488 42.2539 -79.5047 4.1
42.2542 -73.3667 1
City10489 42.2542 -73.3667 2.9
42.2542 -77.7908 1
City10490 42.2542 -77.7908 2.8
42.2564 -72.5167 1
City10491 42.2564 -72.5167 2.6
42.2564 -90.2794 1
City10492 42.2564 -90.2794 3.6
42.2575 -83.2111 1
City10493 42.2575 -83.2111 4.1
42.2578 -98.3461 1
City10494 42.2578 -98.3461 4.2
42.2583 -84.5997 1
City10495 42.2583 -84.5997 3.5
42.2586 -90.4228 1
City10496 42.2586 -90.4228 3.4
42.2589 -88.1392 1
City10497 42.2589 -88.1392 2.6
42.2597 -72.2403 1
City10498 42.2597 -72.2403 4.2
42.2603 -73.8100 1
City10499 42.2603 -73.8100 4.1
42.2614 -94.0683 1
City10500 42.2614 -94.0683 3.5
42.2625 -71.8028 1
City10501 42.2625 -71.8028 2.7
42.2631 -88.0039 1
City10502 42.2631 -88.0039 4.1
42.2639 -79.2589 1
City10503 42.2639 -79.2589 2.7
42.2639 -88.8442 1
City10504 42.2639 -88.8442 3.3
42.2653 -89.8258 1
City10505 42.2653 -89.8258 2.9
42.2661 -89.2411 1
City10506 42.2661 -89.2411 2.5
42.2667 -72.0833 1
City10507 42.2667 -72.0833 3.8
42.2669 -79.7108 1
City10508 42.2669 -79.7108 3.0
42.2675 -94.7336 1
City10509 42.2675 -94.7336 3.6
42.2689 -71.5244 1
City10510 42.2689 -71.5244 3.3
42.2692 -96.8647 1
City10511 42.2692 -96.8647 3.5
42.2694 -71.6167 1
City10512 42.2694 -71.6167 3.3
42.2697 -104.7411 1
City10513 42.2697 -104.7411 2.9
42.2703 -77.6061 1
City10514 42.2703 -77.6061 3.8
42.2703 -94.5483 1
City10515 42.2703 -94.5483 3.9
42.2711 -89.0939 1
City10516 42.2711 -89.0939 3.5
42.2711 -95.0928 1
City10517 42.2711 -95.0928 4.0
42.2714 -93.9269 1
City10518 42.2714 -93.9269 4.3
42.2722 -84.9633 1
City10519 42.2722 -84.9633 4.0
42.2733 -83.1344 1
City10520 42.2733 -83.1344 4.3
42.2750 -78.6731 1
City10521 42.2750 -78.6731 4.1
42.2756 -122.8169 1
City10522 42.2756 -122.8169 3.4
42.2761 -88.1919 1
City10523 42.2761 -88.1919 3.6
42.2769 -72.4014 1
City10524 42.2769 -72.4014 4.0
42.2781 -74.9164 1
City10525 42.2781 -74.9164 3.6
42.2786 -96.7264 1
City10526 42.2786 -96.7264 4.1
42.2789 -87.8342 1
City10527 42.2789 -87.8342 2.7
42.2792 -71.4167 1
City10528 42.2792 -71.4167 2.8
42.2806 -94.2906 1
City10529 42.2806 -94.2906 4.0
42.2808 -91.5303 1
City10530 42.2808 -91.5303 3.3
42.2814 -83.3864 1
City10531 42.2814 -83.3864 3.2
42.2825 -83.1753 1
City10532 42.2825 -83.1753 3.1
42.2831 -87.9531 1
City10533 42.2831 -87.9531 3.5
42.2833 -71.2333 1
City10534 42.2833 -71.2333 4.3
42.2833 -83.7458 1
City10535 42.2833 -83.7458 4.0
42.2861 -73.7392 1
City10536 42.2861 -73.7392 2.8
42.2867 -91.7806 1
City10537 42.2867 -91.7806 4.0
42.2875 -73.3208 1
City10538 42.2875 -73.3208 3.8
42.2886 -77.2186 1
City10539 42.2886 -77.2186 3.1
42.2886 -85.4181 1
City10540 42.2886 -85.4181 2.5
42.2900 -88.2247 1
City10541 42.2900 -88.2247 3.0
42.2917 -85.5872 1
City10542 42.2917 -85.5872 3.1
42.2933 -75.4797 1
City10543 42.2933 -75.4797 3.1
42.2942 -83.3100 1
City10544 42.2942 -83.3100 2.9
42.2944 -79.1000 1
City10545 42.2944 -79.1000 3.7
42.2964 -71.2931 1
City10546 42.2964 -71.2931 4.1
42.2967 -89.6211 1
City10547 42.2967 -89.6211 3.7
42.2986 -91.0147 1
City10548 42.2986 -91.0147 4.0
42.2989 -73.9989 1
City10549 42.2989 -73.9989 3.0
42.3019 -70.9083 1
City10550 42.3019 -70.9083 3.8
42.3031 -85.5503 1
City10551 42.3031 -85.5503 3.9
42.3042 -73.2486 1
City10552 42.3042 -73.2486 3.7
42.3056 -93.3000 1
City10553 42.3056 -93.3000 3.5
42.3067 -78.0161 1
City10554 42.3067 -78.0161 2.6
42.3083 -85.2192 1
City10555 42.3083 -85.2192 3.1
42.3122 -95.2503 1
City10556 42.3122 -95.2503 2.6
42.3125 -72.2083 1
City10557 42.3125 -72.2083 3.8
42.3125 -86.1131 1
City10558 42.3125 -86.1131 3.0
42.3136 -122.9658 1
City10559 42.3136 -122.9658 2.7
42.3139 -89.3592 1
City10560 42.3139 -89.3592 4.4
42.3147 -75.3919 1
City10561 42.3147 -75.3919 4.2
42.3147 -88.4486 1
City10562 42.3147 -88.4486 3.7
42.3150 -92.1919 1
City10563 42.3150 -92.1919 4.0
42.3153 -93.4342 1
City10564 42.3153 -93.4342 4.2
42.3156 -95.5983 1
City10565 42.3156 -95.5983 3.6
42.3178 -90.2214 1
City10566 42.3178 -90.2214 4.1
42.3181 -84.0206 1
City10567 42.3181 -84.0206 3.8
42.3189 -85.1425 1
City10568 42.3189 -85.1425 4.0
42.3189 -88.2581 1
City10569 42.3189 -88.2581 4.1
42.3194 -71.6417 1
City10570 42.3194 -71.6417 2.8
42.3200 -89.0581 1
City10571 42.3200 -89.0581 2.5
42.3208 -71.3647 1
City10572 42.3208 -71.3647 4.3
42.3211 -85.1797 1
City10573 42.3211 -85.1797 4.3
42.3217 -96.4892 1
City10574 42.3217 -96.4892 4.1
42.3217 -103.0725 1
City10575 42.3217 -103.0725 3.6
42.3222 -77.7386 1
City10576 42.3222 -77.7386 4.0
42.3222 -79.5783 1
City10577 42.3222 -79.5783 3.2
42.3222 -83.1764 1
City10578 42.3222 -83.1764 3.7
42.3222 -111.2969 1
City10579 42.3222 -111.2969 3.8
42.3236 -92.5992 1
City10580 42.3236 -92.5992 4.1
42.3242 -83.4003 1
City10581 42.3242 -83.4003 3.5
42.3250 -72.6417 1
City10582 42.3250 -72.6417 3.9
42.3253 -75.3128 1
City10583 42.3253 -75.3128 4.0
42.3256 -83.3311 1
City10584 42.3256 -83.3311 2.8
42.3256 -87.8411 1
City10585 42.3256 -87.8411 3.4
42.3267 -122.8744 1
City10586 42.3267 -122.8744 2.9
42.3278 -77.6614 1
City10587 42.3278 -77.6614 2.7
42.3281 -85.5697 1
City10588 42.3281 -85.5697 3.3
42.3286 -88.1989 1
City10589 42.3286 -88.1989 2.6
42.3289 -75.9681 1
City10590 42.3289 -75.9681 3.4
42.3292 -75.7703 1
City10591 42.3292 -75.7703 4.2
42.3292 -78.8683 1
City10592 42.3292 -78.8683 3.6
42.3314 -83.0458 1
City10593 42.3314 -83.0458 4.4
42.3364 -85.3522 1
City10594 42.3364 -85.3522 3.2
42.3367 -76.7889 1
City10595 42.3367 -76.7889 3.2
42.3369 -71.2097 1
City10596 42.3369 -71.2097 4.1
42.3369 -77.3181 1
City10597 42.3369 -77.3181 4.4
42.3369 -78.4583 1
City10598 42.3369 -78.4583 3.4
42.3369 -83.2733 1
City10599 42.3369 -83.2733 3.9
42.3383 -83.8886 1
City10600 42.3383 -83.8886 4.1
42.3403 -72.5056 1
City10601 42.3403 -72.5056 3.3
42.3428 -87.9981 1
City10602 42.3428 -87.9981 3.6
42.3428 -89.0519 1
City10603 42.3428 -89.0519 3.4
42.3439 -91.2483 1
City10604 42.3439 -91.2483 3.1
42.3442 -79.3097 1
City10605 42.3442 -79.3097 4.4
42.3444 -88.0417 1
City10606 42.3444 -88.0417 3.5
42.3447 -88.2739 1
City10607 42.3447 -88.2739 4.2
42.3450 -95.4714 1
City10608 42.3450 -95.4714 3.6
42.3458 -71.5528 1
City10609 42.3458 -71.5528 2.9
42.3461 -77.6617 1
City10610 42.3461 -77.6617 2.9
42.3472 -76.8456 1
City10611 42.3472 -76.8456 3.9
42.3483 -87.8842 1
City10612 42.3483 -87.8842 3.4
42.3497 -90.0067 1
City10613 42.3497 -90.0067 4.1
42.3497 -97.7917 1
City10614 42.3497 -97.7917 3.7
42.3508 -73.8033 1
City10615 42.3508 -73.8033 4.0
42.3533 -88.0933 1
City10616 42.3533 -88.0933 2.8
42.3564 -73.2853 1
City10617 42.3564 -73.2853 2.8
42.3569 -88.0767 1
City10618 42.3569 -88.0767 4.0
42.3583 -71.0603 1
City10619 42.3583 -71.0603 3.5
42.3600 -94.0519 1
City10620 42.3600 -94.0519 2.6
42.3600 -97.5964 1
City10621 42.3600 -97.5964 2.9
42.3608 -85.8794 1
City10622 42.3608 -85.8794 2.7
42.3608 -93.0994 1
City10623 42.3608 -93.0994 2.8
42.3617 -92.7683 1
City10624 42.3617 -92.7683 3.1
42.3636 -87.8447 1
City10625 42.3636 -87.8447 3.4
42.3642 -73.5953 1
City10626 42.3642 -73.5953 4.0
42.3642 -79.0558 1
City10627 42.3642 -79.0558 3.5
42.3683 -83.3528 1
City10628 42.3683 -83.3528 4.2
42.3683 -88.2925 1
City10629 42.3683 -88.2925 2.8
42.3694 -71.9486 1
City10630 42.3694 -71.9486 4.3
42.3703 -87.9019 1
City10631 42.3703 -87.9019 3.0
42.3708 -71.1833 1
City10632 42.3708 -71.1833 3.3
42.3708 -72.5986 1
City10633 42.3708 -72.5986 3.4
42.3717 -88.0900 1
City10634 42.3717 -88.0900 3.3
42.3736 -72.5208 1
City10635 42.3736 -72.5208 2.6
42.3750 -70.9833 1
City10636 42.3750 -70.9833 4.0
42.3758 -82.9375 1
City10637 42.3758 -82.9375 3.3
42.3758 -89.6331 1
City10638 42.3758 -89.6331 3.4
42.3764 -71.2361 1
City10639 42.3764 -71.2361 3.4
42.3783 -84.6986 1
City10640 42.3783 -84.6986 3.4
42.3786 -97.3567 1
City10641 42.3786 -97.3567 2.9
42.3794 -89.8222 1
City10642 42.3794 -89.8222 3.9
42.3800 -88.1042 1
City10643 42.3800 -88.1042 3.0
42.3806 -76.8736 1
City10644 42.3806 -76.8736 3.7
42.3811 -88.1397 1
City10645 42.3811 -88.1397 3.8
42.3828 -85.9569 1
City10646 42.3828 -85.9569 4.0
42.3861 -82.9119 1
City10647 42.3861 -82.9119 3.5
42.3875 -71.1000 1
City10648 42.3875 -71.1000 3.7
42.3883 -95.8664 1
City10649 42.3883 -95.8664 3.7
42.3886 -79.4414 1
City10650 42.3886 -79.4414 2.8
42.3886 -89.5261 1
City10651 42.3886 -89.5261 2.8
42.3917 -71.0333 1
City10652 42.3917 -71.0333 3.3
42.3917 -71.5667 1
City10653 42.3917 -71.5667 3.0
42.3928 -83.0497 1
City10654 42.3928 -83.0497 3.9
42.3933 -88.3403 1
City10655 42.3933 -88.3403 3.2
42.3944 -77.6969 1
City10656 42.3944 -77.6969 4.1
42.3944 -91.7608 1
City10657 42.3944 -91.7608 3.2
42.3953 -73.6983 1
City10658 42.3953 -73.6983 3.0
42.3953 -94.6336 1
City10659 42.3953 -94.6336 4.0
42.3958 -71.1792 1
City10660 42.3958 -71.1792 3.2
42.3967 -88.1836 1
City10661 42.3967 -88.1836 3.5
42.3972 -75.1739 1
City10662 42.3972 -75.1739 3.7
42.3986 -88.0525 1
City10663 42.3986 -88.0525 2.9
42.3997 -88.7403 1
City10664 42.3997 -88.7403 3.7
42.4031 -86.2736 1
City10665 42.4031 -86.2736 3.7
42.4039 -96.3583 1
City10666 42.4039 -96.3583 3.8
42.4067 -92.4553 1
City10667 42.4067 -92.4553 4.1
42.4072 -74.6147 1
City10668 42.4072 -74.6147 3.2
42.4075 -124.4206 1
City10669 42.4075 -124.4206 3.6
42.4078 -77.2239 1
City10670 42.4078 -77.2239 3.2
42.4081 -88.1317 1
City10671 42.4081 -88.1317 4.0
42.4083 -71.0125 1
City10672 42.4083 -71.0125 2.7
42.4083 -71.0542 1
City10673 42.4083 -71.0542 3.6
42.4086 -88.2064 1
City10674 42.4086 -88.2064 2.8
42.4092 -82.8919 1
City10675 42.4092 -82.8919 3.1
42.4094 -77.4217 1
City10676 42.4094 -77.4217 3.7
42.4103 -72.5314 1
City10677 42.4103 -72.5314 2.7
42.4106 -88.0261 1
City10678 42.4106 -88.0261 3.0
42.4133 -73.6736 1
City10679 42.4133 -73.6736 3.6
42.4133 -89.0092 1
City10680 42.4133 -89.0092 3.0
42.4153 -71.1569 1
City10681 42.4153 -71.1569 4.3
42.4156 -96.4181 1
City10682 42.4156 -96.4181 4.4
42.4161 -92.2147 1
City10683 42.4161 -92.2147 3.8
42.4167 -71.6833 1
City10684 42.4167 -71.6833 3.1
42.4167 -90.4289 1
City10685 42.4167 -90.4289 4.3
42.4169 -88.0739 1
City10686 42.4169 -88.0739 3.7
42.4183 -71.1067 1
City10687 42.4183 -71.1067 3.4
42.4222 -88.6136 1
City10688 42.4222 -88.6136 3.1
42.4222 -94.9894 1
City10689 42.4222 -94.9894 3.3
42.4228 -72.1056 1
City10690 42.4228 -72.1056 3.3
42.4233 -78.1575 1
City10691 42.4233 -78.1575 4.3
42.4247 -94.1500 1
City10692 42.4247 -94.1500 4.1
42.4250 -71.0667 1
City10693 42.4250 -71.0667 3.5
42.4264 -70.9194 1
City10694 42.4264 -70.9194 3.0
42.4286 -87.9239 1
City10695 42.4286 -87.9239 3.1
42.4286 -112.1236 1
City10696 42.4286 -112.1236 2.7
42.4292 -76.4953 1
City10697 42.4292 -76.4953 3.1
42.4294 -97.0894 1
City10698 42.4294 -97.0894 3.2
42.4297 -91.3308 1
City10699 42.4297 -91.3308 2.5
42.4311 -83.4833 1
City10700 42.4311 -83.4833 3.2
42.4331 -82.9242 1
City10701 42.4331 -82.9242 4.1
42.4333 -71.4500 1
City10702 42.4333 -71.4500 3.7
42.4361 -123.1708 1
City10703 42.4361 -123.1708 3.6
42.4364 -89.3319 1
City10704 42.4364 -89.3319 4.2
42.4367 -82.8769 1
City10705 42.4367 -82.8769 3.1
42.4375 -122.8578 1
City10706 42.4375 -122.8578 2.8
42.4392 -123.3272 1
City10707 42.4392 -123.3272 4.3
42.4394 -83.7439 1
City10708 42.4394 -83.7439 4.1
42.4400 -79.3319 1
City10709 42.4400 -79.3319 3.1
42.4400 -85.6489 1
City10710 42.4400 -85.6489 2.5
42.4406 -76.4969 1
City10711 42.4406 -76.4969 3.0
42.4408 -73.6614 1
City10712 42.4408 -73.6614 3.0
42.4414 -84.9242 1
City10713 42.4414 -84.9242 3.6
42.4417 -76.0325 1
City10714 42.4417 -76.0325 3.6
42.4428 -91.0061 1
City10715 42.4428 -91.0061 2.6
42.4433 -85.0181 1
City10716 42.4433 -85.0181 4.3
42.4436 -82.9069 1
City10717 42.4436 -82.9069 3.6
42.4444 -71.6875 1
City10718 42.4444 -71.6875 2.8
42.4450 -90.9319 1
City10719 42.4450 -90.9319 3.7
42.4461 -87.8328 1
City10720 42.4461 -87.8328 3.1
42.4472 -71.2250 1
City10721 42.4472 -71.2250 3.1
42.4500 -73.2458 1
City10722 42.4500 -73.2458 3.6
42.4511 -84.1806 1
City10723 42.4511 -84.1806 3.9
42.4514 -84.4325 1
City10724 42.4514 -84.4325 3.7
42.4522 -71.1375 1
City10725 42.4522 -71.1375 4.4
42.4528 -75.0642 1
City10726 42.4528 -75.0642 2.6
42.4567 -83.9464 1
City10727 42.4567 -83.9464 2.9
42.4578 -98.6472 1
City10728 42.4578 -98.6472 3.5
42.4583 -71.0667 1
City10729 42.4583 -71.0667 3.1
42.4583 -71.3958 1
City10730 42.4583 -71.3958 3.8
42.4592 -92.9383 1
City10731 42.4592 -92.9383 4.1
42.4594 -76.4869 1
City10732 42.4594 -76.4869 4.4
42.4606 -83.1347 1
City10733 42.4606 -83.1347 4.0
42.4606 -83.6517 1
City10734 42.4606 -83.6517 3.1
42.4606 -85.6964 1
City10735 42.4606 -85.6964 3.6
42.4614 -77.7772 1
City10736 42.4614 -77.7772 3.0
42.4614 -95.1517 1
City10737 42.4614 -95.1517 2.9
42.4625 -83.1042 1
City10738 42.4625 -83.1042 4.1
42.4631 -78.9361 1
City10739 42.4631 -78.9361 4.2
42.4642 -92.6281 1
City10740 42.4642 -92.6281 3.4
42.4644 -83.3764 1
City10741 42.4644 -83.3764 3.0
42.4647 -71.0106 1
City10742 42.4647 -71.0106 3.3
42.4661 -78.1153 1
City10743 42.4661 -78.1153 3.5
42.4667 -70.9500 1
City10744 42.4667 -70.9500 2.9
42.4667 -97.9058 1
City10745 42.4667 -97.9058 3.0
42.4669 -92.2564 1
City10746 42.4669 -92.2564 3.4
42.4683 -73.8167 1
City10747 42.4683 -73.8167 3.8
42.4683 -79.1772 1
City10748 42.4683 -79.1772 2.7
42.4683 -82.9556 1
City10749 42.4683 -82.9556 3.6
42.4683 -89.6439 1
City10750 42.4683 -89.6439 2.9
42.4686 -91.8892 1
City10751 42.4686 -91.8892 4.1
42.4689 -92.2194 1
City10752 42.4689 -92.2194 2.6
42.4692 -92.2808 1
City10753 42.4692 -92.2808 3.8
42.4694 -93.8158 1
City10754 42.4694 -93.8158 2.8
42.4706 -93.9933 1
City10755 42.4706 -93.9933 3.8
42.4708 -70.9181 1
City10756 42.4708 -70.9181 4.1
42.4711 -83.1422 1
City10757 42.4711 -83.1422 2.6
42.4717 -88.4322 1
City10758 42.4717 -88.4322 2.7
42.4728 -122.8017 1
City10759 42.4728 -122.8017 3.9
42.4733 -83.2219 1
City10760 42.4733 -83.2219 4.0
42.4733 -91.7342 1
City10761 42.4733 -91.7342 3.0
42.4739 -96.4133 1
City10762 42.4739 -96.4133 4.0
42.4750 -95.7853 1
City10763 42.4750 -95.7853 2.6
42.4756 -92.0636 1
City10764 42.4756 -92.0636 3.4
42.4772 -72.6083 1
City10765 42.4772 -72.6083 3.3
42.4772 -88.0956 1
City10766 42.4772 -88.0956 3.4
42.4775 -83.0278 1
City10767 42.4775 -83.0278 3.3
42.4789 -87.8236 1
City10768 42.4789 -87.8236 4.0
42.4792 -71.1528 1
City10769 42.4792 -71.1528 3.0
42.4794 -79.3342 1
City10770 42.4794 -79.3342 2.8
42.4800 -71.1000 1
City10771 42.4800 -71.1000 4.0
42.4806 -83.1669 1
City10772 42.4806 -83.1669 3.7
42.4806 -83.4756 1
City10773 42.4806 -83.4756 4.4
42.4817 -91.2722 1
City10774 42.4817 -91.2722 3.7
42.4842 -91.4553 1
City10775 42.4842 -91.4553 4.3
42.4844 -91.1228 1
City10776 42.4844 -91.1228 4.4
42.4850 -83.0278 1
City10777 42.4850 -83.0278 4.0
42.4858 -83.1053 1
City10778 42.4858 -83.1053 4.2
42.4889 -96.0722 1
City10779 42.4889 -96.0722 2.6
42.4892 -78.4811 1
City10780 42.4892 -78.4811 3.5
42.4892 -95.5447 1
City10781 42.4892 -95.5447 2.7
42.4894 -83.1447 1
City10782 42.4894 -83.1447 3.5
42.4908 -76.2975 1
City10783 42.4908 -76.2975 2.6
42.4922 -90.6428 1
City10784 42.4922 -90.6428 3.8
42.4928 -92.3428 1
City10785 42.4928 -92.3428 2.7
42.4931 -89.0367 1
City10786 42.4931 -89.0367 2.7
42.4947 -107.8267 1
City10787 42.4947 -107.8267 4.3
42.4964 -83.2228 1
City10788 42.4964 -83.2228 3.9
42.4964 -89.9894 1
City10789 42.4964 -89.9894 2.9
42.4969 -82.8889 1
City10790 42.4969 -82.8889 4.3
42.4972 -82.9372 1
City10791 42.4972 -82.9372 3.7
42.4975 -94.1678 1
City10792 42.4975 -94.1678 2.5
42.4983 -88.3297 1
City10793 42.4983 -88.3297 3.7
42.4994 -97.5417 1
City10794 42.4994 -97.5417 2.9
42.5000 -70.8583 1
City10795 42.5000 -70.8583 2.7
42.5000 -95.2928 1
City10796 42.5000 -95.2928 2.9
42.5000 -96.4000 1
City10797 42.5000 -96.4000 3.1
42.5006 -90.6644 1
City10798 42.5006 -90.6644 3.6
42.5022 -77.5075 1
City10799 42.5022 -77.5075 3.6
42.5025 -88.7289 1
City10800 42.5025 -88.7289 2.8
42.5031 -83.1836 1
City10801 42.5031 -83.1836 4.3
42.5047 -71.1961 1
City10802 42.5047 -71.1961 2.6
42.5061 -97.2033 1
City10803 42.5061 -97.2033 3.0
42.5064 -71.0733 1
City10804 42.5064 -71.0733 4.0
42.5083 -89.0317 1
City10805 42.5083 -89.0317 2.7
42.5092 -84.6558 1
City10806 42.5092 -84.6558 3.5
42.5144 -90.7514 1
City10807 42.5144 -90.7514 3.7
42.5158 -73.6106 1
City10808 42.5158 -73.6106 3.4
42.5158 -83.2733 1
City10809 42.5158 -83.2733 3.3
42.5183 -73.7517 1
City10810 42.5183 -73.7517 2.8
42.5194 -70.8972 1
City10811 42.5194 -70.8972 2.8
42.5203 -93.3758 1
City10812 42.5203 -93.3758 2.7
42.5222 -83.3061 1
City10813 42.5222 -83.3061 4.3
42.5225 -93.2511 1
City10814 42.5225 -93.2511 4.3
42.5233 -76.9769 1
City10815 42.5233 -76.9769 3.0
42.5247 -83.5364 1
City10816 42.5247 -83.5364 3.5
42.5250 -71.7603 1
City10817 42.5250 -71.7603 4.2
42.5256 -71.0958 1
City10818 42.5256 -71.0958 4.2
42.5272 -96.4828 1
City10819 42.5272 -96.4828 2.9
42.5278 -70.9292 1
City10820 42.5278 -70.9292 3.4
42.5278 -92.4453 1
City10821 42.5278 -92.4453 2.6
42.5292 -71.2286 1
City10822 42.5292 -71.2286 3.8
42.5292 -85.8553 1
City10823 42.5292 -85.8553 3.5
42.5294 -83.7803 1
City10824 42.5294 -83.7803 2.8
42.5297 -114.3053 1
City10825 42.5297 -114.3053 2.5
42.5300 -78.4731 1
City10826 42.5300 -78.4731 2.9
42.5311 -75.5239 1
City10827 42.5311 -75.5239 3.9
42.5311 -88.2481 1
City10828 42.5311 -88.2481 2.7
42.5311 -88.5994 1
City10829 42.5311 -88.5994 3.5
42.5314 -98.9778 1
City10830 42.5314 -98.9778 3.1
42.5328 -90.4344 1
City10831 42.5328 -90.4344 2.7
42.5333 -83.1464 1
City10832 42.5333 -83.1464 4.3
42.5339 -78.4233 1
City10833 42.5339 -78.4233 3.8
42.5339 -114.3639 1
City10834 42.5339 -114.3639 3.6
42.5347 -88.1436 1
City10835 42.5347 -88.1436 3.5
42.5358 -113.7919 1
City10836 42.5358 -113.7919 3.0
42.5364 -99.7003 1
City10837 42.5364 -99.7003 3.9
42.5378 -83.4811 1
City10838 42.5378 -83.4811 4.4
42.5381 -88.3508 1
City10839 42.5381 -88.3508 3.3
42.5383 -110.1136 1
City10840 42.5383 -110.1136 4.0
42.5389 -71.0486 1
City10841 42.5389 -71.0486 4.2
42.5392 -82.9494 1
City10842 42.5392 -82.9494 4.2
42.5422 -76.6664 1
City10843 42.5422 -76.6664 2.5
42.5436 -71.6500 1
City10844 42.5436 -71.6500 3.0
42.5442 -79.1669 1
City10845 42.5442 -79.1669 3.1
42.5458 -71.4750 1
City10846 42.5458 -71.4750 2.5
42.5464 -71.1742 1
City10847 42.5464 -71.1742 3.4
42.5467 -83.2114 1
City10848 42.5467 -83.2114 3.5
42.5486 -75.2456 1
City10849 42.5486 -75.2456 3.9
42.5489 -74.8214 1
City10850 42.5489 -74.8214 3.2
42.5500 -99.8622 1
City10851 42.5500 -99.8622 4.4
42.5511 -94.6836 1
City10852 42.5511 -94.6836 3.8
42.5536 -88.2944 1
City10853 42.5536 -88.2944 3.7
42.5536 -110.1086 1
City10854 42.5536 -110.1086 4.0
42.5542 -93.0531 1
City10855 42.5542 -93.0531 2.9
42.5567 -83.4739 1
City10856 42.5567 -83.4739 3.1
42.5578 -88.8650 1
City10857 42.5578 -88.8650 3.8
42.5583 -70.8806 1
City10858 42.5583 -70.8806 3.8
42.5586 -113.7631 1
City10859 42.5586 -113.7631 3.9
42.5608 -77.6964 1
City10860 42.5608 -77.6964 2.9
42.5611 -71.5903 1
City10861 42.5611 -71.5903 4.2
42.5631 -114.4600 1
City10862 42.5631 -114.4600 4.2
42.5636 -84.8358 1
City10863 42.5636 -84.8358 4.3
42.5669 -92.6219 1
City10864 42.5669 -92.6219 4.1
42.5678 -77.5900 1
City10865 42.5678 -77.5900 4.1
42.5697 -90.3806 1
City10866 42.5697 -90.3806 4.0
42.5700 -92.1603 1
City10867 42.5700 -92.1603 3.5
42.5703 -114.6069 1
City10868 42.5703 -114.6069 4.1
42.5733 -90.2308 1
City10869 42.5733 -90.2308 3.9
42.5750 -70.9306 1
City10870 42.5750 -70.9306 4.3
42.5750 -71.9986 1
City10871 42.5750 -71.9986 2.5
42.5761 -111.7297 1
City10872 42.5761 -111.7297 2.8
42.5775 -88.1050 1
City10873 42.5775 -88.1050 2.5
42.5775 -92.7867 1
City10874 42.5775 -92.7867 4.2
42.5778 -121.8650 1
City10875 42.5778 -121.8650 3.5
42.5781 -88.5408 1
City10876 42.5781 -88.5408 2.7
42.5794 -77.9428 1
City10877 42.5794 -77.9428 2.7
42.5803 -83.0303 1
City10878 42.5803 -83.0303 3.2
42.5814 -94.8458 1
City10879 42.5814 -94.8458 4.2
42.5819 -72.4931 1
City10880 42.5819 -72.4931 4.3
42.5822 -76.2094 1
City10881 42.5822 -76.2094 3.6
42.5833 -71.8028 1
City10882 42.5833 -71.8028 2.9
42.5836 -83.2456 1
City10883 42.5836 -83.2456 4.1
42.5842 -88.6325 1
City10884 42.5842 -88.6325 3.8
42.5842 -92.8842 1
City10885 42.5842 -92.8842 3.1
42.5847 -87.8211 1
City10886 42.5847 -87.8211 4.4
42.5858 -99.5375 1
City10887 42.5858 -99.5375 2.6
42.5875 -72.6000 1
City10888 42.5875 -72.6000 4.4
42.5878 -76.3672 1
City10889 42.5878 -76.3672 3.8
42.5883 -95.9672 1
City10890 42.5883 -95.9672 3.6
42.5903 -72.3103 1
City10891 42.5903 -72.3103 2.9
42.5906 -74.9456 1
City10892 42.5906 -74.9456 3.2
42.5936 -83.5994 1
City10893 42.5936 -83.5994 3.8
42.5939 -86.1017 1
City10894 42.5939 -86.1017 2.6
42.5944 -71.7250 1
City10895 42.5944 -71.7250 3.9
42.5953 -78.9414 1
City10896 42.5953 -78.9414 3.6
42.5958 -72.2272 1
City10897 42.5958 -72.2272 4.4
42.5961 -76.0936 1
City10898 42.5961 -76.0936 3.9
42.5969 -98.0333 1
City10899 42.5969 -98.0333 3.0
42.5972 -82.8781 1
City10900 42.5972 -82.8781 2.7
42.5986 -91.6419 1
City10901 42.5986 -91.6419 3.6
42.5989 -97.6453 1
City10902 42.5989 -97.6453 4.4
42.5992 -99.1422 1
City10903 42.5992 -99.1422 3.4
42.5992 -114.7586 1
City10904 42.5992 -114.7586 4.2
42.6011 -76.1808 1
City10905 42.6011 -76.1808 2.5
42.6011 -89.6383 1
City10906 42.6011 -89.6383 3.1
42.6017 -88.7075 1
City10907 42.6017 -88.7075 2.9
42.6025 -96.5589 1
City10908 42.6025 -96.5589 3.2
42.6028 -85.0931 1
City10909 42.6028 -85.0931 2.6
42.6042 -72.5569 1
City10910 42.6042 -72.5569 2.9
42.6042 -72.7397 1
City10911 42.6042 -72.7397 2.7
42.6056 -90.4297 1
City10912 42.6056 -90.4297 3.7
42.6056 -95.0025 1
City10913 42.6056 -95.0025 3.5
42.6072 -83.9294 1
City10914 42.6072 -83.9294 3.4
42.6081 -83.3439 1
City10915 42.6081 -83.3439 2.9
42.6081 -113.7825 1
City10916 42.6081 -113.7825 3.6
42.6083 -72.0764 1
City10917 42.6083 -72.0764 3.9
42.6103 -71.9394 1
City10918 42.6103 -71.9394 3.2
42.6111 -71.5750 1
City10919 42.6111 -71.5750 3.4
42.6114 -83.3286 1
City10920 42.6114 -83.3286 3.4
42.6122 -88.4822 1
City10921 42.6122 -88.4822 3.4
42.6144 -94.1458 1
City10922 42.6144 -94.1458 3.6
42.6153 -77.0925 1
City10923 42.6153 -77.0925 3.0
42.6153 -77.4028 1
City10924 42.6153 -77.4028 3.1
42.6158 -70.6625 1
City10925 42.6158 -70.6625 4.1
42.6169 -76.7253 1
City10926 42.6169 -76.7253 4.0
42.6183 -82.5311 1
City10927 42.6183 -82.5311 2.9
42.6183 -89.3761 1
City10928 42.6183 -89.3761 3.5
42.6192 -113.6764 1
City10929 42.6192 -113.6764 4.2
42.6208 -91.9000 1
City10930 42.6208 -91.9000 3.4
42.6214 -95.1731 1
City10931 42.6214 -95.1731 2.7
42.6219 -73.8331 1
City10932 42.6219 -73.8331 4.3
42.6225 -97.2642 1
City10933 42.6225 -97.2642 3.9
42.6236 -85.7603 1
City10934 42.6236 -85.7603 3.8
42.6242 -73.1181 1
City10935 42.6242 -73.1181 4.0
42.6242 -75.3319 1
City10936 42.6242 -75.3319 4.1
42.6242 -79.0672 1
City10937 42.6242 -79.0672 4.2
42.6261 -83.0336 1
City10938 42.6261 -83.0336 3.2
42.6272 -90.5919 1
City10939 42.6272 -90.5919 3.3
42.6275 -89.2531 1
City10940 42.6275 -89.2531 4.0
42.6278 -96.2914 1
City10941 42.6278 -96.2914 4.3
42.6289 -78.0547 1
City10942 42.6289 -78.0547 3.8
42.6289 -85.0242 1
City10943 42.6289 -85.0242 2.9
42.6292 -84.7389 1
City10944 42.6292 -84.7389 4.1
42.6319 -70.7833 1
City10945 42.6319 -70.7833 2.5
42.6331 -88.6436 1
City10946 42.6331 -88.6436 3.8
42.6333 -71.3167 1
City10947 42.6333 -71.3167 3.2
42.6339 -73.5542 1
City10948 42.6339 -73.5542 3.9
42.6342 -74.5644 1
City10949 42.6342 -74.5644 4.2
42.6369 -76.1792 1
City10950 42.6369 -76.1792 3.8
42.6375 -70.9500 1
City10951 42.6375 -70.9500 2.9
42.6383 -79.0281 1
City10952 42.6383 -79.0281 3.4
42.6389 -83.2911 1
City10953 42.6389 -83.2911 3.8
42.6392 -92.0469 1
City10954 42.6392 -92.0469 3.2
42.6406 -84.5153 1
City10955 42.6406 -84.5153 3.2
42.6411 -95.2094 1
City10956 42.6411 -95.2094 3.1
42.6425 -73.7433 1
City10957 42.6425 -73.7433 2.8
42.6433 -73.6092 1
City10958 42.6433 -73.6092 3.0
42.6444 -91.4011 1
City10959 42.6444 -91.4011 3.9
42.6456 -84.6489 1
City10960 42.6456 -84.6489 3.9
42.6461 -92.4628 1
City10961 42.6461 -92.4628 3.7
42.6506 -112.1922 1
City10962 42.6506 -112.1922 3.8
42.6525 -73.7567 1
City10963 42.6525 -73.7567 3.8
42.6539 -73.9292 1
City10964 42.6539 -73.9292 3.4
42.6544 -111.6039 1
City10965 42.6544 -111.6039 4.3
42.6550 -86.2019 1
City10966 42.6550 -86.2019 3.3
42.6567 -93.5008 1
City10967 42.6567 -93.5008 3.2
42.6583 -71.1375 1
City10968 42.6583 -71.1375 3.0
42.6606 -78.0858 1
City10969 42.6606 -78.0858 3.7
42.6606 -84.0731 1
City10970 42.6606 -84.0731 4.2
42.6608 -77.0542 1
City10971 42.6608 -77.0542 4.3
42.6611 -70.9972 1
City10972 42.6611 -70.9972 3.6
42.6642 -93.9042 1
City10973 42.6642 -93.9042 3.4
42.6653 -71.5736 1
City10974 42.6653 -71.5736 3.4
42.6658 -71.5889 1
City10975 42.6658 -71.5889 4.3
42.6658 -74.3100 1
City10976 42.6658 -74.3100 3.8
42.6667 -71.7056 1
City10977 42.6667 -71.7056 2.8
42.6669 -84.1742 1
City10978 42.6669 -84.1742 3.9
42.6708 -89.2089 1
City10979 42.6708 -89.2089 3.3
42.6714 -92.3372 1
City10980 42.6714 -92.3372 4.2
42.6728 -88.5444 1
City10981 42.6728 -88.5444 4.2
42.6733 -91.9133 1
City10982 42.6733 -91.9133 3.4
42.6736 -95.2903 1
City10983 42.6736 -95.2903 3.9
42.6739 -85.6447 1
City10984 42.6739 -85.6447 4.3
42.6764 -76.8233 1
City10985 42.6764 -76.8233 3.6
42.6778 -74.4858 1
City10986 42.6778 -74.4858 3.4
42.6781 -75.4989 1
City10987 42.6781 -75.4989 3.0
42.6781 -88.2761 1
City10988 42.6781 -88.2761 2.9
42.6792 -70.8417 1
City10989 42.6792 -70.8417 3.8
42.6806 -83.1339 1
City10990 42.6806 -83.1339 3.2
42.6811 -82.7369 1
City10991 42.6811 -82.7369 3.9
42.6822 -76.8689 1
City10992 42.6822 -76.8689 2.8
42.6828 -89.0186 1
City10993 42.6828 -89.0186 3.9
42.6831 -90.1175 1
City10994 42.6831 -90.1175 3.3
42.6831 -103.4122 1
City10995 42.6831 -103.4122 3.3
42.6833 -96.6833 1
City10996 42.6833 -96.6833 4.2
42.6836 -91.5339 1
City10997 42.6836 -91.5339 3.0
42.6839 -102.6894 1
City10998 42.6839 -102.6894 2.7
42.6856 -78.7769 1
City10999 42.6856 -78.7769 3.0
42.6861 -72.0444 1
City11000 42.6861 -72.0444 2.7
42.6881 -88.0514 1
City11001 42.6881 -88.0514 3.3
42.6889 -84.2831 1
City11002 42.6889 -84.2831 3.5
42.6894 -90.7119 1
City11003 42.6894 -90.7119 2.7
42.6903 -73.5650 1
City11004 42.6903 -73.5650 3.7
42.6911 -73.8692 1
City11005 42.6911 -73.8692 3.2
42.6919 -73.7250 1
City11006 42.6919 -73.7250 3.3
42.6950 -73.8075 1
City11007 42.6950 -73.8075 3.6
42.6958 -72.4533 1
City11008 42.6958 -72.4533 3.3
42.6981 -87.8944 1
City11009 42.6981 -87.8944 2.7
42.7006 -74.0342 1
City11010 42.7006 -74.0342 3.0
42.7006 -74.9247 1
City11011 42.7006 -74.9247 4.4
42.7008 -73.1092 1
City11012 42.7008 -73.1092 3.2
42.7011 -89.8669 1
City11013 42.7011 -89.8669 3.5
42.7022 -83.4028 1
City11014 42.7022 -83.4028 4.1
42.7022 -92.2253 1
City11015 42.7022 -92.2253 3.4
42.7047 -73.7553 1
City11016 42.7047 -73.7553 3.4
42.7069 -71.1636 1
City11017 42.7069 -71.1636 3.4
42.7078 -89.4369 1
City11018 42.7078 -89.4369 4.2
42.7103 -92.5828 1
City11019 42.7103 -92.5828 3.3
42.7119 -73.2042 1
City11020 42.7119 -73.2042 4.1
42.7125 -76.4219 1
City11021 42.7125 -76.4219 3.8
42.7128 -95.4364 1
City11022 42.7128 -95.4364 4.0
42.7131 -85.4619 1
City11023 42.7131 -85.4619 4.4
42.7144 -90.9906 1
City11024 42.7144 -90.9906 3.2
42.7156 -78.0058 1
City11025 42.7156 -78.0058 3.7
42.7167 -70.8792 1
City11026 42.7167 -70.8792 3.4
42.7178 -73.8339 1
City11027 42.7178 -73.8339 3.3
42.7183 -102.4636 1
City11028 42.7183 -102.4636 4.0
42.7194 -82.4922 1
City11029 42.7194 -82.4922 4.2
42.7197 -96.2483 1
City11030 42.7197 -96.2483 4.1
42.7200 -94.2000 1
City11031 42.7200 -94.2000 4.1
42.7203 -111.8850 1
City11032 42.7203 -111.8850 4.2
42.7208 -94.2150 1
City11033 42.7208 -94.2150 3.7
42.7222 -84.4275 1
City11034 42.7222 -84.4275 3.5
42.7242 -114.5178 1
City11035 42.7242 -114.5178 4.3
42.7250 -110.9311 1
City11036 42.7250 -110.9311 3.8
42.7256 -77.8744 1
City11037 42.7256 -77.8744 3.5
42.7258 -92.4753 1
City11038 42.7258 -92.4753 3.0
42.7261 -87.7828 1
City11039 42.7261 -87.7828 3.4
42.7283 -73.6922 1
City11040 42.7283 -73.6922 2.6
42.7289 -97.4953 1
City11041 42.7289 -97.4953 2.5
42.7294 -94.4475 1
City11042 42.7294 -94.4475 3.2
42.7300 -73.7017 1
City11043 42.7300 -73.7017 3.3
42.7317 -93.7328 1
City11044 42.7317 -93.7328 2.9
42.7325 -84.5556 1
City11045 42.7325 -84.5556 3.2
42.7342 -90.4783 1
City11046 42.7342 -90.4783 3.4
42.7356 -94.6689 1
City11047 42.7356 -94.6689 4.3
42.7358 -83.4189 1
City11048 42.7358 -83.4189 4.3
42.7361 -90.3342 1
City11049 42.7361 -90.3342 2.8
42.7364 -123.4222 1
City11050 42.7364 -123.4222 4.2
42.7369 -84.4839 1
City11051 42.7369 -84.4839 4.2
42.7400 -78.1331 1
City11052 42.7400 -78.1331 4.2
42.7414 -88.2242 1
City11053 42.7414 -88.2242 3.7
42.7419 -93.2022 1
City11054 42.7419 -93.2022 3.2
42.7442 -73.6919 1
City11055 42.7442 -73.6919 4.2
42.7456 -89.5947 1
City11056 42.7456 -89.5947 2.7
42.7458 -124.4961 1
City11057 42.7458 -124.4961 3.2
42.7469 -73.7594 1
City11058 42.7469 -73.7594 4.1
42.7469 -84.4011 1
City11059 42.7469 -84.4011 2.6
42.7494 -95.5514 1
City11060 42.7494 -95.5514 3.3
42.7519 -92.9753 1
City11061 42.7519 -92.9753 4.0
42.7528 -92.7950 1
City11062 42.7528 -92.7950 4.1
42.7533 -84.7464 1
City11063 42.7533 -84.7464 3.4
42.7539 -76.7028 1
City11064 42.7539 -76.7028 3.6
42.7583 -75.8847 1
City11065 42.7583 -75.8847 3.8
42.7597 -105.3817 1
City11066 42.7597 -105.3817 3.1
42.7600 -77.2267 1
City11067 42.7600 -77.2267 3.6
42.7622 -84.8964 1
City11068 42.7622 -84.8964 3.5
42.7622 -84.9925 1
City11069 42.7622 -84.9925 3.3
42.7625 -104.4517 1
City11070 42.7625 -104.4517 3.0
42.7631 -88.2142 1
City11071 42.7631 -88.2142 3.8
42.7647 -71.4403 1
City11072 42.7647 -71.4403 3.9
42.7653 -71.4681 1
City11073 42.7653 -71.4681 3.0
42.7672 -71.8128 1
City11074 42.7672 -71.8128 2.6
42.7675 -78.7442 1
City11075 42.7675 -78.7442 3.7
42.7678 -78.6136 1
City11076 42.7678 -78.6136 2.9
42.7703 -83.2642 1
City11077 42.7703 -83.2642 2.8
42.7733 -72.3836 1
City11078 42.7733 -72.3836 2.7
42.7739 -91.8822 1
City11079 42.7739 -91.8822 3.3
42.7742 -73.7006 1
City11080 42.7742 -73.7006 3.2
42.7756 -88.9439 1
City11081 42.7756 -88.9439 4.3
42.7758 -114.7033 1
City11082 42.7758 -114.7033 3.7
42.7761 -71.0778 1
City11083 42.7761 -71.0778 4.1
42.7794 -96.9289 1
City11084 42.7794 -96.9289 2.7
42.7797 -73.8461 1
City11085 42.7797 -73.8461 3.2
42.7803 -89.2992 1
City11086 42.7803 -89.2992 2.6
42.7819 -94.9483 1
City11087 42.7819 -94.9483 4.2
42.7844 -83.2397 1
City11088 42.7844 -83.2397 3.2
42.7844 -87.7661 1
City11089 42.7844 -87.7661 3.8
42.7847 -85.1383 1
City11090 42.7847 -85.1383 2.6
42.7847 -92.6675 1
City11091 42.7847 -92.6675 3.0
42.7853 -88.4050 1
City11092 42.7853 -88.4050 3.5
42.7858 -91.0994 1
City11093 42.7858 -91.0994 3.7
42.7861 -72.4869 1
City11094 42.7861 -72.4869 2.6
42.7861 -112.8536 1
City11095 42.7861 -112.8536 3.1
42.7875 -86.1089 1
City11096 42.7875 -86.1089 4.2
42.7892 -85.5167 1
City11097 42.7892 -85.5167 2.7
42.7914 -83.8464 1
City11098 42.7914 -83.8464 3.2
42.7919 -83.6278 1
City11099 42.7919 -83.6278 3.9
42.7925 -73.6817 1
City11100 42.7925 -73.6817 2.8
42.7942 -96.1653 1
City11101 42.7942 -96.1653 3.6
42.7956 -74.7536 1
City11102 42.7956 -74.7536 4.0
42.7958 -74.6175 1
City11103 42.7958 -74.6175 3.0
42.7958 -77.8172 1
City11104 42.7958 -77.8172 4.1
42.7964 -112.2533 1
City11105 42.7964 -112.2533 3.6
42.7972 -78.8236 1
City11106 42.7972 -78.8236 3.4
42.7978 -83.7050 1
City11107 42.7978 -83.7050 2.9
42.7981 -76.1097 1
City11108 42.7981 -76.1097 3.2
42.8028 -83.0131 1
City11109 42.8028 -83.0131 3.9
42.8047 -102.2028 1
City11110 42.8047 -102.2028 4.1
42.8081 -92.2581 1
City11111 42.8081 -92.2581 3.8
42.8092 -82.7558 1
City11112 42.8092 -82.7558 3.2
42.8103 -89.8619 1
City11113 42.8103 -89.8619 2.6
42.8122 -114.8978 1
City11114 42.8122 -114.8978 3.3
42.8125 -70.8778 1
City11115 42.8125 -70.8778 4.1
42.8125 -86.0186 1
City11116 42.8125 -86.0186 3.3
42.8128 -94.5267 1
City11117 42.8128 -94.5267 4.0
42.8139 -72.0236 1
City11118 42.8139 -72.0236 3.6
42.8142 -73.9400 1
City11119 42.8142 -73.9400 4.3
42.8144 -83.7825 1
City11120 42.8144 -83.7825 3.9
42.8144 -89.6350 1
City11121 42.8144 -89.6350 2.6
42.8147 -95.9731 1
City11122 42.8147 -95.9731 3.1
42.8208 -82.4861 1
City11123 42.8208 -82.4861 4.3
42.8214 -77.6689 1
City11124 42.8214 -77.6689 2.8
42.8228 -83.9444 1
City11125 42.8228 -83.9444 3.5
42.8239 -72.1817 1
City11126 42.8239 -72.1817 3.0
42.8247 -83.2647 1
City11127 42.8247 -83.2647 2.8
42.8256 -78.8236 1
City11128 42.8256 -78.8236 3.4
42.8258 -95.8072 1
City11129 42.8258 -95.8072 3.3
42.8264 -73.9647 1
City11130 42.8264 -73.9647 3.6
42.8264 -78.0900 1
City11131 42.8264 -78.0900 4.0
42.8264 -84.2194 1
City11132 42.8264 -84.2194 2.6
42.8269 -75.5450 1
City11133 42.8269 -75.5450 3.3
42.8289 -96.5592 1
City11134 42.8289 -96.5592 3.1
42.8294 -103.0000 1
City11135 42.8294 -103.0000 4.1
42.8297 -78.6364 1
City11136 42.8297 -78.6364 3.6
42.8331 -108.7300 1
City11137 42.8331 -108.7300 4.3
42.8336 -88.7322 1
City11138 42.8336 -88.7322 4.1
42.8353 -71.6494 1
City11139 42.8353 -71.6494 3.9
42.8353 -89.0675 1
City11140 42.8353 -89.0675 3.2
42.8386 -84.1783 1
City11141 42.8386 -84.1783 4.2
42.8397 -76.6936 1
City11142 42.8397 -76.6936 3.9
42.8406 -106.3653 1
City11143 42.8406 -106.3653 3.8
42.8408 -85.6636 1
City11144 42.8408 -85.6636 2.6
42.8417 -70.8611 1
City11145 42.8417 -70.8611 3.1
42.8419 -91.8019 1
City11146 42.8419 -91.8019 4.1
42.8433 -71.7356 1
City11147 42.8433 -71.7356 3.0
42.8442 -82.8844 1
City11148 42.8442 -82.8844 3.6
42.8461 -93.6139 1
City11149 42.8461 -93.6139 3.4
42.8467 -94.8517 1
City11150 42.8467 -94.8517 2.8
42.8475 -90.7106 1
City11151 42.8475 -90.7106 2.5
42.8475 -92.0914 1
City11152 42.8475 -92.0914 3.0
42.8508 -72.5583 1
City11153 42.8508 -72.5583 3.0
42.8522 -83.4431 1
City11154 42.8522 -83.4431 2.8
42.8533 -74.9858 1
City11155 42.8533 -74.9858 3.3
42.8536 -89.3703 1
City11156 42.8536 -89.3703 4.0
42.8539 -91.4053 1
City11157 42.8539 -91.4053 4.2
42.8542 -97.8969 1
City11158 42.8542 -97.8969 3.6
42.8558 -72.6036 1
City11159 42.8558 -72.6036 3.1
42.8583 -70.9306 1
City11160 42.8583 -70.9306 3.4
42.8597 -89.5381 1
City11161 42.8597 -89.5381 2.6
42.8600 -106.2678 1
City11162 42.8600 -106.2678 3.5
42.8614 -105.8717 1
City11163 42.8614 -105.8717 3.2
42.8642 -78.2806 1
City11164 42.8642 -78.2806 2.7
42.8667 -88.3333 1
City11165 42.8667 -88.3333 3.0
42.8667 -106.3125 1
City11166 42.8667 -106.3125 2.6
42.8667 -109.8603 1
City11167 42.8667 -109.8603 3.2
42.8686 -77.3358 1
City11168 42.8686 -77.3358 3.7
42.8686 -91.2358 1
City11169 42.8686 -91.2358 4.1
42.8689 -76.9781 1
City11170 42.8689 -76.9781 3.7
42.8692 -84.9031 1
City11171 42.8692 -84.9031 4.0
42.8694 -85.6447 1
City11172 42.8694 -85.6447 2.9
42.8706 -71.9522 1
City11173 42.8706 -71.9522 3.9
42.8708 -85.8650 1
City11174 42.8708 -85.8650 3.5
42.8711 -97.3969 1
City11175 42.8711 -97.3969 3.1
42.8714 -112.4447 1
City11176 42.8714 -112.4447 2.5
42.8728 -100.5506 1
City11177 42.8728 -100.5506 4.2
42.8739 -98.7011 1
City11178 42.8739 -98.7011 3.1
42.8744 -74.0469 1
City11179 42.8744 -74.0469 3.2
42.8778 -88.5861 1
City11180 42.8778 -88.5861 3.1
42.8781 -73.1972 1
City11181 42.8781 -73.1972 2.9
42.8786 -84.0639 1
City11182 42.8786 -84.0639 3.5
42.8792 -75.2514 1
City11183 42.8792 -75.2514 4.3
42.8794 -88.4742 1
City11184 42.8794 -88.4742 3.6
42.8806 -71.3278 1
City11185 42.8806 -71.3278 3.5
42.8814 -88.2067 1
City11186 42.8814 -88.2067 2.6
42.8836 -124.0719 1
City11187 42.8836 -124.0719 3.1
42.8853 -75.1936 1
City11188 42.8853 -75.1936 3.4
42.8853 -90.9233 1
City11189 42.8853 -90.9233 4.0
42.8858 -87.8631 1
City11190 42.8858 -87.8631 2.6
42.8864 -78.8786 1
City11191 42.8864 -78.8786 2.6
42.8903 -84.3514 1
City11192 42.8903 -84.3514 2.8
42.8906 -78.5781 1
City11193 42.8906 -78.5781 3.4
42.8933 -78.7942 1
City11194 42.8933 -78.7942 3.3
42.8933 -93.2150 1
City11195 42.8933 -93.2150 3.8
42.8933 -95.1508 1
City11196 42.8933 -95.1508 3.2
42.8944 -73.9283 1
City11197 42.8944 -73.9283 3.1
42.8950 -77.4350 1
City11198 42.8950 -77.4350 3.3
42.8958 -92.8022 1
City11199 42.8958 -92.8022 4.2
42.8964 -82.7689 1
City11200 42.8964 -82.7689 3.7
42.8986 -75.6406 1
City11201 42.8986 -75.6406 3.6
42.9000 -73.5858 1
City11202 42.9000 -73.5858 2.7
42.9000 -78.4922 1
City11203 42.9000 -78.4922 4.1
42.9000 -90.4308 1
City11204 42.9000 -90.4308 3.6
42.9006 -78.6706 1
City11205 42.9006 -78.6706 2.8
42.9011 -73.3519 1
City11206 42.9011 -73.3519 3.9
42.9022 -77.4200 1
City11207 42.9022 -77.4200 2.7
42.9028 -73.6878 1
City11208 42.9028 -73.6878 3.1
42.9033 -73.5631 1
City11209 42.9033 -73.5631 3.8
42.9039 -78.6925 1
City11210 42.9039 -78.6925 3.1
42.9042 -72.2083 1
City11211 42.9042 -72.2083 3.0
42.9047 -76.8631 1
City11212 42.9047 -76.8631 2.8
42.9047 -77.6117 1
City11213 42.9047 -77.6117 2.8
42.9056 -74.5722 1
City11214 42.9056 -74.5722 4.4
42.9058 -88.1389 1
City11215 42.9058 -88.1389 3.8
42.9061 -108.5828 1
City11216 42.9061 -108.5828 3.1
42.9072 -85.7919 1
City11217 42.9072 -85.7919 2.8
42.9086 -76.5406 1
City11218 42.9086 -76.5406 4.2
42.9097 -85.7631 1
City11219 42.9097 -85.7631 4.2
42.9106 -76.7969 1
City11220 42.9106 -76.7969 4.3
42.9106 -87.8606 1
City11221 42.9106 -87.8606 2.8
42.9108 -74.5744 1
City11222 42.9108 -74.5744 4.1
42.9114 -98.8489 1
City11223 42.9114 -98.8489 2.8
42.9119 -77.7458 1
City11224 42.9119 -77.7458 3.2
42.9119 -83.9847 1
City11225 42.9119 -83.9847 3.7
42.9125 -82.4869 1
City11226 42.9125 -82.4869 4.3
42.9133 -85.7053 1
City11227 42.9133 -85.7053 2.6
42.9169 -83.5064 1
City11228 42.9169 -83.5064 2.6
42.9169 -89.2178 1
City11229 42.9169 -89.2178 2.6
42.9189 -76.7267 1
City11230 42.9189 -76.7267 3.1
42.9206 -83.0450 1
City11231 42.9206 -83.0450 2.8
42.9208 -112.4653 1
City11232 42.9208 -112.4653 2.6
42.9261 -89.3844 1
City11233 42.9261 -89.3844 3.0
42.9275 -83.6300 1
City11234 42.9275 -83.6300 4.2
42.9275 -123.2800 1
City11235 42.9275 -123.2800 3.6
42.9289 -88.8369 1
City11236 42.9289 -88.8369 3.7
42.9294 -84.7986 1
City11237 42.9294 -84.7986 2.8
42.9294 -85.2131 1
City11238 42.9294 -85.2131 3.0
42.9300 -75.8531 1
City11239 42.9300 -75.8531 3.7
42.9303 -73.2431 1
City11240 42.9303 -73.2431 2.6
42.9314 -74.6231 1
City11241 42.9314 -74.6231 3.1
42.9317 -76.5664 1
City11242 42.9317 -76.5664 3.2
42.9336 -72.2786 1
City11243 42.9336 -72.2786 3.1
42.9336 -85.3419 1
City11244 42.9336 -85.3419 2.9
42.9344 -88.4053 1
City11245 42.9344 -88.4053 4.4
42.9347 -74.6139 1
City11246 42.9347 -74.6139 3.7
42.9361 -114.4050 1
City11247 42.9361 -114.4050 3.6
42.9375 -70.8394 1
City11248 42.9375 -70.8394 2.7
42.9375 -88.0486 1
City11249 42.9375 -88.0486 3.6
42.9378 -93.7931 1
City11250 42.9378 -93.7931 4.1
42.9386 -73.7903 1
City11251 42.9386 -73.7903 2.9
42.9386 -74.1886 1
City11252 42.9386 -74.1886 2.9
42.9386 -91.9500 1
City11253 42.9386 -91.9500 3.2
42.9389 -114.7122 1
City11254 42.9389 -114.7122 4.0
42.9392 -75.4614 1
City11255 42.9392 -75.4614 4.3
42.9392 -84.0294 1
City11256 42.9392 -84.0294 2.9
42.9406 -87.9958 1
City11257 42.9406 -87.9958 4.3
42.9411 -85.6100 1
City11258 42.9411 -85.6100 3.6
42.9414 -83.2892 1
City11259 42.9414 -83.2892 3.3
42.9442 -112.8375 1
City11260 42.9442 -112.8375 4.0
42.9461 -83.1239 1
City11261 42.9461 -83.1239 2.9
42.9469 -76.4294 1
City11262 42.9469 -76.4294 4.2
42.9478 -74.3708 1
City11263 42.9478 -74.3708 3.8
42.9511 -123.3631 1
City11264 42.9511 -123.3631 4.1
42.9522 -77.5906 1
City11265 42.9522 -77.5906 3.4
42.9528 -92.5361 1
City11266 42.9528 -92.5361 4.1
42.9544 -74.3769 1
City11267 42.9544 -74.3769 2.6
42.9550 -115.3000 1
City11268 42.9550 -115.3000 3.0
42.9553 -74.2856 1
City11269 42.9553 -74.2856 2.8
42.9558 -77.2211 1
City11270 42.9558 -77.2211 3.7
42.9569 -94.4408 1
City11271 42.9569 -94.4408 2.7
42.9572 -83.8306 1
City11272 42.9572 -83.8306 3.9
42.9575 -77.0578 1
City11273 42.9575 -77.0578 3.9
42.9575 -91.6306 1
City11274 42.9575 -91.6306 4.3
42.9583 -74.2333 1
City11275 42.9583 -74.2333 3.3
42.9597 -87.8614 1
City11276 42.9597 -87.8614 4.1
42.9600 -78.4058 1
City11277 42.9600 -78.4058 3.3
42.9603 -90.1300 1
City11278 42.9603 -90.1300 2.5
42.9614 -88.0125 1
City11279 42.9614 -88.0125 3.3
42.9617 -77.1403 1
City11280 42.9617 -77.1403 2.7
42.9628 -91.8081 1
City11281 42.9628 -91.8081 3.7
42.9639 -78.7381 1
City11282 42.9639 -78.7381 3.2
42.9644 -82.5231 1
City11283 42.9644 -82.5231 4.4
42.9647 -78.6778 1
City11284 42.9647 -78.6778 2.6
42.9653 -92.1994 1
City11285 42.9653 -92.1994 3.8
42.9658 -78.8703 1
City11286 42.9658 -78.8703 3.4
42.9697 -77.2306 1
City11287 42.9697 -77.2306 2.7
42.9708 -82.4250 1
City11288 42.9708 -82.4250 4.1
42.9717 -90.4331 1
City11289 42.9717 -90.4331 4.2
42.9731 -77.8531 1
City11290 42.9731 -77.8531 2.9
42.9742 -95.4972 1
City11291 42.9742 -95.4972 2.5
42.9744 -74.1514 1
City11292 42.9744 -74.1514 4.0
42.9747 -96.3181 1
City11293 42.9747 -96.3181 3.9
42.9764 -88.1083 1
City11294 42.9764 -88.1083 4.3
42.9783 -77.9844 1
City11295 42.9783 -77.9844 3.7
42.9792 -95.6878 1
City11296 42.9792 -95.6878 3.1
42.9814 -70.9483 1
City11297 42.9814 -70.9483 3.9
42.9819 -84.1178 1
City11298 42.9819 -84.1178 3.5
42.9819 -84.9469 1
City11299 42.9819 -84.9469 2.6
42.9825 -77.4092 1
City11300 42.9825 -77.4092 4.2
42.9828 -76.3408 1
City11301 42.9828 -76.3408 3.1
42.9836 -90.6553 1
City11302 42.9836 -90.6553 4.0
42.9853 -93.1917 1
City11303 42.9853 -93.1917 4.3
42.9856 -83.9283 1
City11304 42.9856 -83.9283 3.9
42.9872 -85.0711 1
City11305 42.9872 -85.0711 3.5
42.9875 -96.0103 1
City11306 42.9875 -96.0103 3.7
42.9908 -89.5331 1
City11307 42.9908 -89.5331 2.8
42.9933 -97.8625 1
City11308 42.9933 -97.8625 3.9
42.9956 -71.4553 1
City11309 42.9956 -71.4553 3.4
42.9958 -84.9425 1
City11310 42.9958 -84.9425 4.2
42.9958 -96.4850 1
City11311 42.9958 -96.4850 2.9
42.9978 -84.1767 1
City11312 42.9978 -84.1767 2.5
42.9981 -78.1878 1
City11313 42.9981 -78.1878 2.8
43.0008 -73.8494 1
City11314 43.0008 -73.8494 3.3
43.0014 -85.7681 1
City11315 43.0014 -85.7681 3.7
43.0017 -84.7397 1
City11316 43.0017 -84.7397 2.9
43.0019 -75.9772 1
City11317 43.0019 -75.9772 4.0
43.0022 -89.9903 1
City11318 43.0022 -89.9903 4.1
43.0036 -89.0164 1
City11319 43.0036 -89.0164 4.3
43.0036 -91.6522 1
City11320 43.0036 -91.6522 3.2
43.0044 -88.3767 1
City11321 43.0044 -88.3767 2.8
43.0050 -98.0594 1
City11322 43.0050 -98.0594 3.0
43.0056 -88.8072 1
City11323 43.0056 -88.8072 3.7
43.0058 -84.3717 1
City11324 43.0058 -84.3717 3.5
43.0067 -74.3681 1
City11325 43.0067 -74.3681 4.1
43.0069 -93.6028 1
City11326 43.0069 -93.6028 3.1
43.0072 -96.0581 1
City11327 43.0072 -96.0581 3.8
43.0078 -84.2847 1
City11328 43.0078 -84.2847 3.3
43.0086 -89.7383 1
City11329 43.0086 -89.7383 3.3
43.0106 -78.6378 1
City11330 43.0106 -78.6378 2.6
43.0114 -75.0044 1
City11331 43.0114 -75.0044 3.1
43.0117 -88.2314 1
City11332 43.0117 -88.2314 2.8
43.0125 -82.9281 1
City11333 43.0125 -82.9281 2.5
43.0125 -83.6875 1
City11334 43.0125 -83.6875 4.3
43.0125 -87.9725 1
City11335 43.0125 -87.9725 4.0
43.0125 -89.2897 1
City11336 43.0125 -89.2897 3.0
43.0142 -88.4725 1
City11337 43.0142 -88.4725 2.7
43.0150 -75.0358 1
City11338 43.0150 -75.0358 3.8
43.0156 -89.8953 1
City11339 43.0156 -89.8953 4.3
43.0167 -88.0069 1
City11340 43.0167 -88.0069 3.1
43.0183 -91.1825 1
City11341 43.0183 -91.1825 3.9
43.0203 -78.8806 1
City11342 43.0203 -78.8806 3.5
43.0203 -123.2919 1
City11343 43.0203 -123.2919 3.2
43.0208 -78.4956 1
City11344 43.0208 -78.4956 4.3
43.0214 -96.6306 1
City11345 43.0214 -96.6306 3.9
43.0247 -83.0778 1
City11346 43.0247 -83.0778 4.1
43.0250 -108.3794 1
City11347 43.0250 -108.3794 3.2
43.0256 -74.9864 1
City11348 43.0256 -74.9864 3.7
43.0256 -102.5558 1
City11349 43.0256 -102.5558 2.8
43.0258 -77.7456 1
City11350 43.0258 -77.7456 2.9
43.0281 -73.3817 1
City11351 43.0281 -73.3817 3.4
43.0297 -76.0047 1
City11352 43.0297 -76.0047 3.8
43.0333 -71.0747 1
City11353 43.0333 -71.0747 3.1
43.0344 -76.4483 1
City11354 43.0344 -76.4483 3.1
43.0344 -76.6242 1
City11355 43.0344 -76.6242 3.4
43.0347 -83.5181 1
City11356 43.0347 -83.5181 3.4
43.0361 -71.1839 1
City11357 43.0361 -71.1839 3.3
43.0386 -78.8644 1
City11358 43.0386 -78.8644 2.7
43.0386 -85.6700 1
City11359 43.0386 -85.6700 2.9
43.0389 -75.0708 1
City11360 43.0389 -75.0708 3.4
43.0389 -87.9064 1
City11361 43.0389 -87.9064 3.7
43.0392 -76.3044 1
City11362 43.0392 -76.3044 3.0
43.0431 -88.0789 1
City11363 43.0431 -88.0789 3.2
43.0433 -74.8600 1
City11364 43.0433 -74.8600 4.1
43.0444 -91.1781 1
City11365 43.0444 -91.1781 4.1
43.0450 -75.8669 1
City11366 43.0450 -75.8669 2.8
43.0467 -77.0956 1
City11367 43.0467 -77.0956 2.9
43.0467 -90.3797 1
City11368 43.0467 -90.3797 2.6
43.0472 -76.2389 1
City11369 43.0472 -76.2389 2.9
43.0475 -76.2208 1
City11370 43.0475 -76.2208 3.4
43.0481 -76.1478 1
City11371 43.0481 -76.1478 3.6
43.0483 -75.3789 1
City11372 43.0483 -75.3789 3.4
43.0486 -76.5631 1
City11373 43.0486 -76.5631 2.6
43.0494 -88.0075 1
City11374 43.0494 -88.0075 2.7
43.0514 -83.3189 1
City11375 43.0514 -83.3189 3.9
43.0517 -91.1411 1
City11376 43.0517 -91.1411 3.2
43.0517 -91.3892 1
City11377 43.0517 -91.3892 2.5
43.0519 -89.0756 1
City11378 43.0519 -89.0756 3.2
43.0522 -92.9483 1
City11379 43.0522 -92.9483 3.8
43.0528 -74.3442 1
City11380 43.0528 -74.3442 3.8
43.0581 -76.2078 1
City11381 43.0581 -76.2078 3.9
43.0586 -74.1969 1
City11382 43.0586 -74.1969 2.7
43.0592 -92.3175 1
City11383 43.0592 -92.3175 2.8
43.0606 -88.1064 1
City11384 43.0606 -88.1064 4.3
43.0608 -88.4036 1
City11385 43.0608 -88.4036 3.0
43.0619 -94.4267 1
City11386 43.0619 -94.4267 4.1
43.0622 -89.3339 1
City11387 43.0622 -89.3339 2.6
43.0631 -83.8511 1
City11388 43.0631 -83.8511 2.5
43.0631 -86.2283 1
City11389 43.0631 -86.2283 3.5
43.0639 -77.2336 1
City11390 43.0639 -77.2336 3.0
43.0639 -85.9347 1
City11391 43.0639 -85.9347 3.7
43.0642 -76.9906 1
City11392 43.0642 -76.9906 3.4
43.0650 -124.1378 1
City11393 43.0650 -124.1378 3.2
43.0653 -76.0789 1
City11394 43.0653 -76.0789 3.4
43.0653 -76.4733 1
City11395 43.0653 -76.4733 4.1
43.0656 -95.2836 1
City11396 43.0656 -95.2836 4.0
43.0658 -78.2700 1
City11397 43.0658 -78.2700 2.6
43.0664 -92.6722 1
City11398 43.0664 -92.6722 4.0
43.0692 -77.2992 1
City11399 43.0692 -77.2992 2.8
43.0700 -94.2328 1
City11400 43.0700 -94.2328 3.0
43.0706 -92.1500 1
City11401 43.0706 -92.1500 2.9
43.0717 -70.7631 1
City11402 43.0717 -70.7631 3.3
43.0719 -95.9042 1
City11403 43.0719 -95.9042 3.6
43.0731 -89.4011 1
City11404 43.0731 -89.4011 4.0
43.0733 -75.2881 1
City11405 43.0733 -75.2881 4.2
43.0736 -75.5986 1
City11406 43.0736 -75.5986 4.2
43.0747 -73.1544 1
City11407 43.0747 -73.1544 4.2
43.0753 -75.7072 1
City11408 43.0753 -75.7072 3.2
43.0761 -76.0011 1
City11409 43.0761 -76.0011 3.9
43.0761 -88.7742 1
City11410 43.0761 -88.7742 3.7
43.0761 -89.1994 1
City11411 43.0761 -89.1994 4.3
43.0769 -86.1969 1
City11412 43.0769 -86.1969 3.7
43.0772 -78.1872 1
City11413 43.0772 -78.1872 4.2
43.0775 -89.4456 1
City11414 43.0775 -89.4456 3.3
43.0794 -75.5397 1
City11415 43.0794 -75.5397 3.3
43.0794 -75.7511 1
City11416 43.0794 -75.7511 2.8
43.0797 -96.1753 1
City11417 43.0797 -96.1753 2.9
43.0797 -98.2928 1
City11418 43.0797 -98.2928 3.2
43.0806 -88.2611 1
City11419 43.0806 -88.2611 3.1
43.0806 -96.7733 1
City11420 43.0806 -96.7733 3.5
43.0814 -88.9117 1
City11421 43.0814 -88.9117 3.8
43.0825 -75.6339 1
City11422 43.0825 -75.6339 3.4
43.0831 -73.7850 1
City11423 43.0831 -73.7850 3.3
43.0831 -97.1603 1
City11424 43.0831 -97.1603 3.9
43.0842 -76.8697 1
City11425 43.0842 -76.8697 2.7
43.0844 -86.2203 1
City11426 43.0844 -86.2203 3.6
43.0847 -91.5681 1
City11427 43.0847 -91.5681 4.3
43.0853 -77.9425 1
City11428 43.0853 -77.9425 4.1
43.0853 -90.8831 1
City11429 43.0853 -90.8831 4.2
43.0858 -70.6975 1
City11430 43.0858 -70.6975 3.5
43.0869 -95.6269 1
City11431 43.0869 -95.6269 2.8
43.0881 -70.7367 1
City11432 43.0881 -70.7367 2.5
43.0883 -93.9900 1
City11433 43.0883 -93.9900 4.0
43.0886 -84.3869 1
City11434 43.0886 -84.3869 3.6
43.0892 -87.8875 1
City11435 43.0892 -87.8875 3.6
43.0906 -73.4992 1
City11436 43.0906 -73.4992 3.2
43.0906 -77.5153 1
City11437 43.0906 -77.5153 4.4
43.0922 -75.3800 1
City11438 43.0922 -75.3800 3.0
43.0925 -75.6517 1
City11439 43.0925 -75.6517 4.3
43.0944 -79.0569 1
City11440 43.0944 -79.0569 4.4
43.0967 -71.4656 1
City11441 43.0967 -71.4656 2.7
43.0972 -89.5042 1
City11442 43.0972 -89.5042 2.9
43.0978 -76.1456 1
City11443 43.0978 -76.1456 3.4
43.0978 -85.2289 1
City11444 43.0978 -85.2289 3.2
43.0978 -88.4022 1
City11445 43.0978 -88.4022 3.7
43.0978 -93.8017 1
City11446 43.0978 -93.8017 2.6
43.0986 -77.4422 1
City11447 43.0986 -77.4422 3.5
43.1000 -73.5822 1
City11448 43.1000 -73.5822 3.8
43.1008 -74.7733 1
City11449 43.1008 -74.7733 4.4
43.1008 -75.2331 1
City11450 43.1008 -75.2331 2.6
43.1025 -93.6017 1
City11451 43.1025 -93.6017 3.2
43.1044 -74.2653 1
City11452 43.1044 -74.2653 3.8
43.1044 -88.4592 1
City11453 43.1044 -88.4592 4.0
43.1047 -84.6919 1
City11454 43.1047 -84.6919 4.1
43.1050 -88.3419 1
City11455 43.1050 -88.3419 3.7
43.1053 -75.2917 1
City11456 43.1053 -75.2917 2.8
43.1058 -88.0694 1
City11457 43.1058 -88.0694 3.8
43.1064 -76.2181 1
City11458 43.1064 -76.2181 3.7
43.1081 -70.7781 1
City11459 43.1081 -70.7781 4.1
43.1086 -77.4878 1
City11460 43.1086 -77.4878 3.2
43.1117 -88.3922 1
City11461 43.1117 -88.3922 3.6
43.1117 -88.4992 1
City11462 43.1117 -88.4992 3.3
43.1128 -75.2714 1
City11463 43.1128 -75.2714 4.3
43.1128 -94.6828 1
City11464 43.1128 -94.6828 4.3
43.1133 -87.9000 1
City11465 43.1133 -87.9000 3.4
43.1144 -89.6556 1
City11466 43.1144 -89.6556 2.9
43.1153 -76.1461 1
City11467 43.1153 -76.1461 3.3
43.1167 -83.9700 1
City11468 43.1167 -83.9700 2.7
43.1183 -89.3794 1
City11469 43.1183 -89.3794 2.9
43.1186 -83.6950 1
City11470 43.1186 -83.6950 3.1
43.1192 -124.4072 1
City11471 43.1192 -124.4072 3.8
43.1194 -96.9611 1
City11472 43.1194 -96.9611 3.2
43.1200 -85.5600 1
City11473 43.1200 -85.5600 2.9
43.1219 -75.2919 1
City11474 43.1219 -75.2919 2.8
43.1225 -123.4114 1
City11475 43.1225 -123.4114 3.1
43.1264 -93.4775 1
City11476 43.1264 -93.4775 4.1
43.1292 -94.8989 1
City11477 43.1292 -94.8989 2.8
43.1306 -71.4536 1
City11478 43.1306 -71.4536 3.6
43.1319 -86.1547 1
City11479 43.1319 -86.1547 2.9
43.1331 -115.6903 1
City11480 43.1331 -115.6903 2.9
43.1333 -72.4444 1
City11481 43.1333 -72.4444 3.2
43.1339 -70.9269 1
City11482 43.1339 -70.9269 4.3
43.1339 -88.2219 1
City11483 43.1339 -88.2219 2.8
43.1344 -90.7053 1
City11484 43.1344 -90.7053 3.5
43.1347 -76.1303 1
City11485 43.1347 -76.1303 3.3
43.1372 -89.7467 1
City11486 43.1372 -89.7467 3.1
43.1378 -72.5103 1
City11487 43.1378 -72.5103 2.8
43.1381 -75.5711 1
City11488 43.1381 -75.5711 3.4
43.1414 -95.1442 1
City11489 43.1414 -95.1442 3.1
43.1428 -93.0042 1
City11490 43.1428 -93.0042 3.1
43.1433 -77.1894 1
City11491 43.1433 -77.1894 2.9
43.1461 -88.1661 1
City11492 43.1461 -88.1661 3.2
43.1464 -91.7644 1
City11493 43.1464 -91.7644 3.7
43.1467 -88.3067 1
City11494 43.1467 -88.3067 2.6
43.1497 -97.7172 1
City11495 43.1497 -97.7172 3.8
43.1500 -78.6969 1
City11496 43.1500 -78.6969 4.3
43.1536 -93.2008 1
City11497 43.1536 -93.2008 3.0
43.1547 -77.6158 1
City11498 43.1547 -77.6158 3.3
43.1564 -98.5411 1
City11499 43.1564 -98.5411 3.6
43.1567 -83.4106 1
City11500 43.1567 -83.4106 2.9
43.1572 -75.3331 1
City11501 43.1572 -75.3331 3.4
43.1575 -87.9017 1
City11502 43.1575 -87.9017 4.4
43.1586 -76.3331 1
City11503 43.1586 -76.3331 3.1
43.1600 -95.3272 1
City11504 43.1600 -95.3272 2.8
43.1606 -123.3667 1
City11505 43.1606 -123.3667 3.9
43.1608 -85.7100 1
City11506 43.1608 -85.7100 4.1
43.1633 -87.9644 1
City11507 43.1633 -87.9644 2.5
43.1636 -73.0728 1
City11508 43.1636 -73.0728 3.5
43.1661 -83.5244 1
City11509 43.1661 -83.5244 3.7
43.1683 -89.0667 1
City11510 43.1683 -89.0667 3.6
43.1689 -86.2639 1
City11511 43.1689 -86.2639 4.3
43.1703 -97.0811 1
City11512 43.1703 -97.0811 2.9
43.1706 -78.6906 1
City11513 43.1706 -78.6906 4.4
43.1722 -73.3281 1
City11514 43.1722 -73.3281 3.2
43.1725 -79.0361 1
City11515 43.1725 -79.0361 3.0
43.1725 -101.7322 1
City11516 43.1725 -101.7322 2.7
43.1742 -87.9242 1
City11517 43.1742 -87.9242 3.1
43.1753 -90.0678 1
City11518 43.1753 -90.0678 3.4
43.1767 -83.8928 1
City11519 43.1767 -83.8928 2.8
43.1767 -89.7947 1
City11520 43.1767 -89.7947 4.1
43.1769 -73.0575 1
City11521 43.1769 -73.0575 3.8
43.1769 -84.8464 1
City11522 43.1769 -84.8464 3.4
43.1772 -124.1864 1
City11523 43.1772 -124.1864 3.4
43.1775 -83.7342 1
City11524 43.1775 -83.7342 2.6
43.1775 -85.2528 1
City11525 43.1775 -85.2528 2.9
43.1789 -88.1172 1
City11526 43.1789 -88.1172 2.9
43.1797 -71.8228 1
City11527 43.1797 -71.8228 2.6
43.1800 -95.4767 1
City11528 43.1800 -95.4767 2.9
43.1806 -87.9006 1
City11529 43.1806 -87.9006 4.0
43.1811 -95.8558 1
City11530 43.1811 -95.8558 4.0
43.1817 -95.6553 1
City11531 43.1817 -95.6553 2.5
43.1819 -90.3244 1
City11532 43.1819 -90.3244 4.3
43.1825 -99.2917 1
City11533 43.1825 -99.2917 4.1
43.1836 -89.2136 1
City11534 43.1836 -89.2136 3.7
43.1836 -91.8639 1
City11535 43.1836 -91.8639 4.4
43.1839 -88.9883 1
City11536 43.1839 -88.9883 3.5
43.1847 -84.1150 1
City11537 43.1847 -84.1150 3.4
43.1850 -90.4431 1
City11538 43.1850 -90.4431 3.1
43.1864 -77.8042 1
City11539 43.1864 -77.8042 4.1
43.1867 -84.4744 1
City11540 43.1867 -84.4744 3.4
43.1886 -96.1333 1
City11541 43.1886 -96.1333 4.1
43.1906 -112.3442 1
City11542 43.1906 -112.3442 3.5
43.1911 -96.0056 1
City11543 43.1911 -96.0056 3.5
43.1919 -89.4556 1
City11544 43.1919 -89.4556 2.5
43.1947 -88.7289 1
City11545 43.1947 -88.7289 3.5
43.1972 -76.6547 1
City11546 43.1972 -76.6547 2.9
43.1975 -94.2194 1
City11547 43.1975 -94.2194 2.5
43.1978 -70.8742 1
City11548 43.1978 -70.8742 2.6
43.1992 -78.5764 1
City11549 43.1992 -78.5764 2.9
43.2011 -86.2389 1
City11550 43.2011 -86.2389 4.3
43.2053 -96.2947 1
City11551 43.2053 -96.2947 3.7
43.2081 -71.5381 1
City11552 43.2081 -71.5381 2.8
43.2097 -77.6933 1
City11553 43.2097 -77.6933 3.7
43.2122 -77.4303 1
City11554 43.2122 -77.4303 3.0
43.2122 -82.9897 1
City11555 43.2122 -82.9897 4.1
43.2122 -85.0736 1
City11556 43.2122 -85.0736 3.4
43.2136 -77.9394 1
City11557 43.2136 -77.9394 3.0
43.2167 -123.3406 1
City11558 43.2167 -123.3406 2.6
43.2200 -78.3872 1
City11559 43.2200 -78.3872 4.1
43.2200 -85.7511 1
City11560 43.2200 -85.7511 3.4
43.2206 -76.8153 1
City11561 43.2206 -76.8153 3.8
43.2219 -71.7144 1
City11562 43.2219 -71.7144 3.5
43.2233 -85.5514 1
City11563 43.2233 -85.5514 3.8
43.2239 -77.1864 1
City11564 43.2239 -77.1864 3.1
43.2256 -75.0617 1
City11565 43.2256 -75.0617 4.3
43.2256 -97.9656 1
City11566 43.2256 -97.9656 3.3
43.2264 -78.0269 1
City11567 43.2264 -78.0269 2.5
43.2294 -83.1967 1
City11568 43.2294 -83.1967 3.9
43.2311 -76.3011 1
City11569 43.2311 -76.3011 3.7
43.2322 -99.4300 1
City11570 43.2322 -99.4300 4.3
43.2342 -86.2483 1
City11571 43.2342 -86.2483 4.4
43.2344 -70.8100 1
City11572 43.2344 -70.8100 4.0
43.2358 -108.1097 1
City11573 43.2358 -108.1097 3.4
43.2361 -70.8208 1
City11574 43.2361 -70.8208 3.5
43.2364 -87.9844 1
City11575 43.2364 -87.9844 3.6
43.2369 -94.0411 1
City11576 43.2369 -94.0411 3.2
43.2375 -87.9786 1
City11577 43.2375 -87.9786 3.5
43.2378 -77.0617 1
City11578 43.2378 -77.0617 4.3
43.2378 -94.7511 1
City11579 43.2378 -94.7511 2.7
43.2381 -76.1411 1
City11580 43.2381 -76.1411 3.4
43.2386 -72.4250 1
City11581 43.2386 -72.4250 4.3
43.2386 -78.9100 1
City11582 43.2386 -78.9100 4.1
43.2397 -97.5775 1
City11583 43.2397 -97.5775 2.8
43.2403 -75.8842 1
City11584 43.2403 -75.8842 3.8
43.2417 -75.2572 1
City11585 43.2417 -75.2572 3.0
43.2444 -73.8328 1
City11586 43.2444 -73.8328 2.8
43.2464 -78.1939 1
City11587 43.2464 -78.1939 3.4
43.2467 -92.4358 1
City11588 43.2467 -92.4358 3.6
43.2472 -76.7239 1
City11589 43.2472 -76.7239 3.0
43.2472 -79.0503 1
City11590 43.2472 -79.0503 2.7
43.2478 -76.0006 1
City11591 43.2478 -76.0006 2.7
43.2489 -70.5997 1
City11592 43.2489 -70.5997 2.9
43.2506 -89.5014 1
City11593 43.2506 -89.5014 4.0
43.2508 -83.7942 1
City11594 43.2508 -83.7942 2.8
43.2547 -86.1097 1
City11595 43.2547 -86.1097 4.1
43.2561 -86.2675 1
City11596 43.2561 -86.2675 4.0
43.2586 -82.8175 1
City11597 43.2586 -82.8175 2.6
43.2617 -70.8658 1
City11598 43.2617 -70.8658 3.1
43.2625 -93.6369 1
City11599 43.2625 -93.6369 4.0
43.2658 -70.8650 1
City11600 43.2658 -70.8650 2.8
43.2669 -73.5850 1
City11601 43.2669 -73.5850 4.1
43.2681 -82.5308 1
City11602 43.2681 -82.5308 3.5
43.2694 -91.4756 1
City11603 43.2694 -91.4756 4.0
43.2708 -89.7219 1
City11604 43.2708 -89.7219 4.0
43.2717 -76.9894 1
City11605 43.2717 -76.9894 4.4
43.2756 -82.6211 1
City11606 43.2756 -82.6211 3.2
43.2789 -90.0436 1
City11607 43.2789 -90.0436 4.4
43.2794 -96.2325 1
City11608 43.2794 -96.2325 4.3
43.2814 -83.5297 1
City11609 43.2814 -83.5297 2.7
43.2842 -92.8108 1
City11610 43.2842 -92.8108 2.6
43.2867 -76.1464 1
City11611 43.2867 -76.1464 4.1
43.2867 -78.7106 1
City11612 43.2867 -78.7106 3.3
43.2869 -89.7239 1
City11613 43.2869 -89.7239 3.9
43.2872 -93.2019 1
City11614 43.2872 -93.2019 3.1
43.2881 -77.7936 1
City11615 43.2881 -77.7936 3.6
43.2917 -84.6075 1
City11616 43.2917 -84.6075 3.8
43.2925 -85.0814 1
City11617 43.2925 -85.0814 3.6
43.2928 -94.2178 1
City11618 43.2928 -94.2178 3.5
43.2947 -94.5114 1
City11619 43.2947 -94.5114 2.5
43.2967 -87.9875 1
City11620 43.2967 -87.9875 3.1
43.2983 -72.4828 1
City11621 43.2983 -72.4828 3.8
43.2992 -73.6356 1
City11622 43.2992 -73.6356 4.2
43.3000 -73.6844 1
City11623 43.3000 -73.6844 3.7
43.3006 -73.5864 1
City11624 43.3006 -73.5864 3.6
43.3008 -96.5925 1
City11625 43.3008 -96.5925 3.7
43.3011 -103.8250 1
City11626 43.3011 -103.8250 4.2
43.3033 -91.7856 1
City11627 43.3033 -91.7856 3.2
43.3036 -70.7339 1
City11628 43.3036 -70.7339 2.7
43.3044 -70.9761 1
City11629 43.3044 -70.9761 3.4
43.3050 -88.8447 1
City11630 43.3050 -88.8447 4.4
43.3058 -71.3247 1
City11631 43.3058 -71.3247 3.8
43.3058 -100.6578 1
City11632 43.3058 -100.6578 3.2
43.3072 -96.4317 1
City11633 43.3072 -96.4317 3.7
43.3094 -73.6444 1
City11634 43.3094 -73.6444 4.3
43.3097 -78.8264 1
City11635 43.3097 -78.8264 3.3
43.3103 -88.5181 1
City11636 43.3103 -88.5181 2.9
43.3139 -89.5264 1
City11637 43.3139 -89.5264 3.8
43.3175 -90.8447 1
City11638 43.3175 -90.8447 4.4
43.3178 -88.3789 1
City11639 43.3178 -88.3789 2.6
43.3186 -98.3464 1
City11640 43.3186 -98.3464 4.2
43.3197 -87.9533 1
City11641 43.3197 -87.9533 3.1
43.3211 -76.5792 1
City11642 43.3211 -76.5792 3.0
43.3228 -76.4175 1
City11643 43.3228 -76.4175 3.6
43.3239 -88.1667 1
City11644 43.3239 -88.1667 2.6
43.3247 -95.1497 1
City11645 43.3247 -95.1497 4.2
43.3267 -78.3892 1
City11646 43.3267 -78.3892 3.6
43.3269 -75.1872 1
City11647 43.3269 -75.1872 2.8
43.3269 -83.0803 1
City11648 43.3269 -83.0803 4.2
43.3300 -78.5550 1
City11649 43.3300 -78.5550 3.9
43.3317 -83.7381 1
City11650 43.3317 -83.7381 4.3
43.3336 -88.2861 1
City11651 43.3336 -88.2861 3.4
43.3344 -75.7483 1
City11652 43.3344 -75.7483 3.5
43.3347 -90.3867 1
City11653 43.3347 -90.3867 4.0
43.3361 -85.8108 1
City11654 43.3361 -85.8108 3.3
43.3369 -83.3525 1
City11655 43.3369 -83.3525 4.4
43.3378 -78.7150 1
City11656 43.3378 -78.7150 3.3
43.3381 -89.0153 1
City11657 43.3381 -89.0153 2.7
43.3439 -96.0019 1
City11658 43.3439 -96.0019 4.3
43.3525 -97.4369 1
City11659 43.3525 -97.4369 3.8
43.3542 -96.8917 1
City11660 43.3542 -96.8917 2.7
43.3561 -124.2036 1
City11661 43.3561 -124.2036 2.7
43.3617 -70.4772 1
City11662 43.3617 -70.4772 3.0
43.3622 -91.2164 1
City11663 43.3622 -91.2164 3.5
43.3636 -124.1917 1
City11664 43.3636 -124.1917 2.6
43.3639 -92.5539 1
City11665 43.3639 -92.5539 2.7
43.3653 -72.1739 1
City11666 43.3653 -72.1739 3.7
43.3681 -124.2158 1
City11667 43.3681 -124.2158 4.4
43.3714 -93.7733 1
City11668 43.3714 -93.7733 2.8
43.3719 -83.5833 1
City11669 43.3719 -83.5833 3.0
43.3767 -72.3472 1
City11670 43.3767 -72.3472 2.7
43.3767 -99.8586 1
City11671 43.3767 -99.8586 3.8
43.3789 -84.6597 1
City11672 43.3789 -84.6597 2.6
43.3814 -92.1139 1
City11673 43.3814 -92.1139 4.0
43.3814 -112.1225 1
City11674 43.3814 -112.1225 3.9
43.3817 -87.9406 1
City11675 43.3817 -87.9406 3.4
43.3839 -70.5453 1
City11676 43.3839 -70.5453 4.4
43.3844 -89.0450 1
City11677 43.3844 -89.0450 3.3
43.3858 -93.9464 1
City11678 43.3858 -93.9464 2.9
43.3864 -95.1481 1
City11679 43.3864 -95.1481 3.9
43.3869 -98.8442 1
City11680 43.3869 -98.8442 3.2
43.3872 -87.8756 1
City11681 43.3872 -87.8756 4.1
43.3897 -71.0656 1
City11682 43.3897 -71.0656 3.6
43.3903 -89.4028 1
City11683 43.3903 -89.4028 3.5
43.3903 -123.3114 1
City11684 43.3903 -123.3114 4.1
43.3953 -90.7742 1
City11685 43.3953 -90.7742 3.4
43.3956 -85.4678 1
City11686 43.3956 -85.4678 3.1
43.3958 -72.7011 1
City11687 43.3958 -72.7011 4.1
43.3961 -94.4781 1
City11688 43.3961 -94.4781 2.7
43.3975 -97.1361 1
City11689 43.3975 -97.1361 2.8
43.3981 -76.4778 1
City11690 43.3981 -76.4778 3.7
43.3989 -97.9833 1
City11691 43.3989 -97.9833 2.9
43.3992 -95.7517 1
City11692 43.3992 -95.7517 3.3
43.3997 -88.5325 1
City11693 43.3997 -88.5325 3.7
43.4017 -94.8325 1
City11694 43.4017 -94.8325 3.8
43.4056 -88.7050 1
City11695 43.4056 -88.7050 4.3
43.4061 -76.1261 1
City11696 43.4061 -76.1261 3.0
43.4067 -124.2231 1
City11697 43.4067 -124.2231 4.0
43.4078 -73.2600 1
City11698 43.4078 -73.2600 2.6
43.4081 -84.4750 1
City11699 43.4081 -84.4750 2.9
43.4081 -85.0386 1
City11700 43.4081 -85.0386 2.6
43.4097 -84.3289 1
City11701 43.4097 -84.3289 2.8
43.4100 -86.3486 1
City11702 43.4100 -86.3486 3.1
43.4114 -106.2794 1
City11703 43.4114 -106.2794 2.9
43.4131 -106.2489 1
City11704 43.4131 -106.2489 3.9
43.4139 -71.9856 1
City11705 43.4139 -71.9856 3.0
43.4142 -73.4881 1
City11706 43.4142 -73.4881 4.3
43.4147 -84.2306 1
City11707 43.4147 -84.2306 4.0
43.4161 -95.5344 1
City11708 43.4161 -95.5344 2.5
43.4167 -86.3569 1
City11709 43.4167 -86.3569 3.2
43.4194 -83.9508 1
City11710 43.4194 -83.9508 3.8
43.4194 -93.5331 1
City11711 43.4194 -93.5331 3.6
43.4197 -85.8000 1
City11712 43.4197 -85.8000 3.7
43.4203 -82.8297 1
City11713 43.4203 -82.8297 3.6
43.4222 -95.1019 1
City11714 43.4222 -95.1019 4.4
43.4222 -123.2972 1
City11715 43.4222 -123.2972 2.6
43.4231 -97.2603 1
City11716 43.4231 -97.2603 2.8
43.4253 -88.1833 1
City11717 43.4253 -88.1833 2.7
43.4253 -98.4069 1
City11718 43.4253 -98.4069 4.0
43.4261 -73.7128 1
City11719 43.4261 -73.7128 2.5
43.4269 -82.6714 1
City11720 43.4269 -82.6714 3.7
43.4272 -96.1756 1
City11721 43.4272 -96.1756 3.9
43.4308 -82.5425 1
City11722 43.4308 -82.5425 3.2
43.4314 -96.6969 1
City11723 43.4314 -96.6969 2.6
43.4317 -88.0464 1
City11724 43.4317 -88.0464 3.5
43.4317 -103.4739 1
City11725 43.4317 -103.4739 3.8
43.4361 -92.7822 1
City11726 43.4361 -92.7822 4.2
43.4392 -70.7747 1
City11727 43.4392 -70.7747 2.8
43.4442 -71.6478 1
City11728 43.4442 -71.6478 2.5
43.4442 -93.2208 1
City11729 43.4442 -93.2208 2.9
43.4464 -96.8356 1
City11730 43.4464 -96.8356 3.4
43.4478 -89.2397 1
City11731 43.4478 -89.2397 2.7
43.4506 -83.6964 1
City11732 43.4506 -83.6964 3.6
43.4514 -88.6311 1
City11733 43.4514 -88.6311 4.1
43.4536 -96.4339 1
City11734 43.4536 -96.4339 3.8
43.4553 -76.5108 1
City11735 43.4553 -76.5108 4.2
43.4556 -95.3206 1
City11736 43.4556 -95.3206 3.3
43.4578 -88.8372 1
City11737 43.4578 -88.8372 2.9
43.4586 -83.9303 1
City11738 43.4586 -83.9303 3.0
43.4594 -76.2292 1
City11739 43.4594 -76.2292 3.9
43.4597 -89.8683 1
City11740 43.4597 -89.8683 3.7
43.4636 -114.2597 1
City11741 43.4636 -114.2597 3.8
43.4667 -70.7942 1
City11742 43.4667 -70.7942 3.3
43.4667 -112.0333 1
City11743 43.4667 -112.0333 4.4
43.4675 -85.9419 1
City11744 43.4675 -85.9419 3.1
43.4697 -111.9658 1
City11745 43.4697 -111.9658 4.0
43.4706 -87.9506 1
City11746 43.4706 -87.9506 2.8
43.4711 -89.7442 1
City11747 43.4711 -89.7442 4.3
43.4717 -72.9778 1
City11748 43.4717 -72.9778 4.0
43.4744 -89.7703 1
City11749 43.4744 -89.7703 3.9
43.4764 -83.9206 1
City11750 43.4764 -83.9206 4.2
43.4800 -110.7617 1
City11751 43.4800 -110.7617 4.3
43.4836 -75.3369 1
City11752 43.4836 -75.3369 2.9
43.4908 -85.4439 1
City11753 43.4908 -85.4439 4.0
43.4911 -83.3969 1
City11754 43.4911 -83.3969 4.1
43.4919 -116.4192 1
City11755 43.4919 -116.4192 2.8
43.4925 -70.4539 1
City11756 43.4925 -70.4539 3.1
43.4942 -88.5447 1
City11757 43.4942 -88.5447 3.1
43.4958 -89.3083 1
City11758 43.4958 -89.3083 4.1
43.4967 -73.7767 1
City11759 43.4967 -73.7767 2.9
43.4967 -91.2894 1
City11760 43.4967 -91.2894 3.0
43.4997 -87.8503 1
City11761 43.4997 -87.8503 4.0
43.5008 -70.4433 1
City11762 43.5008 -70.4433 4.3
43.5050 -94.0878 1
City11763 43.5050 -94.0878 3.8
43.5053 -92.9439 1
City11764 43.5053 -92.9439 3.2
43.5061 -90.6681 1
City11765 43.5061 -90.6681 3.5
43.5072 -86.3475 1
City11766 43.5072 -86.3475 2.8
43.5097 -92.5036 1
City11767 43.5097 -92.5036 3.3
43.5169 -73.2367 1
City11768 43.5169 -73.2367 4.2
43.5172 -70.3781 1
City11769 43.5172 -70.3781 3.0
43.5172 -88.4511 1
City11770 43.5172 -88.4511 2.6
43.5181 -96.0181 1
City11771 43.5181 -96.0181 4.0
43.5197 -114.3144 1
City11772 43.5197 -114.3144 3.0
43.5206 -91.7694 1
City11773 43.5206 -91.7694 4.3
43.5208 -88.2289 1
City11774 43.5208 -88.2289 3.7
43.5236 -83.5433 1
City11775 43.5236 -83.5433 2.8
43.5244 -84.6947 1
City11776 43.5244 -84.6947 2.9
43.5250 -84.1228 1
City11777 43.5250 -84.1228 4.3
43.5264 -111.9322 1
City11778 43.5264 -111.9322 3.5
43.5267 -82.7353 1
City11779 43.5267 -82.7353 3.6
43.5278 -71.4708 1
City11780 43.5278 -71.4708 2.7
43.5281 -96.3583 1
City11781 43.5281 -96.3583 2.5
43.5325 -90.0025 1
City11782 43.5325 -90.0025 3.6
43.5336 -94.6314 1
City11783 43.5336 -94.6314 3.1
43.5336 -109.6297 1
City11784 43.5336 -109.6297 4.2
43.5364 -93.7119 1
City11785 43.5364 -93.7119 3.9
43.5378 -89.3000 1
City11786 43.5378 -89.3000 4.0
43.5392 -89.0067 1
City11787 43.5392 -89.0067 2.6
43.5392 -89.4625 1
City11788 43.5392 -89.4625 2.5
43.5408 -116.5625 1
City11789 43.5408 -116.5625 3.8
43.5422 -89.1072 1
City11790 43.5422 -89.1072 3.2
43.5456 -116.8122 1
City11791 43.5456 -116.8122 2.7
43.5500 -96.7000 1
City11792 43.5500 -96.7000 3.3
43.5503 -85.7719 1
City11793 43.5503 -85.7719 3.4
43.5517 -97.5072 1
City11794 43.5517 -97.5072 4.3
43.5522 -87.9617 1
City11795 43.5522 -87.9617 2.6
43.5553 -92.0100 1
City11796 43.5553 -92.0100 2.9
43.5556 -73.4042 1
City11797 43.5556 -73.4042 4.0
43.5569 -90.8886 1
City11798 43.5569 -90.8886 2.9
43.5592 -86.3456 1
City11799 43.5592 -86.3456 3.8
43.5611 -91.6358 1
City11800 43.5611 -91.6358 2.6
43.5642 -119.0800 1
City11801 43.5642 -119.0800 3.7
43.5653 -92.7192 1
City11802 43.5653 -92.7192 2.6
43.5656 -88.9064 1
City11803 43.5656 -88.9064 4.0
43.5669 -76.1281 1
City11804 43.5669 -76.1281 4.0
43.5681 -83.5142 1
City11805 43.5681 -83.5142 3.8
43.5681 -100.7450 1
City11806 43.5681 -100.7450 3.9
43.5689 -86.0394 1
City11807 43.5689 -86.0394 4.0
43.5697 -87.8233 1
City11808 43.5697 -87.8233 2.9
43.5725 -93.2811 1
City11809 43.5725 -93.2811 4.3
43.5758 -124.1739 1
City11810 43.5758 -124.1739 2.8
43.5781 -70.3222 1
City11811 43.5781 -70.3222 3.2
43.5825 -96.4675 1
City11812 43.5825 -96.4675 2.6
43.5831 -75.3456 1
City11813 43.5831 -75.3456 3.7
43.5839 -71.2078 1
City11814 43.5839 -71.2078 3.0
43.5864 -119.0531 1
City11815 43.5864 -119.0531 3.4
43.5911 -71.7372 1
City11816 43.5911 -71.7372 3.4
43.5914 -88.4436 1
City11817 43.5914 -88.4436 3.4
43.5931 -73.0456 1
City11818 43.5931 -73.0456 4.3
43.5944 -83.8889 1
City11819 43.5944 -83.8889 3.0
43.5947 -73.2661 1
City11820 43.5947 -73.2661 3.6
43.5964 -111.9631 1
City11821 43.5964 -111.9631 3.1
43.5978 -88.2789 1
City11822 43.5978 -88.2789 4.2
43.5978 -97.2903 1
City11823 43.5978 -97.2903 2.7
43.5986 -123.2822 1
City11824 43.5986 -123.2822 3.8
43.6008 -83.1747 1
City11825 43.6008 -83.1747 3.8
43.6011 -89.7936 1
City11826 43.6011 -89.7936 3.1
43.6033 -84.0697 1
City11827 43.6033 -84.0697 2.7
43.6086 -86.3639 1
City11828 43.6086 -86.3639 2.9
43.6106 -72.9731 1
City11829 43.6106 -72.9731 3.5
43.6122 -116.3906 1
City11830 43.6122 -116.3906 3.2
43.6153 -83.8419 1
City11831 43.6153 -83.8419 3.6
43.6156 -84.2472 1
City11832 43.6156 -84.2472 3.6
43.6178 -116.9328 1
City11833 43.6178 -116.9328 3.3
43.6192 -87.9519 1
City11834 43.6192 -87.9519 3.1
43.6200 -95.5961 1
City11835 43.6200 -95.5961 3.0
43.6208 -94.9883 1
City11836 43.6208 -94.9883 2.7
43.6222 -116.2372 1
City11837 43.6222 -116.2372 2.9
43.6228 -87.7944 1
City11838 43.6228 -87.7944 3.8
43.6231 -96.9422 1
City11839 43.6231 -96.9422 2.6
43.6242 -72.5189 1
City11840 43.6242 -72.5189 3.2
43.6253 -75.3675 1
City11841 43.6253 -75.3675 4.2
43.6275 -89.7708 1
City11842 43.6275 -89.7708 3.8
43.6319 -111.7728 1
City11843 43.6319 -111.7728 3.8
43.6333 -88.7294 1
City11844 43.6333 -88.7294 3.9
43.6347 -91.4967 1
City11845 43.6347 -91.4967 3.4
43.6350 -95.9325 1
City11846 43.6350 -95.9325 3.9
43.6367 -113.2994 1
City11847 43.6367 -113.2994 2.6
43.6375 -94.1019 1
City11848 43.6375 -94.1019 4.1
43.6406 -72.1444 1
City11849 43.6406 -72.1444 3.6
43.6414 -70.2414 1
City11850 43.6414 -70.2414 4.0
43.6422 -72.2522 1
City11851 43.6422 -72.2522 4.4
43.6433 -76.0689 1
City11852 43.6433 -76.0689 2.5
43.6442 -76.0864 1
City11853 43.6442 -76.0864 4.1
43.6461 -108.2114 1
City11854 43.6461 -108.2114 4.2
43.6481 -93.3681 1
City11855 43.6481 -93.3681 2.6
43.6489 -72.3197 1
City11856 43.6489 -72.3197 3.3
43.6522 -90.3439 1
City11857 43.6522 -90.3439 3.4
43.6522 -94.4608 1
City11858 43.6522 -94.4608 3.2
43.6522 -94.7267 1
City11859 43.6522 -94.7267 4.0
43.6528 -90.2233 1
City11860 43.6528 -90.2233 4.0
43.6536 -83.4661 1
City11861 43.6536 -83.4661 3.7
43.6536 -97.7825 1
City11862 43.6536 -97.7825 3.1
43.6542 -96.2125 1
City11863 43.6542 -96.2125 3.4
43.6569 -90.8542 1
City11864 43.6569 -90.8542 3.5
43.6575 -71.5008 1
City11865 43.6575 -71.5008 2.7
43.6583 -88.0069 1
City11866 43.6583 -88.0069 3.0
43.6589 -123.3175 1
City11867 43.6589 -123.3175 4.0
43.6614 -70.2558 1
City11868 43.6614 -70.2558 3.5
43.6619 -91.2183 1
City11869 43.6619 -91.2183 2.5
43.6631 -116.6864 1
City11870 43.6631 -116.6864 3.4
43.6647 -96.8106 1
City11871 43.6647 -96.8106 2.5
43.6667 -92.9744 1
City11872 43.6667 -92.9744 3.4
43.6669 -94.6192 1
City11873 43.6669 -94.6192 4.0
43.6703 -92.0831 1
City11874 43.6703 -92.0831 3.4
43.6703 -93.5758 1
City11875 43.6703 -93.5758 3.3
43.6714 -116.8153 1
City11876 43.6714 -116.8153 3.7
43.6725 -111.9142 1
City11877 43.6725 -111.9142 3.2
43.6728 -72.3092 1
City11878 43.6728 -72.3092 4.3
43.6728 -84.3806 1
City11879 43.6728 -84.3806 2.7
43.6767 -116.9108 1
City11880 43.6767 -116.9108 4.1
43.6769 -70.3717 1
City11881 43.6769 -70.3717 4.1
43.6775 -95.1714 1
City11882 43.6775 -95.1714 3.3
43.6794 -70.4447 1
City11883 43.6794 -70.4447 4.2
43.6808 -114.3628 1
City11884 43.6808 -114.3628 2.9
43.6861 -88.5464 1
City11885 43.6861 -88.5464 4.1
43.6869 -92.3889 1
City11886 43.6869 -92.3889 3.8
43.6936 -88.3608 1
City11887 43.6936 -88.3608 3.3
43.6953 -71.6311 1
City11888 43.6953 -71.6311 3.9
43.6958 -112.0097 1
City11889 43.6958 -112.0097 3.2
43.6972 -114.3508 1
City11890 43.6972 -114.3508 3.6
43.6981 -85.4836 1
City11891 43.6981 -85.4836 4.3
43.6983 -86.3639 1
City11892 43.6983 -86.3639 3.2
43.6986 -95.4683 1
City11893 43.6986 -95.4683 4.2
43.7022 -72.2900 1
City11894 43.7022 -72.2900 3.1
43.7022 -91.0131 1
City11895 43.7022 -91.0131 4.2
43.7025 -124.0956 1
City11896 43.7025 -124.0956 3.9
43.7058 -92.5719 1
City11897 43.7058 -92.5719 3.5
43.7067 -73.0286 1
City11898 43.7067 -73.0286 4.3
43.7069 -116.6192 1
City11899 43.7069 -116.6192 3.2
43.7072 -88.9900 1
City11900 43.7072 -88.9900 3.7
43.7094 -98.0294 1
City11901 43.7094 -98.0294 4.0
43.7097 -92.9694 1
City11902 43.7097 -92.9694 3.4
43.7100 -74.9747 1
City11903 43.7100 -74.9747 4.1
43.7100 -82.9317 1
City11904 43.7100 -82.9317 3.9
43.7156 -98.4847 1
City11905 43.7156 -98.4847 3.1
43.7175 -96.5025 1
City11906 43.7175 -96.5025 3.5
43.7208 -91.9767 1
City11907 43.7208 -91.9767 3.3
43.7208 -111.9892 1
City11908 43.7208 -111.9892 3.0
43.7233 -111.1106 1
City11909 43.7233 -111.1106 2.7
43.7242 -97.3886 1
City11910 43.7242 -97.3886 3.5
43.7292 -87.8106 1
City11911 43.7292 -87.8106 3.2
43.7322 -83.4511 1
City11912 43.7322 -83.4511 3.8
43.7347 -70.2083 1
City11913 43.7347 -70.2083 3.0
43.7353 -88.7811 1
City11914 43.7353 -88.7811 3.6
43.7403 -92.8692 1
City11915 43.7403 -92.8692 4.4
43.7408 -90.2722 1
City11916 43.7408 -90.2722 3.1
43.7419 -90.7792 1
City11917 43.7419 -90.7792 3.4
43.7461 -93.7286 1
City11918 43.7461 -93.7286 3.4
43.7467 -98.9581 1
City11919 43.7467 -98.9581 3.4
43.7467 -122.4606 1
City11920 43.7467 -122.4606 3.9
43.7486 -87.9769 1
City11921 43.7486 -87.9769 4.4
43.7508 -87.7144 1
City11922 43.7508 -87.7144 2.6
43.7567 -84.5858 1
City11923 43.7567 -84.5858 3.9
43.7569 -71.6886 1
City11924 43.7569 -71.6886 4.2
43.7594 -91.3464 1
City11925 43.7594 -91.3464 3.7
43.7614 -96.7400 1
City11926 43.7614 -96.7400 3.5
43.7622 -94.7069 1
City11927 43.7622 -94.7069 3.0
43.7633 -91.5683 1
City11928 43.7633 -91.5683 3.4
43.7639 -93.3289 1
City11929 43.7639 -93.3289 2.5
43.7667 -103.5983 1
City11930 43.7667 -103.5983 4.3
43.7678 -94.1656 1
City11931 43.7678 -94.1656 3.9
43.7731 -88.4469 1
City11932 43.7731 -88.4469 4.1
43.7817 -86.4331 1
City11933 43.7817 -86.4331 3.2
43.7853 -116.9422 1
City11934 43.7853 -116.9422 3.4
43.7861 -96.9272 1
City11935 43.7861 -96.9272 2.5
43.7867 -75.4922 1
City11936 43.7867 -75.4922 4.2
43.7914 -89.3197 1
City11937 43.7914 -89.3197 3.1
43.7950 -95.3200 1
City11938 43.7950 -95.3200 4.0
43.7964 -70.2594 1
City11939 43.7964 -70.2594 4.2
43.7972 -90.0772 1
City11940 43.7972 -90.0772 4.2
43.7978 -123.0583 1
City11941 43.7978 -123.0583 3.4
43.7981 -73.0881 1
City11942 43.7981 -73.0881 2.9
43.8006 -70.1872 1
City11943 43.8006 -70.1872 3.0
43.8014 -91.2394 1
City11944 43.8014 -91.2394 4.1
43.8019 -83.0008 1
City11945 43.8019 -83.0008 3.2
43.8067 -91.7914 1
City11946 43.8067 -91.7914 4.3
43.8078 -88.6747 1
City11947 43.8078 -88.6747 4.0
43.8083 -91.7528 1
City11948 43.8083 -91.7528 4.4
43.8108 -99.3303 1
City11949 43.8108 -99.3303 2.5
43.8114 -88.4833 1
City11950 43.8114 -88.4833 3.7
43.8194 -83.1808 1
City11951 43.8194 -83.1808 4.0
43.8194 -84.7686 1
City11952 43.8194 -84.7686 3.3
43.8261 -96.7058 1
City11953 43.8261 -96.7058 4.4
43.8261 -111.7889 1
City11954 43.8261 -111.7889 2.7
43.8264 -88.2461 1
City11955 43.8264 -88.2461 2.7
43.8278 -94.4369 1
City11956 43.8278 -94.4369 3.9
43.8300 -83.2700 1
City11957 43.8300 -83.2700 2.9
43.8306 -90.6214 1
City11958 43.8306 -90.6214 3.0
43.8333 -72.6344 1
City11959 43.8333 -72.6344 4.2
43.8333 -88.0178 1
City11960 43.8333 -88.0178 3.6
43.8339 -87.8200 1
City11961 43.8339 -87.8200 3.4
43.8339 -101.5094 1
City11962 43.8339 -101.5094 3.5
43.8342 -70.4389 1
City11963 43.8342 -70.4389 4.1
43.8350 -84.8669 1
City11964 43.8350 -84.8669 3.5
43.8419 -93.8317 1
City11965 43.8419 -93.8317 3.1
43.8422 -88.8358 1
City11966 43.8422 -88.8358 3.8
43.8442 -88.9600 1
City11967 43.8442 -88.9600 4.0
43.8447 -82.6514 1
City11968 43.8447 -82.6514 2.9
43.8456 -92.1889 1
City11969 43.8456 -92.1889 4.1
43.8486 -73.4239 1
City11970 43.8486 -73.4239 4.3
43.8500 -96.3983 1
City11971 43.8500 -96.3983 2.7
43.8508 -89.1217 1
City11972 43.8508 -89.1217 3.9
43.8522 -69.6286 1
City11973 43.8522 -69.6286 2.8
43.8536 -83.9650 1
City11974 43.8536 -83.9650 4.1
43.8547 -104.2044 1
City11975 43.8547 -104.2044 2.8
43.8556 -92.4883 1
City11976 43.8556 -92.4883 3.1
43.8569 -70.1036 1
City11977 43.8569 -70.1036 3.3
43.8600 -76.0058 1
City11978 43.8600 -76.0058 2.6
43.8664 -95.1167 1
City11979 43.8664 -95.1167 2.7
43.8667 -93.0508 1
City11980 43.8667 -93.0508 3.8
43.8706 -95.6000 1
City11981 43.8706 -95.6000 3.9
43.8725 -96.1283 1
City11982 43.8725 -96.1283 3.3
43.8728 -93.3011 1
City11983 43.8728 -93.3011 3.3
43.8731 -111.7475 1
City11984 43.8731 -111.7475 3.9
43.8736 -116.4983 1
City11985 43.8736 -116.4983 2.8
43.8750 -85.5100 1
City11986 43.8750 -85.5100 3.9
43.8769 -116.9939 1
City11987 43.8769 -116.9939 4.4
43.8792 -90.1653 1
City11988 43.8792 -90.1653 3.0
43.8822 -84.4847 1
City11989 43.8822 -84.4847 2.8
43.8836 -89.4933 1
City11990 43.8836 -89.4933 2.7
43.8844 -91.2350 1
City11991 43.8844 -91.2350 3.2
43.8867 -111.6769 1
City11992 43.8867 -111.6769 3.2
43.8881 -94.1564 1
City11993 43.8881 -94.1564 3.4
43.8883 -100.7125 1
City11994 43.8883 -100.7125 3.9
43.8906 -92.8475 1
City11995 43.8906 -92.8475 3.4
43.8931 -90.9903 1
City11996 43.8931 -90.9903 4.2
43.8933 -75.6739 1
City11997 43.8933 -75.6739 2.7
43.8939 -93.4936 1
City11998 43.8939 -93.4936 3.1
43.8958 -75.3928 1
City11999 43.8958 -75.3928 3.3
43.8992 -91.0811 1
City12000 43.8992 -91.0811 3.5
43.9006 -85.2581 1
City12001 43.9006 -85.2581 2.6
43.9011 -85.8517 1
City12002 43.9011 -85.8517 3.7
43.9097 -100.0583 1
City12003 43.9097 -100.0583 3.8
43.9106 -69.8211 1
City12004 43.9106 -69.8211 2.9
43.9125 -88.0356 1
City12005 43.9125 -88.0356 3.6
43.9144 -69.9658 1
City12006 43.9144 -69.9658 3.8
43.9147 -113.6125 1
City12007 43.9147 -113.6125 3.7
43.9147 -116.1969 1
City12008 43.9147 -116.1969 3.7
43.9150 -87.7472 1
City12009 43.9150 -87.7472 4.0
43.9181 -123.0233 1
City12010 43.9181 -123.0233 4.3
43.9186 -122.7825 1
City12011 43.9186 -122.7825 3.4
43.9225 -90.2714 1
City12012 43.9225 -90.2714 3.0
43.9250 -72.6664 1
City12013 43.9250 -72.6664 3.1
43.9275 -69.9764 1
City12014 43.9275 -69.9764 2.7
43.9289 -93.9558 1
City12015 43.9289 -93.9558 3.7
43.9325 -103.5747 1
City12016 43.9325 -103.5747 3.4
43.9389 -94.9294 1
City12017 43.9389 -94.9294 4.2
43.9394 -82.9969 1
City12018 43.9394 -82.9969 2.7
43.9411 -83.2714 1
City12019 43.9411 -83.2714 3.2
43.9442 -90.8128 1
City12020 43.9442 -90.8128 3.9
43.9461 -76.1194 1
City12021 43.9461 -76.1194 3.6
43.9500 -88.0842 1
City12022 43.9500 -88.0842 2.6
43.9547 -86.2800 1
City12023 43.9547 -86.2800 3.3
43.9553 -86.4525 1
City12024 43.9553 -86.4525 4.2
43.9583 -94.7944 1
City12025 43.9583 -94.7944 3.0
43.9633 -91.2561 1
City12026 43.9633 -91.2561 2.9
43.9681 -88.9433 1
City12027 43.9681 -88.9433 3.8
43.9700 -116.8181 1
City12028 43.9700 -116.8181 4.3
43.9706 -89.8167 1
City12029 43.9706 -89.8167 3.9
43.9742 -75.6156 1
City12030 43.9742 -75.6156 3.6
43.9747 -75.9111 1
City12031 43.9747 -75.9111 2.7
43.9781 -75.6097 1
City12032 43.9781 -75.6097 3.2
43.9786 -90.5039 1
City12033 43.9786 -90.5039 4.2
43.9792 -71.1208 1
City12034 43.9792 -71.1208 3.6
43.9808 -84.4864 1
City12035 43.9808 -84.4864 2.6
43.9822 -117.2372 1
City12036 43.9822 -117.2372 3.1
43.9825 -96.8142 1
City12037 43.9825 -96.8142 2.9
43.9828 -124.0986 1
City12038 43.9828 -124.0986 3.0
43.9831 -83.9589 1
City12039 43.9831 -83.9589 4.3
43.9844 -91.8692 1
City12040 43.9844 -91.8692 2.6
43.9878 -95.7556 1
City12041 43.9878 -95.7556 3.1
43.9883 -92.2283 1
City12042 43.9883 -92.2283 3.8
43.9925 -72.1294 1
City12043 43.9925 -72.1294 3.3
43.9925 -102.2411 1
City12044 43.9925 -102.2411 3.8
43.9961 -70.0611 1
City12045 43.9961 -70.0611 3.5
44.0006 -96.3172 1
City12046 44.0006 -96.3172 4.1
44.0011 -75.9667 1
City12047 44.0011 -75.9667 4.3
44.0047 -94.0656 1
City12048 44.0047 -94.0656 3.7
44.0056 -91.4419 1
City12049 44.0056 -91.4419 3.1
44.0061 -97.1136 1
City12050 44.0061 -97.1136 3.4
44.0078 -76.0447 1
City12051 44.0078 -76.0447 2.7
44.0078 -116.9156 1
City12052 44.0078 -116.9156 4.0
44.0108 -97.5264 1
City12053 44.0108 -97.5264 4.3
44.0125 -75.7947 1
City12054 44.0125 -75.7947 3.4
44.0153 -73.1678 1
City12055 44.0153 -73.1678 4.4
44.0164 -70.9811 1
City12056 44.0164 -70.9811 4.2
44.0169 -107.9547 1
City12057 44.0169 -107.9547 3.6
44.0192 -84.7994 1
City12058 44.0192 -84.7994 3.0
44.0217 -92.4697 1
City12059 44.0217 -92.4697 3.5
44.0247 -88.5425 1
City12060 44.0247 -88.5425 3.7
44.0261 -90.0739 1
City12061 44.0261 -90.0739 2.6
44.0267 -116.9619 1
City12062 44.0267 -116.9619 4.4
44.0275 -91.7697 1
City12063 44.0275 -91.7697 3.5
44.0281 -92.8544 1
City12064 44.0281 -92.8544 2.7
44.0289 -88.1628 1
City12065 44.0289 -88.1628 3.9
44.0300 -92.7506 1
City12066 44.0300 -92.7506 3.6
44.0328 -92.6453 1
City12067 44.0328 -92.6453 2.7
44.0394 -88.7442 1
City12068 44.0394 -88.7442 3.2
44.0394 -101.6647 1
City12069 44.0394 -101.6647 3.1
44.0419 -89.0983 1
City12070 44.0419 -89.0983 2.8
44.0422 -95.4358 1
City12071 44.0422 -95.4358 2.7
44.0444 -92.9975 1
City12072 44.0444 -92.9975 4.3
44.0461 -82.9942 1
City12073 44.0461 -82.9942 4.0
44.0464 -123.0208 1
City12074 44.0464 -123.0208 4.4
44.0483 -73.4603 1
City12075 44.0483 -73.4603 3.2
44.0486 -83.6958 1
City12076 44.0486 -83.6958 4.1
44.0489 -123.3497 1
City12077 44.0489 -123.3497 3.9
44.0494 -96.5950 1
City12078 44.0494 -96.5950 3.4
44.0500 -91.6392 1
City12079 44.0500 -91.6392 4.3
44.0508 -94.4181 1
City12080 44.0508 -94.4181 3.8
44.0522 -123.0856 1
City12081 44.0522 -123.0856 3.8
44.0536 -71.1289 1
City12082 44.0536 -71.1289 3.8
44.0536 -98.2753 1
City12083 44.0536 -98.2753 3.9
44.0547 -70.7133 1
City12084 44.0547 -70.7133 3.6
44.0583 -121.3142 1
City12085 44.0583 -121.3142 2.5
44.0625 -91.6956 1
City12086 44.0625 -91.6956 4.0
44.0661 -87.8842 1
City12087 44.0661 -87.8842 2.7
44.0669 -76.1306 1
City12088 44.0669 -76.1306 4.1
44.0692 -92.7556 1
City12089 44.0692 -92.7556 2.7
44.0717 -88.2989 1
City12090 44.0717 -88.2989 2.9
44.0717 -111.4475 1
City12091 44.0717 -111.4475 3.0
44.0747 -89.2878 1
City12092 44.0747 -89.2878 3.1
44.0758 -88.5250 1
City12093 44.0758 -88.5250 2.8
44.0778 -93.5072 1
City12094 44.0778 -93.5072 2.6
44.0783 -116.9328 1
City12095 44.0783 -116.9328 4.0
44.0789 -69.1822 1
City12096 44.0789 -69.1822 3.4
44.0792 -98.5692 1
City12097 44.0792 -98.5692 4.3
44.0806 -103.2306 1
City12098 44.0806 -103.2306 2.9
44.0817 -91.3489 1
City12099 44.0817 -91.3489 3.1
44.0839 -93.2258 1
City12100 44.0839 -93.2258 3.8
44.0872 -69.7994 1
City12101 44.0872 -69.7994 3.4
44.0881 -75.8075 1
City12102 44.0881 -75.8075 3.1
44.0886 -87.6575 1
City12103 44.0886 -87.6575 3.8
44.0953 -69.3761 1
City12104 44.0953 -69.3761 2.6
44.0978 -70.2317 1
City12105 44.0978 -70.2317 4.2
44.0978 -91.8167 1
City12106 44.0978 -91.8167 2.6
44.0997 -104.6275 1
City12107 44.0997 -104.6275 3.4
44.1003 -70.2153 1
City12108 44.1003 -70.2153 3.9
44.1025 -85.1469 1
City12109 44.1025 -85.1469 2.9
44.1036 -69.1094 1
City12110 44.1036 -69.1094 3.1
44.1036 -123.1300 1
City12111 44.1036 -123.1300 3.6
44.1058 -94.2186 1
City12112 44.1058 -94.2186 3.0
44.1103 -94.9044 1
City12113 44.1103 -94.9044 3.3
44.1108 -88.7125 1
City12114 44.1108 -88.7125 2.5
44.1117 -70.3922 1
City12115 44.1117 -70.3922 3.5
44.1125 -103.0678 1
City12116 44.1125 -103.0678 3.0
44.1161 -93.7078 1
City12117 44.1161 -93.7078 3.4
44.1197 -70.1081 1
City12118 44.1197 -70.1081 2.8
44.1278 -76.3333 1
City12119 44.1278 -76.3333 3.9
44.1303 -92.2514 1
City12120 44.1303 -92.2514 4.0
44.1306 -90.9981 1
City12121 44.1306 -90.9981 3.4
44.1319 -91.7186 1
City12122 44.1319 -91.7186 3.9
44.1333 -73.0794 1
City12123 44.1333 -73.0794 2.8
44.1372 -123.0653 1
City12124 44.1372 -123.0653 3.9
44.1403 -88.1639 1
City12125 44.1403 -88.1639 2.6
44.1447 -87.8214 1
City12126 44.1447 -87.8214 3.6
44.1511 -72.6569 1
City12127 44.1511 -72.6569 4.0
44.1511 -103.3075 1
City12128 44.1511 -103.3075 4.4
44.1522 -72.0378 1
City12129 44.1522 -72.0378 3.3
44.1536 -87.9567 1
City12130 44.1536 -87.9567 3.1
44.1536 -92.8994 1
City12131 44.1536 -92.8994 2.7
44.1539 -87.5692 1
City12132 44.1539 -87.5692 3.1
44.1544 -75.7092 1
City12133 44.1544 -75.7092 3.4
44.1572 -108.8708 1
City12134 44.1572 -108.8708 4.2
44.1597 -75.0319 1
City12135 44.1597 -75.0319 4.2
44.1636 -93.9992 1
City12136 44.1636 -93.9992 2.9
44.1650 -92.1714 1
City12137 44.1650 -92.1714 3.0
44.1650 -93.8811 1
City12138 44.1650 -93.8811 3.6
44.1661 -92.5347 1
City12139 44.1661 -92.5347 3.0
44.1672 -73.2544 1
City12140 44.1672 -73.2544 3.2
44.1733 -94.0336 1
City12141 44.1733 -94.0336 3.5
44.1742 -93.2461 1
City12142 44.1742 -93.2461 3.0
44.1769 -72.5061 1
City12143 44.1769 -72.5061 2.8
44.1772 -88.0642 1
City12144 44.1772 -88.0642 3.9
44.1839 -73.4361 1
City12145 44.1839 -73.4361 3.9
44.1858 -88.4625 1
City12146 44.1858 -88.4625 4.2
44.1936 -85.2133 1
City12147 44.1936 -85.2133 2.7
44.1969 -72.5025 1
City12148 44.1969 -72.5025 3.5
44.1992 -75.6072 1
City12149 44.1992 -75.6072 3.3
44.1994 -87.7214 1
City12150 44.1994 -87.7214 2.6
44.2014 -92.6461 1
City12151 44.2014 -92.6461 2.6
44.2022 -88.4464 1
City12152 44.2022 -88.4464 3.4
44.2044 -93.8153 1
City12153 44.2044 -93.8153 3.3
44.2097 -69.0653 1
City12154 44.2097 -69.0653 4.1
44.2097 -95.1283 1
City12155 44.2097 -95.1283 4.2
44.2133 -71.9114 1
City12156 44.2133 -71.9114 4.4
44.2139 -70.5453 1
City12157 44.2139 -70.5453 3.3
44.2139 -89.4922 1
City12158 44.2139 -89.4922 4.3
44.2153 -75.7975 1
City12159 44.2153 -75.7975 3.7
44.2189 -93.5678 1
City12160 44.2189 -93.5678 3.3
44.2194 -123.2044 1
City12161 44.2194 -123.2044 3.1
44.2231 -95.4692 1
City12162 44.2231 -95.4692 2.8
44.2236 -70.5139 1
City12163 44.2236 -70.5139 3.5
44.2272 -93.4444 1
City12164 44.2272 -93.4444 3.3
44.2275 -91.8350 1
City12165 44.2275 -91.8350 3.7
44.2300 -69.7758 1
City12166 44.2300 -69.7758 3.0
44.2303 -69.7672 1
City12167 44.2303 -69.7672 3.8
44.2311 -95.2639 1
City12168 44.2311 -95.2639 4.0
44.2333 -95.6189 1
City12169 44.2333 -95.6189 4.2
44.2333 -95.8719 1
City12170 44.2333 -95.8719 3.7
44.2361 -96.4808 1
City12171 44.2361 -96.4808 3.2
44.2389 -94.9756 1
City12172 44.2389 -94.9756 2.6
44.2392 -87.6411 1
City12173 44.2392 -87.6411 4.4
44.2394 -76.0861 1
City12174 44.2394 -76.0861 2.5
44.2444 -69.7719 1
City12175 44.2444 -69.7719 3.1
44.2444 -86.2961 1
City12176 44.2444 -86.2961 3.5
44.2444 -86.3242 1
City12177 44.2444 -86.3242 4.2
44.2511 -116.9683 1
City12178 44.2511 -116.9683 2.6
44.2519 -85.4011 1
City12179 44.2519 -85.4011 3.0
44.2528 -91.5014 1
City12180 44.2528 -91.5014 4.2
44.2597 -88.8647 1
City12181 44.2597 -88.8647 3.2
44.2600 -72.5758 1
City12182 44.2600 -72.5758 2.7
44.2611 -96.2872 1
City12183 44.2611 -96.2872 2.9
44.2619 -88.4153 1
City12184 44.2619 -88.4153 3.5
44.2633 -104.9497 1
City12185 44.2633 -104.9497 4.1
44.2658 -88.3142 1
City12186 44.2658 -88.3142 4.3
44.2694 -83.5147 1
City12187 44.2694 -83.5147 3.3
44.2722 -88.3389 1
City12188 44.2722 -88.3389 3.9
44.2722 -92.9853 1
City12189 44.2722 -92.9853 3.9
44.2728 -121.1728 1
City12190 44.2728 -121.1728 3.4
44.2731 -92.5447 1
City12191 44.2731 -92.5447 4.3
44.2742 -123.1694 1
City12192 44.2742 -123.1694 3.8
44.2761 -94.1872 1
City12193 44.2761 -94.1872 2.6
44.2764 -84.2386 1
City12194 44.2764 -84.2386 3.4
44.2781 -72.4269 1
City12195 44.2781 -72.4269 4.3
44.2781 -88.2719 1
City12196 44.2781 -88.2719 3.7
44.2783 -96.1344 1
City12197 44.2783 -96.1344 3.3
44.2794 -73.9803 1
City12198 44.2794 -73.9803 2.8
44.2794 -83.4903 1
City12199 44.2794 -83.4903 3.5
44.2797 -68.3256 1
City12200 44.2797 -68.3256 3.1
44.2800 -88.3183 1
City12201 44.2800 -88.3183 2.6
44.2842 -96.6853 1
City12202 44.2842 -96.6853 2.9
44.2858 -69.7914 1
City12203 44.2858 -69.7914 4.3
44.2911 -105.5017 1
City12204 44.2911 -105.5017 3.6
44.2911 -121.5481 1
City12205 44.2911 -121.5481 4.4
44.2925 -93.9647 1
City12206 44.2925 -93.9647 3.5
44.2942 -92.6689 1
City12207 44.2942 -92.6689 2.5
44.2944 -91.2350 1
City12208 44.2944 -91.2350 3.5
44.2947 -90.8514 1
City12209 44.2947 -90.8514 3.0
44.2950 -93.2686 1
City12210 44.2950 -93.2686 2.5
44.2972 -94.7239 1
City12211 44.2972 -94.7239 2.6
44.3044 -92.7903 1
City12212 44.3044 -92.7903 3.6
44.3050 -69.9775 1
City12213 44.3050 -69.9775 2.5
44.3061 -71.7706 1
City12214 44.3061 -71.7706 3.3
44.3106 -69.7800 1
City12215 44.3106 -69.7800 3.0
44.3114 -96.7981 1
City12216 44.3114 -96.7981 3.6
44.3125 -89.9042 1
City12217 44.3125 -89.9042 4.2
44.3125 -94.4603 1
City12218 44.3125 -94.4603 3.9
44.3147 -84.7647 1
City12219 44.3147 -84.7647 3.3
44.3200 -91.9147 1
City12220 44.3200 -91.9147 4.3
44.3214 -88.9336 1
City12221 44.3214 -88.9336 3.7
44.3236 -96.9261 1
City12222 44.3236 -96.9261 3.8
44.3244 -75.2514 1
City12223 44.3244 -75.2514 2.9
44.3256 -93.8375 1
City12224 44.3256 -93.8375 3.3
44.3258 -88.1628 1
City12225 44.3258 -88.1628 2.7
44.3294 -74.1317 1
City12226 44.3294 -74.1317 2.5
44.3347 -88.6381 1
City12227 44.3347 -88.6381 3.8
44.3353 -85.2150 1
City12228 44.3353 -85.2150 3.0
44.3358 -75.9181 1
City12229 44.3358 -75.9181 4.0
44.3367 -75.4633 1
City12230 44.3367 -75.4633 3.4
44.3378 -72.7567 1
City12231 44.3378 -72.7567 3.3
44.3478 -87.8272 1
City12232 44.3478 -87.8272 4.4
44.3483 -106.6983 1
City12233 44.3483 -106.6983 3.0
44.3508 -89.8653 1
City12234 44.3508 -89.8653 3.5
44.3514 -117.2656 1
City12235 44.3514 -117.2656 4.4
44.3522 -103.7647 1
City12236 44.3522 -103.7647 3.5
44.3536 -100.3733 1
City12237 44.3536 -100.3733 2.6
44.3569 -91.4203 1
City12238 44.3569 -91.4203 3.5
44.3581 -89.0858 1
City12239 44.3581 -89.0858 3.4
44.3633 -98.2139 1
City12240 44.3633 -98.2139 2.7
44.3636 -86.2050 1
City12241 44.3636 -86.2050 3.3
44.3636 -97.3769 1
City12242 44.3636 -97.3769 4.1
44.3644 -97.1328 1
City12243 44.3644 -97.1328 3.2
44.3675 -91.3164 1
City12244 44.3675 -91.3164 2.7
44.3683 -100.3506 1
City12245 44.3683 -100.3506 4.2
44.3731 -71.6106 1
City12246 44.3731 -71.6106 3.6
44.3767 -103.7292 1
City12247 44.3767 -103.7292 3.5
44.3800 -108.0383 1
City12248 44.3800 -108.0383 3.5
44.3836 -89.8172 1
City12249 44.3836 -89.8172 2.9
44.3839 -92.0328 1
City12250 44.3839 -92.0328 2.8
44.3842 -123.1086 1
City12251 44.3842 -123.1086 4.2
44.3875 -68.2044 1
City12252 44.3875 -68.2044 3.5
44.3875 -97.5500 1
City12253 44.3875 -97.5500 4.2
44.3878 -71.1736 1
City12254 44.3878 -71.1736 2.8
44.3894 -93.7300 1
City12255 44.3894 -93.7300 3.6
44.3897 -118.9492 1
City12256 44.3897 -118.9492 3.9
44.3928 -88.7397 1
City12257 44.3928 -88.7397 2.9
44.3936 -122.9836 1
City12258 44.3936 -122.9836 3.2
44.3978 -122.7350 1
City12259 44.3978 -122.7350 2.6
44.4006 -92.6236 1
City12260 44.4006 -92.6236 3.5
44.4019 -95.2556 1
City12261 44.4019 -95.2556 4.2
44.4053 -72.9933 1
City12262 44.4053 -72.9933 3.9
44.4064 -104.3753 1
City12263 44.4064 -104.3753 2.7
44.4078 -74.0875 1
City12264 44.4078 -74.0875 3.3
44.4097 -103.5086 1
City12265 44.4097 -103.5086 3.6
44.4108 -83.3322 1
City12266 44.4108 -83.3322 2.9
44.4108 -85.3989 1
City12267 44.4108 -85.3989 3.4
44.4161 -118.9519 1
City12268 44.4161 -118.9519 2.8
44.4169 -94.9253 1
City12269 44.4169 -94.9253 4.3
44.4178 -119.1125 1
City12270 44.4178 -119.1125 2.7
44.4203 -83.3308 1
City12271 44.4203 -83.3308 2.9
44.4214 -84.1167 1
City12272 44.4214 -84.1167 3.8
44.4239 -89.7803 1
City12273 44.4239 -89.7803 3.9
44.4258 -69.0069 1
City12274 44.4258 -69.0069 4.0
44.4269 -124.0675 1
City12275 44.4269 -124.0675 2.8
44.4389 -93.5811 1
City12276 44.4389 -93.5811 2.5
44.4392 -90.1244 1
City12277 44.4392 -90.1244 4.1
44.4411 -92.1478 1
City12278 44.4411 -92.1478 2.8
44.4447 -88.5789 1
City12279 44.4447 -88.5789 4.4
44.4467 -94.3950 1
City12280 44.4467 -94.3950 4.1
44.4469 -95.7881 1
City12281 44.4469 -95.7881 4.0
44.4489 -88.0603 1
City12282 44.4489 -88.0603 3.8
44.4494 -92.2667 1
City12283 44.4494 -92.2667 2.7
44.4508 -89.2847 1
City12284 44.4508 -89.2847 4.3
44.4511 -90.8411 1
City12285 44.4511 -90.8411 4.3
44.4564 -89.5439 1
City12286 44.4564 -89.5439 4.2
44.4583 -68.9247 1
City12287 44.4583 -68.9247 3.7
44.4583 -87.5031 1
City12288 44.4583 -87.5031 3.6
44.4583 -93.1614 1
City12289 44.4583 -93.1614 2.8
44.4611 -103.6381 1
City12290 44.4611 -103.6381 3.9
44.4633 -96.2469 1
City12291 44.4633 -96.2469 3.2
44.4633 -118.7089 1
City12292 44.4633 -118.7089 3.9
44.4644 -88.9197 1
City12293 44.4644 -88.9197 3.0
44.4653 -72.6850 1
City12294 44.4653 -72.6850 4.1
44.4669 -73.1714 1
City12295 44.4669 -73.1714 4.3
44.4686 -71.1856 1
City12296 44.4686 -71.1856 3.7
44.4753 -70.1886 1
City12297 44.4753 -70.1886 3.4
44.4758 -73.2125 1
City12298 44.4758 -73.2125 3.7
44.4775 -88.4506 1
City12299 44.4775 -88.4506 2.7
44.4803 -93.4283 1
City12300 44.4803 -93.4283 3.5
44.4814 -70.2000 1
City12301 44.4814 -70.2000 3.4
44.4822 -89.9639 1
City12302 44.4822 -89.9639 3.4
44.4889 -71.5697 1
City12303 44.4889 -71.5697 3.8
44.4892 -108.0556 1
City12304 44.4892 -108.0556 2.6
44.4906 -73.1114 1
City12305 44.4906 -73.1114 3.8
44.4908 -103.8589 1
City12306 44.4908 -103.8589 3.5
44.4914 -73.1861 1
City12307 44.4914 -73.1861 3.4
44.4936 -89.5586 1
City12308 44.4936 -89.5586 3.2
44.4983 -84.5919 1
City12309 44.4983 -84.5919 3.3
44.5047 -72.3686 1
City12310 44.5047 -72.3686 4.0
44.5047 -114.2308 1
City12311 44.5047 -114.2308 3.1
44.5050 -73.4806 1
City12312 44.5050 -73.4806 3.1
44.5069 -92.9053 1
City12313 44.5069 -92.9053 2.7
44.5072 -96.4239 1
City12314 44.5072 -96.4239 2.8
44.5081 -89.1306 1
City12315 44.5081 -89.1306 3.7
44.5150 -88.3303 1
City12316 44.5150 -88.3303 3.3
44.5164 -116.0408 1
City12317 44.5164 -116.0408 2.8
44.5183 -98.9881 1
City12318 44.5183 -98.9881 3.0
44.5192 -88.0197 1
City12319 44.5192 -88.0197 2.5
44.5194 -89.5458 1
City12320 44.5194 -89.5458 3.4
44.5214 -99.4411 1
City12321 44.5214 -99.4411 4.0
44.5236 -89.5744 1
City12322 44.5236 -89.5744 2.9
44.5258 -121.2119 1
City12323 44.5258 -121.2119 3.6
44.5264 -109.0558 1
City12324 44.5264 -109.0558 3.3
44.5283 -93.9075 1
City12325 44.5283 -93.9075 3.1
44.5292 -94.7206 1
City12326 44.5292 -94.7206 3.9
44.5328 -67.5989 1
City12327 44.5328 -67.5989 3.7
44.5336 -72.0036 1
City12328 44.5336 -72.0036 2.9
44.5339 -70.4564 1
City12329 44.5339 -70.4564 3.6
44.5339 -94.5261 1
City12330 44.5339 -94.5261 2.7
44.5367 -122.9058 1
City12331 44.5367 -122.9058 2.7
44.5386 -87.7039 1
City12332 44.5386 -87.7039 3.7
44.5394 -95.1167 1
City12333 44.5394 -95.1167 3.9
44.5403 -69.7225 1
City12334 44.5403 -69.7225 3.0
44.5403 -123.3664 1
City12335 44.5403 -123.3664 2.7
44.5431 -94.3661 1
City12336 44.5431 -94.3661 3.0
44.5433 -68.4200 1
City12337 44.5433 -68.4200 3.6
44.5433 -93.5758 1
City12338 44.5433 -93.5758 2.5
44.5469 -69.6217 1
City12339 44.5469 -69.6217 4.4
44.5497 -91.3925 1
City12340 44.5497 -91.3925 2.8
44.5514 -94.9842 1
City12341 44.5514 -94.9842 3.9
44.5519 -69.6322 1
City12342 44.5519 -69.6322 3.4
44.5531 -94.2203 1
City12343 44.5531 -94.2203 3.3
44.5536 -70.5514 1
City12344 44.5536 -70.5514 3.2
44.5600 -90.5961 1
City12345 44.5600 -90.5961 3.9
44.5608 -70.5458 1
City12346 44.5608 -70.5458 3.6
44.5617 -72.5989 1
City12347 44.5617 -72.5989 3.6
44.5625 -92.5336 1
City12348 44.5625 -92.5336 3.7
44.5647 -123.2608 1
City12349 44.5647 -123.2608 2.9
44.5678 -91.6708 1
City12350 44.5678 -91.6708 3.3
44.5722 -91.2272 1
City12351 44.5722 -91.2272 2.7
44.5736 -68.7961 1
City12352 44.5736 -68.7961 3.1
44.5747 -96.9019 1
City12353 44.5747 -96.9019 2.7
44.5758 -91.4700 1
City12354 44.5758 -91.4700 3.8
44.5856 -92.4503 1
City12355 44.5856 -92.4503 3.4
44.5883 -69.5992 1
City12356 44.5883 -69.5992 4.2
44.5908 -89.7672 1
City12357 44.5908 -89.7672 2.8
44.5928 -70.2286 1
City12358 44.5928 -70.2286 2.5
44.5956 -75.1694 1
City12359 44.5956 -75.1694 3.5
44.5986 -71.5117 1
City12360 44.5986 -71.5117 4.3
44.6003 -90.9628 1
City12361 44.6003 -90.9628 3.7
44.6083 -94.0803 1
City12362 44.6083 -94.0803 4.4
44.6089 -87.4325 1
City12363 44.6089 -87.4325 2.8
44.6089 -95.6739 1
City12364 44.6089 -95.6739 3.9
44.6181 -75.4075 1
City12365 44.6181 -75.4075 3.5
44.6194 -86.2264 1
City12366 44.6194 -86.2264 3.3
44.6206 -88.7622 1
City12367 44.6206 -88.7622 3.0
44.6217 -123.9372 1
City12368 44.6217 -123.9372 2.5
44.6228 -93.7683 1
City12369 44.6228 -93.7683 4.2
44.6264 -91.9656 1
City12370 44.6264 -91.9656 4.0
44.6269 -90.0075 1
City12371 44.6269 -90.0075 3.5
44.6278 -89.3086 1
City12372 44.6278 -89.3086 3.6
44.6292 -92.1922 1
City12373 44.6292 -92.1922 2.7
44.6336 -86.2344 1
City12374 44.6336 -86.2344 3.0
44.6336 -121.1283 1
City12375 44.6336 -121.1283 4.1
44.6356 -72.6808 1
City12376 44.6356 -72.6808 4.2
44.6367 -123.1047 1
City12377 44.6367 -123.1047 3.6
44.6369 -124.0522 1
City12378 44.6369 -124.0522 3.3
44.6378 -68.8456 1
City12379 44.6378 -68.8456 3.7
44.6378 -69.5036 1
City12380 44.6378 -69.5036 3.6
44.6397 -73.1108 1
City12381 44.6397 -73.1108 3.1
44.6403 -93.1433 1
City12382 44.6403 -93.1433 3.2
44.6497 -93.2425 1
City12383 44.6497 -93.2425 3.5
44.6531 -123.1006 1
City12384 44.6531 -123.1006 3.4
44.6564 -83.2947 1
City12385 44.6564 -83.2947 3.6
44.6614 -84.7147 1
City12386 44.6614 -84.7147 2.8
44.6622 -111.1033 1
City12387 44.6622 -111.1033 2.7
44.6689 -90.1717 1
City12388 44.6689 -90.1717 2.6
44.6697 -74.9817 1
City12389 44.6697 -74.9817 3.7
44.6706 -70.1517 1
City12390 44.6706 -70.1517 2.6
44.6714 -103.8517 1
City12391 44.6714 -103.8517 2.8
44.6722 -88.2425 1
City12392 44.6722 -88.2425 2.5
44.6803 -91.1197 1
City12393 44.6803 -91.1197 3.4
44.6811 -123.0603 1
City12394 44.6811 -123.0603 4.4
44.6931 -73.5625 1
City12395 44.6931 -73.5625 3.5
44.6942 -75.4867 1
City12396 44.6942 -75.4867 3.9
44.6994 -73.4533 1
City12397 44.6994 -73.4533 3.5
44.7050 -122.8481 1
City12398 44.7050 -122.8481 4.1
44.7081 -100.0594 1
City12399 44.7081 -100.0594 4.1
44.7089 -96.2761 1
City12400 44.7089 -96.2761 2.9
44.7131 -69.7911 1
City12401 44.7131 -69.7911 3.1
44.7133 -93.4225 1
City12402 44.7133 -93.4225 4.1
44.7147 -103.4203 1
City12403 44.7147 -103.4203 2.9
44.7150 -67.4619 1
City12404 44.7150 -67.4619 3.4
44.7197 -123.0092 1
City12405 44.7197 -123.0092 3.0
44.7214 -73.7242 1
City12406 44.7214 -73.7242 3.9
44.7219 -123.9189 1
City12407 44.7219 -123.9189 2.8
44.7228 -97.0297 1
City12408 44.7228 -97.0297 3.6
44.7300 -116.4372 1
City12409 44.7300 -116.4372 2.6
44.7319 -93.2175 1
City12410 44.7319 -93.2175 4.0
44.7319 -94.3500 1
City12411 44.7319 -94.3500 2.9
44.7322 -92.4872 1
City12412 44.7322 -92.4872 3.8
44.7342 -85.1758 1
City12413 44.7342 -85.1758 3.8
44.7369 -90.4958 1
City12414 44.7369 -90.4958 2.8
44.7372 -94.6167 1
City12415 44.7372 -94.6167 4.3
44.7394 -93.1256 1
City12416 44.7394 -93.1256 3.1
44.7403 -88.4447 1
City12417 44.7403 -88.4447 3.5
44.7408 -89.0631 1
City12418 44.7408 -89.0631 4.2
44.7433 -92.8522 1
City12419 44.7433 -92.8522 2.6
44.7439 -94.7153 1
City12420 44.7439 -94.7153 4.4
44.7444 -68.8375 1
City12421 44.7444 -68.8375 4.1
44.7458 -96.6806 1
City12422 44.7458 -96.6806 2.6
44.7481 -72.1767 1
City12423 44.7481 -72.1767 2.7
44.7489 -92.8019 1
City12424 44.7489 -92.8019 2.9
44.7514 -74.9947 1
City12425 44.7514 -74.9947 3.3
44.7539 -108.7567 1
City12426 44.7539 -108.7567 4.0
44.7542 -122.4769 1
City12427 44.7542 -122.4769 2.6
44.7578 -90.2967 1
City12428 44.7578 -90.2967 4.3
44.7631 -85.6206 1
City12429 44.7631 -85.6206 3.2
44.7636 -91.2769 1
City12430 44.7636 -91.2769 3.3
44.7636 -93.6256 1
City12431 44.7636 -93.6256 4.0
44.7650 -69.7197 1
City12432 44.7650 -69.7197 2.7
44.7675 -94.8953 1
City12433 44.7675 -94.8953 2.8
44.7678 -93.2775 1
City12434 44.7678 -93.2775 3.5
44.7681 -93.9272 1
City12435 44.7681 -93.9272 2.8
44.7692 -94.1514 1
City12436 44.7692 -94.1514 3.7
44.7717 -93.7811 1
City12437 44.7717 -93.7811 2.9
44.7747 -122.6139 1
City12438 44.7747 -122.6139 2.7
44.7764 -94.9894 1
City12439 44.7764 -94.9894 3.9
44.7783 -117.8283 1
City12440 44.7783 -117.8283 3.8
44.7811 -92.1458 1
City12441 44.7811 -92.1458 3.9
44.7822 -88.6089 1
City12442 44.7822 -88.6089 3.2
44.7825 -69.3839 1
City12443 44.7825 -69.3839 4.4
44.7828 -93.9133 1
City12444 44.7828 -93.9133 2.6
44.7869 -95.3514 1
City12445 44.7869 -95.3514 3.2
44.7892 -95.2114 1
City12446 44.7892 -95.2114 4.4
44.7894 -93.6019 1
City12447 44.7894 -93.6019 3.9
44.7906 -95.8083 1
City12448 44.7906 -95.8083 2.8
44.7919 -95.0969 1
City12449 44.7919 -95.0969 3.4
44.7931 -89.7031 1
City12450 44.7931 -89.7031 3.6
44.7964 -108.5058 1
City12451 44.7964 -108.5058 3.8
44.7967 -68.7619 1
City12452 44.7967 -68.7619 3.9
44.7972 -106.9556 1
City12453 44.7972 -106.9556 3.1
44.7975 -69.8803 1
City12454 44.7975 -69.8803 3.1
44.7981 -93.5267 1
City12455 44.7981 -93.5267 4.1
44.8008 -74.9914 1
City12456 44.8008 -74.9914 3.4
44.8008 -122.7933 1
City12457 44.8008 -122.7933 4.0
44.8011 -68.7783 1
City12458 44.8011 -68.7783 3.8
44.8011 -90.0792 1
City12459 44.8011 -90.0792 2.7
44.8047 -91.4431 1
City12460 44.8047 -91.4431 3.4
44.8086 -124.0619 1
City12461 44.8086 -124.0619 4.0
44.8100 -95.5453 1
City12462 44.8100 -95.5453 4.0
44.8114 -91.4983 1
City12463 44.8114 -91.4983 3.8
44.8117 -72.2036 1
City12464 44.8117 -72.2036 3.6
44.8125 -92.0714 1
City12465 44.8125 -92.0714 2.6
44.8147 -71.8808 1
City12466 44.8147 -71.8808 4.1
44.8272 -89.1694 1
City12467 44.8272 -89.1694 3.8
44.8278 -92.9436 1
City12468 44.8278 -92.9436 3.3
44.8297 -122.7933 1
City12469 44.8297 -122.7933 2.5
44.8303 -74.5139 1
City12470 44.8303 -74.5139 4.4
44.8342 -87.3769 1
City12471 44.8342 -87.3769 4.3
44.8353 -69.2744 1
City12472 44.8353 -69.2744 4.2
44.8375 -108.3889 1
City12473 44.8375 -108.3889 3.6
44.8386 -68.7058 1
City12474 44.8386 -68.7058 3.7
44.8408 -93.2981 1
City12475 44.8408 -93.2981 3.9
44.8411 -122.8697 1
City12476 44.8411 -122.8697 3.7
44.8433 -122.9517 1
City12477 44.8433 -122.9517 3.1
44.8481 -93.0425 1
City12478 44.8481 -93.0425 3.0
44.8486 -74.2953 1
City12479 44.8486 -74.2953 4.2
44.8486 -123.2328 1
City12480 44.8486 -123.2328 3.8
44.8508 -93.7867 1
City12481 44.8508 -93.7867 3.4
44.8514 -123.1856 1
City12482 44.8514 -123.1856 3.3
44.8531 -88.7881 1
City12483 44.8531 -88.7881 3.3
44.8547 -93.4706 1
City12484 44.8547 -93.4706 2.7
44.8586 -93.6614 1
City12485 44.8586 -93.6614 3.2
44.8614 -92.6236 1
City12486 44.8614 -92.6236 3.7
44.8622 -93.5306 1
City12487 44.8622 -93.5306 3.9
44.8644 -75.2044 1
City12488 44.8644 -75.2044 3.7
44.8664 -93.0003 1
City12489 44.8664 -93.0003 4.3
44.8664 -123.4347 1
City12490 44.8664 -123.4347 3.1
44.8731 -91.6908 1
City12491 44.8731 -91.6908 4.3
44.8739 -88.1428 1
City12492 44.8739 -88.1428 4.3
44.8753 -107.2617 1
City12493 44.8753 -107.2617 2.7
44.8756 -91.9192 1
City12494 44.8756 -91.9192 3.0
44.8758 -98.5183 1
City12495 44.8758 -98.5183 3.2
44.8778 -97.7328 1
City12496 44.8778 -97.7328 4.2
44.8831 -68.6725 1
City12497 44.8831 -68.6725 3.4
44.8833 -69.4481 1
City12498 44.8833 -69.4481 2.5
44.8833 -93.2828 1
City12499 44.8833 -93.2828 2.8
44.8836 -93.1381 1
City12500 44.8836 -93.1381 2.5
44.8839 -94.0414 1
City12501 44.8839 -94.0414 4.2
44.8872 -87.8644 1
City12502 44.8872 -87.8644 4.1
44.8872 -89.6200 1
City12503 44.8872 -89.6200 3.5
44.8878 -94.3694 1
City12504 44.8878 -94.3694 2.8
44.8897 -93.3497 1
City12505 44.8897 -93.3497 3.3
44.8900 -88.3072 1
City12506 44.8900 -88.3072 4.3
44.8944 -71.4964 1
City12507 44.8944 -71.4964 4.2
44.8956 -85.4164 1
City12508 44.8956 -85.4164 2.5
44.8994 -97.1147 1
City12509 44.8994 -97.1147 4.2
44.9008 -93.5889 1
City12510 44.9008 -93.5889 3.4
44.9022 -85.0608 1
City12511 44.9022 -85.0608 3.3
44.9028 -92.7833 1
City12512 44.9028 -92.7833 2.9
44.9033 -93.5661 1
City12513 44.9033 -93.5661 2.6
44.9033 -94.1953 1
City12514 44.9033 -94.1953 4.2
44.9061 -66.9906 1
City12515 44.9061 -66.9906 3.8
44.9069 -72.8069 1
City12516 44.9069 -72.8069 4.0
44.9086 -93.5928 1
City12517 44.9086 -93.5928 3.9
44.9089 -107.1628 1
City12518 44.9089 -107.1628 3.1
44.9097 -89.6044 1
City12519 44.9097 -89.6044 3.7
44.9100 -90.3156 1
City12520 44.9100 -90.3156 3.0
44.9111 -116.0978 1
City12521 44.9111 -116.0978 2.6
44.9133 -93.5031 1
City12522 44.9133 -93.5031 3.9
44.9150 -93.5531 1
City12523 44.9150 -93.5531 3.2
44.9181 -73.1247 1
City12524 44.9181 -73.1247 4.0
44.9194 -123.3158 1
City12525 44.9194 -123.3158 3.6
44.9250 -93.4625 1
City12526 44.9250 -93.4625 2.5
44.9264 -91.3008 1
City12527 44.9264 -91.3008 4.4
44.9272 -89.9633 1
City12528 44.9272 -89.9633 3.9
44.9281 -74.8922 1
City12529 44.9281 -74.8922 3.4
44.9297 -93.5222 1
City12530 44.9297 -93.5222 2.8
44.9328 -96.0542 1
City12531 44.9328 -96.0542 2.6
44.9339 -95.1872 1
City12532 44.9339 -95.1872 2.6
44.9342 -68.6458 1
City12533 44.9342 -68.6458 2.7
44.9353 -93.6319 1
City12534 44.9353 -93.6319 3.7
44.9361 -94.6964 1
City12535 44.9361 -94.6964 3.9
44.9364 -72.2056 1
City12536 44.9364 -72.2056 3.7
44.9367 -93.6658 1
City12537 44.9367 -93.6658 2.8
44.9369 -91.3928 1
City12538 44.9369 -91.3928 3.5
44.9397 -93.5764 1
City12539 44.9397 -93.5764 3.5
44.9425 -95.7233 1
City12540 44.9425 -95.7233 4.1
44.9431 -123.0339 1
City12541 44.9431 -123.0339 2.8
44.9461 -68.6444 1
City12542 44.9461 -68.6444 3.1
44.9481 -91.1506 1
City12543 44.9481 -91.1506 4.4
44.9508 -92.9764 1
City12544 44.9508 -92.9764 3.3
44.9511 -88.0467 1
City12545 44.9511 -88.0467 4.1
44.9519 -91.0347 1
City12546 44.9519 -91.0347 3.8
44.9531 -92.2911 1
City12547 44.9531 -92.2911 2.9
44.9531 -92.9950 1
City12548 44.9531 -92.9950 3.5
44.9550 -95.3661 1
City12549 44.9550 -95.3661 3.0
44.9564 -90.5975 1
City12550 44.9564 -90.5975 4.4
44.9564 -92.7656 1
City12551 44.9564 -92.7656 4.2
44.9583 -124.0167 1
City12552 44.9583 -124.0167 3.5
44.9592 -89.6300 1
City12553 44.9592 -89.6300 4.3
44.9600 -90.9369 1
City12554 44.9600 -90.9369 2.8
44.9611 -90.7997 1
City12555 44.9611 -90.7997 3.2
44.9633 -73.5878 1
City12556 44.9633 -73.5878 3.8
44.9636 -93.8469 1
City12557 44.9636 -93.8469 2.7
44.9639 -94.0472 1
City12558 44.9639 -94.0472 3.7
44.9667 -92.3742 1
City12559 44.9667 -92.3742 4.4
44.9694 -93.5139 1
City12560 44.9694 -93.5139 3.3
44.9714 -93.6042 1
City12561 44.9714 -93.6042 2.6
44.9714 -116.2831 1
City12562 44.9714 -116.2831 2.7
44.9747 -92.7567 1
City12563 44.9747 -92.7567 4.0
44.9767 -85.6506 1
City12564 44.9767 -85.6506 3.1
44.9789 -92.4356 1
City12565 44.9789 -92.4356 2.8
44.9800 -93.2636 1
City12566 44.9800 -93.2636 3.5
44.9803 -85.2111 1
City12567 44.9803 -85.2111 3.4
44.9808 -88.8308 1
City12568 44.9808 -88.8308 3.7
44.9839 -92.5558 1
City12569 44.9839 -92.5558 3.5
44.9861 -122.9817 1
City12570 44.9861 -122.9817 4.3
44.9864 -73.4469 1
City12571 44.9864 -73.4469 3.4
44.9867 -93.5714 1
City12572 44.9867 -93.5714 3.0
44.9903 -123.0250 1
City12573 44.9903 -123.0250 2.5
44.9917 -93.1661 1
City12574 44.9917 -93.1661 2.5
44.9931 -92.7567 1
City12575 44.9931 -92.7567 3.1
44.9939 -73.3653 1
City12576 44.9939 -73.3653 3.1
44.9944 -72.4003 1
City12577 44.9944 -72.4003 2.9
44.9958 -92.8792 1
City12578 44.9958 -92.8792 4.3
44.9969 -72.6717 1
City12579 44.9969 -72.6717 3.3
44.9975 -91.7269 1
City12580 44.9975 -91.7269 4.4
44.9983 -120.2150 1
City12581 44.9983 -120.2150 4.2
44.9986 -93.2056 1
City12582 44.9986 -93.2056 2.9
44.9992 -88.3719 1
City12583 44.9992 -88.3719 3.8
45.0031 -90.3356 1
City12584 45.0031 -90.3356 3.1
45.0050 -72.0994 1
City12585 45.0050 -72.0994 3.6
45.0053 -122.7819 1
City12586 45.0053 -122.7819 2.9
45.0061 -93.1564 1
City12587 45.0061 -93.1564 3.0
45.0072 -93.6556 1
City12588 45.0072 -93.6556 2.6
45.0097 -93.3489 1
City12589 45.0097 -93.3489 3.6
45.0097 -96.1956 1
City12590 45.0097 -96.1956 4.2
45.0106 -93.4553 1
City12591 45.0106 -93.4553 3.5
45.0117 -99.9553 1
City12592 45.0117 -99.9553 3.3
45.0158 -95.2383 1
City12593 45.0158 -95.2383 3.9
45.0214 -92.7808 1
City12594 45.0214 -92.7808 2.7
45.0231 -102.0356 1
City12595 45.0231 -102.0356 2.9
45.0239 -69.2903 1
City12596 45.0239 -69.2903 4.0
45.0269 -93.0875 1
City12597 45.0269 -93.0875 3.2
45.0275 -84.6747 1
City12598 45.0275 -84.6747 2.9
45.0314 -92.7928 1
City12599 45.0314 -92.7928 3.0
45.0322 -93.3383 1
City12600 45.0322 -93.3383 3.2
45.0328 -93.3600 1
City12601 45.0328 -93.3600 4.4
45.0331 -90.0739 1
City12602 45.0331 -90.0739 3.6
45.0350 -99.1236 1
City12603 45.0350 -99.1236 3.0
45.0381 -93.3864 1
City12604 45.0381 -93.3864 4.2
45.0408 -93.2628 1
City12605 45.0408 -93.2628 3.3
45.0419 -93.7889 1
City12606 45.0419 -93.7889 2.7
45.0436 -92.0408 1
City12607 45.0436 -92.0408 4.1
45.0475 -101.6006 1
City12608 45.0475 -101.6006 3.3
45.0503 -93.1564 1
City12609 45.0503 -93.1564 2.9
45.0533 -93.2472 1
City12610 45.0533 -93.2472 3.7
45.0542 -92.9564 1
City12611 45.0542 -92.9564 2.7
45.0544 -87.7492 1
City12612 45.0544 -87.7492 2.8
45.0564 -92.8058 1
City12613 45.0564 -92.8058 4.4
45.0575 -93.0736 1
City12614 45.0575 -93.0736 2.9
45.0586 -69.8828 1
City12615 45.0586 -69.8828 3.4
45.0586 -92.1722 1
City12616 45.0586 -92.1722 3.1
45.0608 -94.0731 1
City12617 45.0608 -94.0731 3.0
45.0617 -83.4328 1
City12618 45.0617 -83.4328 2.8
45.0650 -88.0342 1
City12619 45.0650 -88.0342 3.9
45.0650 -93.9108 1
City12620 45.0650 -93.9108 3.6
45.0656 -93.2017 1
City12621 45.0656 -93.2017 2.9
45.0681 -122.7989 1
City12622 45.0681 -122.7989 3.7
45.0697 -92.9514 1
City12623 45.0697 -92.9514 3.2
45.0700 -85.2644 1
City12624 45.0700 -85.2644 4.2
45.0725 -93.4556 1
City12625 45.0725 -93.4556 3.0
45.0758 -94.1897 1
City12626 45.0758 -94.1897 3.9
45.0761 -93.3325 1
City12627 45.0761 -93.3325 2.9
45.0789 -123.4847 1
City12628 45.0789 -123.4847 4.0
45.0792 -93.1469 1
City12629 45.0792 -93.1469 3.1
45.0817 -94.3067 1
City12630 45.0817 -94.3067 2.8
45.0847 -93.0097 1
City12631 45.0847 -93.0097 3.2
45.0861 -93.2631 1
City12632 45.0861 -93.2631 3.5
45.0883 -93.7342 1
City12633 45.0883 -93.7342 3.4
45.0900 -92.9722 1
City12634 45.0900 -92.9722 3.0
45.0942 -93.3561 1
City12635 45.0942 -93.3561 3.8
45.0953 -93.5472 1
City12636 45.0953 -93.5472 3.8
45.0994 -123.3936 1
City12637 45.0994 -123.3936 3.6
45.1000 -87.6306 1
City12638 45.1000 -87.6306 3.6
45.1003 -91.4886 1
City12639 45.1003 -91.4886 3.0
45.1028 -93.0789 1
City12640 45.1028 -93.0789 4.1
45.1050 -93.2083 1
City12641 45.1050 -93.2083 3.5
45.1078 -87.6142 1
City12642 45.1078 -87.6142 3.9
45.1078 -93.2378 1
City12643 45.1078 -93.2378 2.9
45.1083 -122.8964 1
City12644 45.1083 -122.8964 3.5
45.1158 -123.2061 1
City12645 45.1158 -123.2061 3.1
45.1194 -93.4022 1
City12646 45.1194 -93.4022 3.1
45.1200 -93.2875 1
City12647 45.1200 -93.2875 4.0
45.1219 -95.0431 1
City12648 45.1219 -95.0431 3.0
45.1231 -92.5364 1
City12649 45.1231 -92.5364 3.8
45.1244 -92.6733 1
City12650 45.1244 -92.6733 3.1
45.1272 -94.5278 1
City12651 45.1272 -94.5278 3.5
45.1314 -85.6167 1
City12652 45.1314 -85.6167 3.7
45.1386 -90.3400 1
City12653 45.1386 -90.3400 3.4
45.1389 -94.7778 1
City12654 45.1389 -94.7778 3.2
45.1403 -89.1522 1
City12655 45.1403 -89.1522 4.2
45.1428 -84.6603 1
City12656 45.1428 -84.6603 2.6
45.1439 -122.8542 1
City12657 45.1439 -122.8542 2.8
45.1475 -122.5758 1
City12658 45.1475 -122.5758 3.9
45.1486 -93.1514 1
City12659 45.1486 -93.1514 3.0
45.1506 -94.6828 1
City12660 45.1506 -94.6828 3.3
45.1558 -93.6661 1
City12661 45.1558 -93.6661 2.7
45.1569 -67.4053 1
City12662 45.1569 -67.4053 4.2
45.1581 -85.1242 1
City12663 45.1581 -85.1242 2.6
45.1600 -92.9931 1
City12664 45.1600 -92.9931 2.9
45.1603 -93.0886 1
City12665 45.1603 -93.0886 4.3
45.1608 -93.2347 1
City12666 45.1608 -93.2347 4.2
45.1672 -91.1492 1
City12667 45.1672 -91.1492 3.5
45.1689 -69.3850 1
City12668 45.1689 -69.3850 2.5
45.1719 -93.8744 1
City12669 45.1719 -93.8744 4.3
45.1758 -113.8950 1
City12670 45.1758 -113.8950 3.3
45.1806 -89.6833 1
City12671 45.1806 -89.6833 4.1
45.1825 -122.8067 1
City12672 45.1825 -122.8067 4.3
45.1833 -69.2275 1
City12673 45.1833 -69.2275 3.6
45.1858 -109.2461 1
City12674 45.1858 -109.2461 3.1
45.1872 -87.1208 1
City12675 45.1872 -87.1208 3.0
45.1889 -67.2792 1
City12676 45.1889 -67.2792 3.1
45.1889 -93.3972 1
City12677 45.1889 -93.3972 3.8
45.1931 -95.3203 1
City12678 45.1931 -95.3203 4.0
45.1969 -96.0194 1
City12679 45.1969 -96.0194 2.8
45.1978 -93.3869 1
City12680 45.1978 -93.3869 3.8
45.2086 -117.8642 1
City12681 45.2086 -117.8642 2.7
45.2103 -123.1975 1
City12682 45.2103 -123.1975 4.2
45.2164 -112.6367 1
City12683 45.2164 -112.6367 2.9
45.2167 -85.0139 1
City12684 45.2167 -85.0139 3.9
45.2192 -96.6353 1
City12685 45.2192 -96.6353 3.4
45.2208 -123.0750 1
City12686 45.2208 -123.0750 4.1
45.2292 -94.0017 1
City12687 45.2292 -94.0017 3.9
45.2311 -122.7547 1
City12688 45.2311 -122.7547 3.4
45.2325 -88.0075 1
City12689 45.2325 -88.0075 3.4
45.2331 -94.9397 1
City12690 45.2331 -94.9397 2.5
45.2333 -93.2911 1
City12691 45.2333 -93.2911 4.0
45.2344 -120.1839 1
City12692 45.2344 -120.1839 2.7
45.2378 -93.6542 1
City12693 45.2378 -93.6542 2.5
45.2386 -68.6642 1
City12694 45.2386 -68.6642 4.2
45.2436 -99.7767 1
City12695 45.2436 -99.7767 2.9
45.2439 -93.5147 1
City12696 45.2439 -93.5147 3.4
45.2444 -123.1136 1
City12697 45.2444 -123.1136 3.0
45.2519 -92.2711 1
City12698 45.2519 -92.2711 3.8
45.2536 -68.9864 1
City12699 45.2536 -68.9864 3.6
45.2628 -94.1242 1
City12700 45.2628 -94.1242 3.0
45.2631 -122.6914 1
City12701 45.2631 -122.6914 4.2
45.2661 -93.2342 1
City12702 45.2661 -93.2342 3.8
45.2783 -123.0097 1
City12703 45.2783 -123.0097 2.7
45.2789 -92.9850 1
City12704 45.2789 -92.9850 2.8
45.2897 -122.3325 1
City12705 45.2897 -122.3325 2.8
45.2917 -96.4625 1
City12706 45.2917 -96.4625 2.6
45.2944 -123.1753 1
City12707 45.2944 -123.1753 3.1
45.2958 -108.9131 1
City12708 45.2958 -108.9131 4.3
45.3000 -122.7725 1
City12709 45.3000 -122.7725 2.8
45.3003 -122.9719 1
City12710 45.3003 -122.9719 2.9
45.3011 -94.9439 1
City12711 45.3011 -94.9439 3.9
45.3039 -93.5669 1
City12712 45.3039 -93.5669 3.6
45.3047 -96.4444 1
City12713 45.3047 -96.4444 3.9
45.3056 -93.7939 1
City12714 45.3056 -93.7939 3.7
45.3069 -92.3619 1
City12715 45.3069 -92.3619 4.2
45.3142 -91.6508 1
City12716 45.3142 -91.6508 3.9
45.3144 -107.3625 1
City12717 45.3144 -107.3625 3.8
45.3150 -95.5997 1
City12718 45.3150 -95.5997 2.6
45.3153 -94.4083 1
City12719 45.3153 -94.4083 3.1
45.3175 -90.2083 1
City12720 45.3175 -90.2083 4.2
45.3181 -85.2583 1
City12721 45.3181 -85.2583 3.3
45.3194 -93.2022 1
City12722 45.3194 -93.2022 4.0
45.3206 -92.7047 1
City12723 45.3206 -92.7047 4.0
45.3247 -118.0867 1
City12724 45.3247 -118.0867 4.1
45.3261 -94.5458 1
City12725 45.3261 -94.5458 2.5
45.3319 -97.3047 1
City12726 45.3319 -97.3047 3.6
45.3322 -97.5197 1
City12727 45.3322 -97.5197 4.3
45.3325 -93.7458 1
City12728 45.3325 -93.7458 3.9
45.3364 -92.9969 1
City12729 45.3364 -92.9969 4.3
45.3417 -123.1861 1
City12730 45.3417 -123.1861 3.3
45.3489 -111.7289 1
City12731 45.3489 -111.7289 2.9
45.3533 -119.5567 1
City12732 45.3533 -119.5567 3.9
45.3544 -117.2286 1
City12733 45.3544 -117.2286 2.8
45.3561 -92.6333 1
City12734 45.3561 -92.6333 4.0
45.3567 -122.8389 1
City12735 45.3567 -122.8389 3.5
45.3575 -84.2239 1
City12736 45.3575 -84.2239 3.4
45.3575 -122.6056 1
City12737 45.3575 -122.6056 2.7
45.3622 -68.5056 1
City12738 45.3622 -68.5056 4.0
45.3658 -122.6111 1
City12739 45.3658 -122.6111 4.1
45.3708 -87.9522 1
City12740 45.3708 -87.9522 3.4
45.3733 -84.9553 1
City12741 45.3733 -84.9553 2.9
45.3736 -92.8897 1
City12742 45.3736 -92.8897 3.0
45.3806 -94.7117 1
City12743 45.3806 -94.7117 3.2
45.3808 -122.5936 1
City12744 45.3808 -122.5936 3.5
45.3842 -122.7628 1
City12745 45.3842 -122.7628 3.0
45.3894 -92.8478 1
City12746 45.3894 -92.8478 4.3
45.3933 -93.8767 1
City12747 45.3933 -93.8767 3.2
45.3944 -92.1422 1
City12748 45.3944 -92.1422 3.1
45.3975 -122.2603 1
City12749 45.3975 -122.2603 3.0
45.3981 -92.9872 1
City12750 45.3981 -92.9872 3.5
45.4014 -91.8489 1
City12751 45.4014 -91.8489 3.2
45.4019 -92.6522 1
City12752 45.4019 -92.6522 3.1
45.4022 -122.7517 1
City12753 45.4022 -122.7517 3.6
45.4086 -91.7439 1
City12754 45.4086 -91.7439 3.6
45.4086 -96.8575 1
City12755 45.4086 -96.8575 2.8
45.4153 -87.6075 1
City12756 45.4153 -87.6075 3.2
45.4169 -92.0328 1
City12757 45.4169 -92.0328 2.8
45.4208 -122.6694 1
City12758 45.4208 -122.6694 2.9
45.4214 -83.8183 1
City12759 45.4214 -83.8183 4.0
45.4222 -116.3144 1
City12760 45.4222 -116.3144 3.6
45.4264 -117.2778 1
City12761 45.4264 -117.2778 3.9
45.4314 -122.7703 1
City12762 45.4314 -122.7703 3.3
45.4317 -84.9919 1
City12763 45.4317 -84.9919 2.6
45.4439 -105.4069 1
City12764 45.4439 -105.4069 4.0
45.4442 -84.7867 1
City12765 45.4442 -84.7867 4.0
45.4444 -99.0289 1
City12766 45.4444 -99.0289 2.7
45.4464 -122.6381 1
City12767 45.4464 -122.6381 2.8
45.4467 -122.7578 1
City12768 45.4467 -122.7578 3.1
45.4469 -122.5292 1
City12769 45.4469 -122.5292 2.7
45.4475 -98.0983 1
City12770 45.4475 -98.0983 3.2
45.4514 -92.5539 1
City12771 45.4514 -92.5539 2.5
45.4522 -92.4544 1
City12772 45.4522 -92.4544 3.0
45.4531 -99.6536 1
City12773 45.4531 -99.6536 3.7
45.4533 -121.1294 1
City12774 45.4533 -121.1294 3.3
45.4542 -94.5181 1
City12775 45.4542 -94.5181 2.8
45.4556 -112.1961 1
City12776 45.4556 -112.1961 3.3
45.4558 -94.4286 1
City12777 45.4558 -94.4286 2.6
45.4564 -123.8428 1
City12778 45.4564 -123.8428 4.2
45.4569 -91.2731 1
City12779 45.4569 -91.2731 4.3
45.4594 -69.5911 1
City12780 45.4594 -69.5911 3.6
45.4603 -96.4333 1
City12781 45.4603 -96.4333 3.4
45.4631 -91.1039 1
City12782 45.4631 -91.1039 3.6
45.4647 -98.4861 1
City12783 45.4647 -98.4861 4.0
45.4686 -122.6083 1
City12784 45.4686 -122.6083 3.6
45.4711 -89.7297 1
City12785 45.4711 -89.7297 3.3
45.4719 -94.3406 1
City12786 45.4719 -94.3406 2.8
45.4833 -118.8289 1
City12787 45.4833 -118.8289 3.9
45.4836 -122.7539 1
City12788 45.4836 -122.7539 3.2
45.4853 -92.9617 1
City12789 45.4853 -92.9617 2.8
45.4853 -108.9697 1
City12790 45.4853 -108.9697 3.1
45.4872 -122.8025 1
City12791 45.4872 -122.8025 3.4
45.4903 -93.2475 1
City12792 45.4903 -93.2475 4.3
45.4944 -122.8658 1
City12793 45.4944 -122.8658 3.8
45.4975 -95.7964 1
City12794 45.4975 -95.7964 3.7
45.4983 -122.4303 1
City12795 45.4983 -122.4303 3.7
45.4989 -122.7633 1
City12796 45.4989 -122.7633 2.8
45.5011 -95.1242 1
City12797 45.5011 -95.1242 3.1
45.5042 -122.5364 1
City12798 45.5042 -122.5364 2.7
45.5050 -122.7972 1
City12799 45.5050 -122.7972 3.9
45.5061 -91.7381 1
City12800 45.5061 -91.7381 2.7
45.5064 -100.0317 1
City12801 45.5064 -100.0317 2.9
45.5114 -92.9800 1
City12802 45.5114 -92.9800 3.0
45.5200 -123.0586 1
City12803 45.5200 -123.0586 3.9
45.5200 -123.1094 1
City12804 45.5200 -123.1094 2.9
45.5228 -123.8881 1
City12805 45.5228 -123.8881 3.5
45.5231 -122.9886 1
City12806 45.5231 -122.9886 3.7
45.5236 -122.6750 1
City12807 45.5236 -122.6750 3.6
45.5261 -92.5083 1
City12808 45.5261 -92.5083 4.1
45.5322 -92.0192 1
City12809 45.5322 -92.0192 3.9
45.5344 -122.4175 1
City12810 45.5344 -122.4175 4.1
45.5372 -100.4275 1
City12811 45.5372 -100.4275 4.2
45.5394 -122.3861 1
City12812 45.5394 -122.3861 4.4
45.5461 -90.2864 1
City12813 45.5461 -90.2864 2.6
45.5528 -84.7839 1
City12814 45.5528 -84.7839 3.6
45.5572 -94.2239 1
City12815 45.5572 -94.2239 2.6
45.5597 -122.5592 1
City12816 45.5597 -122.5592 3.6
45.5650 -117.9164 1
City12817 45.5650 -117.9164 3.0
45.5692 -96.4342 1
City12818 45.5692 -96.4342 2.7
45.5700 -93.5814 1
City12819 45.5700 -93.5814 3.7
45.5703 -117.5272 1
City12820 45.5703 -117.5272 2.9
45.5717 -96.1731 1
City12821 45.5717 -96.1731 3.0
45.5719 -88.9028 1
City12822 45.5719 -88.9028 4.0
45.5728 -93.2242 1
City12823 45.5728 -93.2242 2.9
45.5761 -92.4825 1
City12824 45.5761 -92.4825 3.9
45.5828 -122.3522 1
City12825 45.5828 -122.3522 2.5
45.5861 -95.9136 1
City12826 45.5861 -95.9136 4.0
45.5864 -92.9744 1
City12827 45.5864 -92.9744 2.5
45.5872 -122.3983 1
City12828 45.5872 -122.3983 3.2
45.5919 -94.1658 1
City12829 45.5919 -94.1658 2.8
45.5953 -96.8331 1
City12830 45.5953 -96.8331 2.8
45.5972 -122.9922 1
City12831 45.5972 -122.9922 2.6
45.6092 -94.4514 1
City12832 45.6092 -94.4514 3.9
45.6136 -123.9419 1
City12833 45.6136 -123.9419 3.2
45.6144 -95.5308 1
City12834 45.6144 -95.5308 2.5
45.6217 -94.2067 1
City12835 45.6217 -94.2067 4.2
45.6275 -68.5750 1
City12836 45.6275 -68.5750 4.4
45.6300 -94.5697 1
City12837 45.6300 -94.5697 3.9
45.6367 -89.4119 1
City12838 45.6367 -89.4119 3.9
45.6367 -109.2514 1
City12839 45.6367 -109.2514 2.7
45.6389 -122.6603 1
City12840 45.6389 -122.6603 2.9
45.6469 -84.4744 1
City12841 45.6469 -84.4744 3.6
45.6503 -95.3894 1
City12842 45.6503 -95.3894 3.9
45.6572 -68.7103 1
City12843 45.6572 -68.7103 2.6
45.6592 -92.4669 1
City12844 45.6592 -92.4669 4.1
45.6625 -110.5603 1
City12845 45.6625 -110.5603 3.3
45.6628 -94.6897 1
City12846 45.6628 -94.6897 3.5
45.6647 -93.9094 1
City12847 45.6647 -93.9094 2.9
45.6647 -97.0494 1
City12848 45.6647 -97.0494 3.9
45.6667 -122.5597 1
City12849 45.6667 -122.5597 4.1
45.6692 -108.7708 1
City12850 45.6692 -108.7708 3.3
45.6700 -121.8894 1
City12851 45.6700 -121.8894 4.0
45.6717 -122.6617 1
City12852 45.6717 -122.6617 2.9
45.6722 -118.7875 1
City12853 45.6722 -118.7875 3.6
45.6747 -94.8072 1
City12854 45.6747 -94.8072 4.4
45.6797 -111.0378 1
City12855 45.6797 -111.0378 3.6
45.6856 -92.9653 1
City12856 45.6856 -92.9653 3.0
45.6967 -90.4003 1
City12857 45.6967 -90.4003 4.3
45.7056 -121.5203 1
City12858 45.7056 -121.5203 4.0
45.7150 -121.4633 1
City12859 45.7150 -121.4633 4.0
45.7169 -120.1997 1
City12860 45.7169 -120.1997 4.3
45.7228 -93.1706 1
City12861 45.7228 -93.1706 4.3
45.7228 -98.9406 1
City12862 45.7228 -98.9406 4.0
45.7278 -121.4853 1
City12863 45.7278 -121.4853 4.2
45.7311 -94.4697 1
City12864 45.7311 -94.4697 3.8
45.7325 -107.6114 1
City12865 45.7325 -107.6114 3.9
45.7375 -94.9522 1
City12866 45.7375 -94.9522 2.6
45.7394 -91.9253 1
City12867 45.7394 -91.9253 4.4
45.7425 -119.1944 1
City12868 45.7425 -119.1944 2.7
45.7453 -87.0644 1
City12869 45.7453 -87.0644 3.0
45.7544 -122.8764 1
City12870 45.7544 -122.8764 3.3
45.7558 -93.6542 1
City12871 45.7558 -93.6542 3.3
45.7575 -92.9622 1
City12872 45.7575 -92.9622 3.7
45.7694 -99.6192 1
City12873 45.7694 -99.6192 3.7
45.7714 -87.9947 1
City12874 45.7714 -87.9947 3.1
45.7761 -111.1761 1
City12875 45.7761 -111.1761 2.6
45.7764 -92.6825 1
City12876 45.7764 -92.6825 3.3
45.7806 -119.2161 1
City12877 45.7806 -119.2161 3.5
45.7811 -122.5322 1
City12878 45.7811 -122.5322 2.9
45.7833 -108.5000 1
City12879 45.7833 -108.5000 2.7
45.7839 -84.7278 1
City12880 45.7839 -84.7278 3.7
45.7858 -92.3808 1
City12881 45.7858 -92.3808 3.7
45.7869 -87.9036 1
City12882 45.7869 -87.9036 4.3
45.7917 -97.7506 1
City12883 45.7917 -97.7506 3.1
45.7950 -88.0719 1
City12884 45.7950 -88.0719 2.5
45.8044 -96.4989 1
City12885 45.8044 -96.4989 2.9
45.8086 -96.1431 1
City12886 45.8086 -96.1431 4.4
45.8119 -118.4894 1
City12887 45.8119 -118.4894 3.7
45.8139 -118.4236 1
City12888 45.8139 -118.4236 3.2
45.8144 -100.8100 1
City12889 45.8144 -100.8100 3.7
45.8153 -122.7414 1
City12890 45.8153 -122.7414 2.6
45.8203 -88.0658 1
City12891 45.8203 -88.0658 3.1
45.8208 -120.8206 1
City12892 45.8208 -120.8206 3.9
45.8225 -91.8892 1
City12893 45.8225 -91.8892 3.7
45.8261 -92.9683 1
City12894 45.8261 -92.9683 2.6
45.8294 -95.7917 1
City12895 45.8294 -95.7917 4.3
45.8300 -94.2933 1
City12896 45.8300 -94.2933 2.7
45.8347 -100.0689 1
City12897 45.8347 -100.0689 4.3
45.8350 -109.9547 1
City12898 45.8350 -109.9547 3.2
45.8400 -119.6994 1
City12899 45.8400 -119.6994 3.8
45.8406 -119.2883 1
City12900 45.8406 -119.2883 3.3
45.8406 -122.8406 1
City12901 45.8406 -122.8406 3.8
45.8528 -87.0217 1
City12902 45.8528 -87.0217 3.5
45.8567 -111.3317 1
City12903 45.8567 -111.3317 3.9
45.8589 -123.1917 1
City12904 45.8589 -123.1917 3.5
45.8661 -122.4050 1
City12905 45.8661 -122.4050 4.0
45.8669 -95.1519 1
City12906 45.8669 -95.1519 3.8
45.8708 -112.0967 1
City12907 45.8708 -112.0967 3.6
45.8769 -93.2936 1
City12908 45.8769 -93.2936 3.2
45.8775 -92.3672 1
City12909 45.8775 -92.3672 3.1
45.8842 -106.6231 1
City12910 45.8842 -106.6231 3.3
45.8853 -95.3772 1
City12911 45.8853 -95.3772 3.3
45.8889 -104.5522 1
City12912 45.8889 -104.5522 4.1
45.8903 -122.8058 1
City12913 45.8903 -122.8058 2.8
45.8919 -123.9603 1
City12914 45.8919 -123.9603 3.4
45.8958 -119.4903 1
City12915 45.8958 -119.4903 3.6
45.9047 -122.7428 1
City12916 45.9047 -122.7428 3.8
45.9172 -89.2442 1
City12917 45.9172 -89.2442 2.7
45.9175 -119.3414 1
City12918 45.9175 -119.3414 4.0
45.9267 -116.1214 1
City12919 45.9267 -116.1214 3.1
45.9344 -90.4414 1
City12920 45.9344 -90.4414 3.2
45.9408 -102.1589 1
City12921 45.9408 -102.1589 3.8
45.9578 -86.2461 1
City12922 45.9578 -86.2461 2.9
45.9747 -94.8653 1
City12923 45.9747 -94.8653 4.1
45.9764 -94.3622 1
City12924 45.9764 -94.3622 2.9
45.9817 -94.1044 1
City12925 45.9817 -94.1044 4.2
45.9933 -123.9214 1
City12926 45.9933 -123.9214 3.7
45.9942 -95.9764 1
City12927 45.9942 -95.9764 4.4
45.9964 -68.4467 1
City12928 45.9964 -68.4467 3.2
46.0014 -102.6364 1
City12929 46.0014 -102.6364 3.4
46.0028 -98.5267 1
City12930 46.0028 -98.5267 4.3
46.0042 -95.6825 1
City12931 46.0042 -95.6825 3.0
46.0086 -122.8433 1
City12932 46.0086 -122.8433 4.1
46.0114 -92.9442 1
City12933 46.0114 -92.9442 2.5
46.0131 -91.4844 1
City12934 46.0131 -91.4844 4.0
46.0228 -114.1772 1
City12935 46.0228 -114.1772 2.9
46.0244 -123.9100 1
City12936 46.0244 -123.9100 3.6
46.0314 -99.3786 1
City12937 46.0314 -99.3786 3.3
46.0342 -112.5350 1
City12938 46.0342 -112.5350 4.1
46.0494 -118.3872 1
City12939 46.0494 -118.3872 3.4
46.0522 -118.4017 1
City12940 46.0522 -118.4017 4.1
46.0642 -88.6314 1
City12941 46.0642 -88.6314 2.6
46.0647 -118.3419 1
City12942 46.0647 -118.3419 4.3
46.0697 -96.9014 1
City12943 46.0697 -96.9014 3.9
46.0706 -93.6675 1
City12944 46.0706 -93.6675 3.2
46.0756 -97.1514 1
City12945 46.0756 -97.1514 3.3
46.0811 -88.6269 1
City12946 46.0811 -88.6269 2.7
46.0858 -94.8656 1
City12947 46.0858 -94.8656 4.1
46.0892 -122.9347 1
City12948 46.0892 -122.9347 3.1
46.0911 -94.5033 1
City12949 46.0911 -94.5033 3.9
46.0922 -100.6286 1
City12950 46.0922 -100.6286 3.2
46.0928 -88.6422 1
City12951 46.0928 -88.6422 3.8
46.0981 -88.3339 1
City12952 46.0981 -88.3339 4.2
46.0994 -91.8247 1
City12953 46.0994 -91.8247 3.2
46.1014 -123.2056 1
City12954 46.1014 -123.2056 3.0
46.1078 -97.6361 1
City12955 46.1078 -97.6361 3.2
46.1261 -67.8408 1
City12956 46.1261 -67.8408 3.2
46.1303 -94.9483 1
City12957 46.1303 -94.9483 3.7
46.1311 -92.8672 1
City12958 46.1311 -92.8672 4.3
46.1336 -100.1611 1
City12959 46.1336 -100.1611 4.3
46.1381 -93.4706 1
City12960 46.1381 -93.4706 3.5
46.1383 -122.9369 1
City12961 46.1383 -122.9369 3.0
46.1386 -98.0900 1
City12962 46.1386 -98.0900 3.6
46.1450 -115.9769 1
City12963 46.1450 -115.9769 4.3
46.1469 -122.9072 1
City12964 46.1469 -122.9072 2.9
46.1531 -95.3286 1
City12965 46.1531 -95.3286 3.9
46.1644 -122.9403 1
City12966 46.1644 -122.9403 2.7
46.1650 -95.0389 1
City12967 46.1650 -95.0389 3.5
46.1653 -123.9225 1
City12968 46.1653 -123.9225 2.7
46.1831 -103.3944 1
City12969 46.1831 -103.3944 3.5
46.1875 -122.9042 1
City12970 46.1875 -122.9042 4.1
46.1881 -123.8300 1
City12971 46.1881 -123.8300 3.4
46.2003 -123.9503 1
City12972 46.2003 -123.9503 3.2
46.2033 -123.3819 1
City12973 46.2033 -123.3819 3.2
46.2069 -119.7678 1
City12974 46.2069 -119.7678 2.7
46.2114 -119.1361 1
City12975 46.2114 -119.1361 3.0
46.2150 -119.9956 1
City12976 46.2150 -119.9956 3.6
46.2258 -97.6622 1
City12977 46.2258 -97.6622 3.4
46.2272 -116.0283 1
City12978 46.2272 -116.0283 2.7
46.2286 -119.0994 1
City12979 46.2286 -119.0994 3.4
46.2350 -116.2397 1
City12980 46.2350 -116.2397 4.2
46.2367 -112.1200 1
City12981 46.2367 -112.1200 3.1
46.2414 -116.4661 1
City12982 46.2414 -116.4661 3.6
46.2469 -114.1594 1
City12983 46.2469 -114.1594 2.6
46.2511 -119.9006 1
City12984 46.2511 -119.9006 3.1
46.2592 -97.4558 1
City12985 46.2592 -97.4558 3.8
46.2633 -119.4867 1
City12986 46.2633 -119.4867 2.8
46.2636 -96.5878 1
City12987 46.2636 -96.5878 4.1
46.2653 -96.6056 1
City12988 46.2653 -96.6056 3.4
46.2664 -106.6772 1
City12989 46.2664 -106.6772 3.7
46.2667 -95.0625 1
City12990 46.2667 -95.0625 2.9
46.2667 -97.1319 1
City12991 46.2667 -97.1319 3.7
46.2667 -100.2325 1
City12992 46.2667 -100.2325 2.6
46.2706 -118.1522 1
City12993 46.2706 -118.1522 4.1
46.2753 -122.9064 1
City12994 46.2753 -122.9064 2.6
46.2806 -95.7133 1
City12995 46.2806 -95.7133 3.6
46.2811 -87.4408 1
City12996 46.2811 -87.4408 3.8
46.2831 -96.0772 1
City12997 46.2831 -96.0772 3.8
46.2858 -119.2833 1
City12998 46.2858 -119.2833 4.3
46.3011 -98.9542 1
City12999 46.3011 -98.9542 4.4
46.3044 -119.3603 1
City13000 46.3044 -119.3603 3.6
46.3192 -111.5200 1
City13001 46.3192 -111.5200 3.9
46.3217 -95.4450 1
City13002 46.3217 -95.4450 2.9
46.3256 -90.6608 1
City13003 46.3256 -90.6608 3.6
46.3322 -113.2933 1
City13004 46.3322 -113.2933 4.4
46.3394 -117.0472 1
City13005 46.3394 -117.0472 3.7
46.3422 -120.1861 1
City13006 46.3422 -120.1861 3.2
46.3433 -94.2864 1
City13007 46.3433 -94.2864 3.3
46.3525 -124.0531 1
City13008 46.3525 -124.0531 2.6
46.3533 -91.8222 1
City13009 46.3533 -91.8222 3.9
46.3550 -85.5094 1
City13010 46.3550 -85.5094 4.0
46.3556 -94.7919 1
City13011 46.3556 -94.7919 3.7
46.3572 -98.2942 1
City13012 46.3572 -98.2942 2.9
46.3581 -94.2006 1
City13013 46.3581 -94.2006 3.4
46.3592 -98.7153 1
City13014 46.3592 -98.7153 2.7
46.3669 -104.2842 1
City13015 46.3669 -104.2842 3.4
46.3725 -102.3267 1
City13016 46.3725 -102.3267 3.6
46.3761 -115.9372 1
City13017 46.3761 -115.9372 3.4
46.3775 -120.3075 1
City13018 46.3775 -120.3075 3.6
46.3958 -112.7292 1
City13019 46.3958 -112.7292 3.4
46.3983 -95.0144 1
City13020 46.3983 -95.0144 2.8
46.4022 -120.2608 1
City13021 46.4022 -120.2608 2.6
46.4039 -101.8456 1
City13022 46.4039 -101.8456 3.9
46.4050 -116.8039 1
City13023 46.4050 -116.8039 3.0
46.4081 -94.3556 1
City13024 46.4081 -94.3556 3.7
46.4083 -105.8400 1
City13025 46.4083 -105.8400 3.8
46.4111 -86.6478 1
City13026 46.4111 -86.6478 3.4
46.4164 -117.0442 1
City13027 46.4164 -117.0442 4.1
46.4167 -117.0167 1
City13028 46.4167 -117.0167 3.9
46.4281 -90.2458 1
City13029 46.4281 -90.2458 3.1
46.4356 -109.8336 1
City13030 46.4356 -109.8336 3.2
46.4400 -122.8456 1
City13031 46.4400 -122.8456 3.8
46.4417 -97.6808 1
City13032 46.4417 -97.6808 4.0
46.4425 -95.1358 1
City13033 46.4425 -95.1358 2.8
46.4453 -108.5411 1
City13034 46.4453 -108.5411 3.5
46.4478 -120.4192 1
City13035 46.4478 -120.4192 3.5
46.4497 -90.1864 1
City13036 46.4497 -90.1864 3.0
46.4542 -92.7617 1
City13037 46.4542 -92.7617 4.4
46.4547 -90.1708 1
City13038 46.4547 -90.1708 4.4
46.4736 -93.8986 1
City13039 46.4736 -93.8986 3.7
46.4750 -117.6017 1
City13040 46.4750 -117.6017 3.6
46.4753 -89.9397 1
City13041 46.4753 -89.9397 3.2
46.4775 -93.9775 1
City13042 46.4775 -93.9775 3.0
46.4794 -116.2542 1
City13043 46.4794 -116.2542 3.1
46.4814 -90.0528 1
City13044 46.4814 -90.0528 3.3
46.4822 -93.9575 1
City13045 46.4822 -93.9575 3.3
46.4856 -94.3603 1
City13046 46.4856 -94.3603 3.2
46.4886 -87.6675 1
City13047 46.4886 -87.6675 2.7
46.4911 -115.7981 1
City13048 46.4911 -115.7981 3.5
46.4914 -122.9367 1
City13049 46.4914 -122.9367 4.0
46.4947 -87.3542 1
City13050 46.4947 -87.3542 2.9
46.4992 -87.6117 1
City13051 46.4992 -87.6117 3.5
46.5083 -99.7708 1
City13052 46.5083 -99.7708 2.6
46.5100 -114.0922 1
City13053 46.5100 -114.0922 3.2
46.5150 -91.6997 1
City13054 46.5150 -91.6997 4.3
46.5181 -95.3758 1
City13055 46.5181 -95.3758 2.7
46.5206 -94.2883 1
City13056 46.5206 -94.2883 3.4
46.5331 -93.7100 1
City13057 46.5331 -93.7100 3.7
46.5392 -102.8678 1
City13058 46.5392 -102.8678 3.5
46.5436 -87.3953 1
City13059 46.5436 -87.3953 2.8
46.5483 -110.9014 1
City13060 46.5483 -110.9014 3.3
46.5508 -116.9244 1
City13061 46.5508 -116.9244 2.9
46.5539 -120.3819 1
City13062 46.5539 -120.3819 2.7
46.5567 -87.4372 1
City13063 46.5567 -87.4372 4.0
46.5575 -120.4739 1
City13064 46.5575 -120.4739 3.3
46.5586 -122.2739 1
City13065 46.5586 -122.2739 3.3
46.5622 -92.1472 1
City13066 46.5622 -92.1472 2.6
46.5706 -123.2961 1
City13067 46.5706 -123.2961 3.2
46.5708 -96.0828 1
City13068 46.5708 -96.0828 3.3
46.5747 -122.9069 1
City13069 46.5747 -122.9069 2.9
46.5789 -116.7050 1
City13070 46.5789 -116.7050 3.2
46.5839 -91.7989 1
City13071 46.5839 -91.7989 3.7
46.5897 -111.9147 1
City13072 46.5897 -111.9147 4.0
46.5925 -90.8836 1
City13073 46.5925 -90.8836 2.5
46.5928 -112.0353 1
City13074 46.5928 -112.0353 3.8
46.5944 -95.5722 1
City13075 46.5944 -95.5722 2.9
46.6022 -120.5047 1
City13076 46.6022 -120.5047 4.2
46.6031 -94.3092 1
City13077 46.6031 -94.3092 3.0
46.6064 -120.4386 1
City13078 46.6064 -120.4386 3.1
46.6181 -120.5519 1
City13079 46.6181 -120.5519 2.5
46.6231 -97.6011 1
City13080 46.6231 -97.6011 3.0
46.6300 -95.0886 1
City13081 46.6300 -95.0886 4.3
46.6486 -97.0167 1
City13082 46.6486 -97.0167 3.5
46.6522 -96.4194 1
City13083 46.6522 -96.4194 3.6
46.6542 -120.5289 1
City13084 46.6542 -120.5289 3.3
46.6622 -122.9628 1
City13085 46.6622 -122.9628 3.0
46.6636 -118.8600 1
City13086 46.6636 -118.8600 2.8
46.6639 -92.4247 1
City13087 46.6639 -92.4247 4.2
46.6733 -90.8947 1
City13088 46.6733 -90.8947 4.0
46.6811 -68.0164 1
City13089 46.6811 -68.0164 3.3
46.6867 -123.7317 1
City13090 46.6867 -123.7317 3.4
46.7022 -120.7542 1
City13091 46.7022 -120.7542 4.2
46.7067 -92.4281 1
City13092 46.7067 -92.4281 4.1
46.7164 -122.9531 1
City13093 46.7164 -122.9531 2.6
46.7181 -94.4039 1
City13094 46.7181 -94.4039 3.0
46.7208 -92.1039 1
City13095 46.7208 -92.1039 3.8
46.7217 -92.4592 1
City13096 46.7217 -92.4592 3.7
46.7281 -95.7006 1
City13097 46.7281 -95.7006 3.7
46.7311 -93.9578 1
City13098 46.7311 -93.9578 3.1
46.7311 -120.6983 1
City13099 46.7311 -120.6983 3.9
46.7314 -117.1786 1
City13100 46.7314 -117.1786 2.9
46.7325 -116.9992 1
City13101 46.7325 -116.9992 3.6
46.7353 -122.9878 1
City13102 46.7353 -122.9878 4.0
46.7369 -116.7686 1
City13103 46.7369 -116.7686 4.4
46.7472 -92.2253 1
City13104 46.7472 -92.2253 3.6
46.7539 -89.5839 1
City13105 46.7539 -89.5839 3.3
46.7539 -95.0978 1
City13106 46.7539 -95.0978 4.1
46.7567 -88.4528 1
City13107 46.7567 -88.4528 3.6
46.7589 -114.0800 1
City13108 46.7589 -114.0800 3.4
46.7722 -67.8344 1
City13109 46.7722 -67.8344 3.8
46.7786 -88.4889 1
City13110 46.7786 -88.4889 3.8
46.7833 -92.1064 1
City13111 46.7833 -92.1064 3.0
46.7900 -68.1581 1
City13112 46.7900 -68.1581 3.1
46.7911 -117.2494 1
City13113 46.7911 -117.2494 2.8
46.7931 -105.3117 1
City13114 46.7931 -105.3117 3.1
46.7992 -122.8686 1
City13115 46.7992 -122.8686 3.4
46.7994 -116.5550 1
City13116 46.7994 -116.5550 2.6
46.8083 -100.7833 1
City13117 46.8083 -100.7833 2.6
46.8108 -90.8181 1
City13118 46.8108 -90.8181 2.9
46.8150 -101.8294 1
City13119 46.8150 -101.8294 4.0
46.8172 -95.8450 1
City13120 46.8172 -95.8450 3.2
46.8261 -119.1742 1
City13121 46.8261 -119.1742 3.8
46.8267 -100.8892 1
City13122 46.8267 -100.8892 4.3
46.8406 -123.2311 1
City13123 46.8406 -123.2311 3.1
46.8450 -101.4108 1
City13124 46.8450 -101.4108 2.6
46.8547 -99.9156 1
City13125 46.8547 -99.9156 2.6
46.8569 -122.8517 1
City13126 46.8569 -122.8517 3.8
46.8606 -68.0125 1
City13127 46.8606 -68.0125 4.0
46.8633 -114.0475 1
City13128 46.8633 -114.0475 3.9
46.8675 -122.2653 1
City13129 46.8675 -122.2653 3.3
46.8708 -113.9436 1
City13130 46.8708 -113.9436 2.6
46.8711 -89.3139 1
City13131 46.8711 -89.3139 3.7
46.8722 -113.9931 1
City13132 46.8722 -113.9931 2.7
46.8739 -96.7672 1
City13133 46.8739 -96.7672 3.3
46.8750 -96.9000 1
City13134 46.8750 -96.9000 3.8
46.8753 -96.5786 1
City13135 46.8753 -96.5786 2.9
46.8767 -96.7031 1
City13136 46.8767 -96.7031 2.9
46.8772 -96.7894 1
City13137 46.8772 -96.7894 3.8
46.8792 -102.7892 1
City13138 46.8792 -102.7892 2.9
46.8803 -117.3633 1
City13139 46.8803 -117.3633 2.7
46.8808 -96.3164 1
City13140 46.8808 -96.3164 2.6
46.8839 -102.3153 1
City13141 46.8839 -102.3153 3.4
46.8853 -103.1992 1
City13142 46.8853 -103.1992 3.6
46.8864 -96.0942 1
City13143 46.8864 -96.0942 4.3
46.8883 -122.6872 1
City13144 46.8883 -122.6872 4.4
46.8903 -124.1028 1
City13145 46.8903 -124.1028 3.2
46.8939 -99.2994 1
City13146 46.8939 -99.2994 3.1
46.9006 -97.2108 1
City13147 46.9006 -97.2108 4.3
46.9006 -102.0450 1
City13148 46.9006 -102.0450 2.7
46.9011 -119.6294 1
City13149 46.9011 -119.6294 3.3
46.9086 -67.8264 1
City13150 46.9086 -67.8264 2.9
46.9103 -117.0747 1
City13151 46.9103 -117.0747 3.1
46.9106 -98.7081 1
City13152 46.9106 -98.7081 4.2
46.9181 -104.0039 1
City13153 46.9181 -104.0039 3.7
46.9217 -116.8972 1
City13154 46.9217 -116.8972 3.2
46.9222 -95.0583 1
City13155 46.9222 -95.0583 4.1
46.9233 -98.0028 1
City13156 46.9233 -98.0028 2.6
46.9292 -92.9194 1
City13157 46.9292 -92.9194 2.8
46.9422 -122.6047 1
City13158 46.9422 -122.6047 3.5
46.9556 -123.7725 1
City13159 46.9556 -123.7725 4.3
46.9631 -124.1639 1
City13160 46.9631 -124.1639 2.8
46.9678 -119.0386 1
City13161 46.9678 -119.0386 4.0
46.9722 -118.6142 1
City13162 46.9722 -118.6142 3.0
46.9736 -123.6911 1
City13163 46.9736 -123.6911 3.3
46.9811 -123.8881 1
City13164 46.9811 -123.8881 4.3
46.9814 -123.6014 1
City13165 46.9814 -123.6014 3.8
46.9833 -120.4158 1
City13166 46.9833 -120.4158 2.6
46.9850 -104.1878 1
City13167 46.9850 -104.1878 4.4
46.9933 -93.5983 1
City13168 46.9933 -93.5983 3.2
46.9967 -120.5467 1
City13169 46.9967 -120.5467 3.2
47.0036 -123.4075 1
City13170 47.0036 -123.4075 2.6
47.0075 -122.9081 1
City13171 47.0075 -122.9081 3.1
47.0081 -117.1400 1
City13172 47.0081 -117.1400 4.2
47.0228 -91.6706 1
City13173 47.0228 -91.6706 2.9
47.0344 -122.8219 1
City13174 47.0344 -122.8219 3.1
47.0381 -122.8994 1
City13175 47.0381 -122.8994 3.3
47.0533 -123.2642 1
City13176 47.0533 -123.2642 2.6
47.0625 -109.4275 1
City13177 47.0625 -109.4275 3.1
47.0700 -88.6431 1
City13178 47.0700 -88.6431 4.4
47.0789 -96.2586 1
City13179 47.0789 -96.2586 2.7
47.0969 -122.6300 1
City13180 47.0969 -122.6300 3.3
47.0981 -122.2031 1
City13181 47.0981 -122.2031 2.7
47.1014 -94.5869 1
City13182 47.1014 -94.5869 3.9
47.1042 -122.4333 1
City13183 47.1042 -122.4333 3.1
47.1053 -104.7119 1
City13184 47.1053 -104.7119 4.3
47.1164 -101.2992 1
City13185 47.1164 -101.2992 4.2
47.1219 -88.5689 1
City13186 47.1219 -88.5689 4.2
47.1269 -88.5808 1
City13187 47.1269 -88.5808 2.5
47.1275 -118.3789 1
City13188 47.1275 -118.3789 3.1
47.1303 -119.2769 1
City13189 47.1303 -119.2769 2.7
47.1536 -110.2175 1
City13190 47.1536 -110.2175 3.9
47.1556 -122.4328 1
City13191 47.1556 -122.4328 3.2
47.1572 -67.9358 1
City13192 47.1572 -67.9358 2.8
47.1586 -100.7831 1
City13193 47.1586 -100.7831 4.3
47.1633 -122.0256 1
City13194 47.1633 -122.0256 4.0
47.1700 -122.6014 1
City13195 47.1700 -122.6014 2.5
47.1733 -88.4292 1
City13196 47.1733 -88.4292 3.7
47.1772 -122.1853 1
City13197 47.1772 -122.1853 2.9
47.1911 -122.2894 1
City13198 47.1911 -122.2894 4.0
47.1917 -114.8908 1
City13199 47.1917 -114.8908 2.5
47.1942 -88.4072 1
City13200 47.1942 -88.4072 3.6
47.1956 -120.9381 1
City13201 47.1956 -120.9381 3.5
47.2033 -122.2392 1
City13202 47.2033 -122.2392 3.7
47.2044 -121.9903 1
City13203 47.2044 -121.9903 2.7
47.2156 -123.0961 1
City13204 47.2156 -123.0961 2.8
47.2233 -117.0711 1
City13205 47.2233 -117.0711 3.3
47.2236 -120.9919 1
City13206 47.2236 -120.9919 3.9
47.2283 -93.4889 1
City13207 47.2283 -93.4889 3.7
47.2344 -119.8514 1
City13208 47.2344 -119.8514 3.1
47.2358 -122.5492 1
City13209 47.2358 -122.5492 3.6
47.2361 -117.3689 1
City13210 47.2361 -117.3689 4.1
47.2372 -93.5300 1
City13211 47.2372 -93.5300 3.9
47.2375 -88.4431 1
City13212 47.2375 -88.4431 4.0
47.2394 -122.3558 1
City13213 47.2394 -122.3558 4.2
47.2397 -122.5147 1
City13214 47.2397 -122.5147 3.4
47.2467 -88.4539 1
City13215 47.2467 -88.4539 2.7
47.2483 -122.3117 1
City13216 47.2483 -122.3117 3.2
47.2531 -122.4431 1
City13217 47.2531 -122.4431 4.3
47.2586 -68.5900 1
City13218 47.2586 -68.5900 3.0
47.2603 -96.2586 1
City13219 47.2603 -96.2586 4.0
47.2633 -101.7775 1
City13220 47.2633 -101.7775 3.2
47.2647 -122.2489 1
City13221 47.2647 -122.2489 3.8
47.2711 -111.6997 1
City13222 47.2711 -111.6997 3.6
47.2792 -122.2508 1
City13223 47.2792 -122.2508 2.5
47.2864 -101.9222 1
City13224 47.2864 -101.9222 3.9
47.2889 -93.4275 1
City13225 47.2889 -93.4275 4.0
47.2892 -101.0286 1
City13226 47.2892 -101.0286 4.2
47.2944 -91.2572 1
City13227 47.2944 -91.2572 4.0
47.2944 -101.6222 1
City13228 47.2944 -101.6222 4.0
47.2956 -93.4186 1
City13229 47.2956 -93.4186 3.8
47.2994 -122.5069 1
City13230 47.2994 -122.5069 2.8
47.2997 -96.5150 1
City13231 47.2997 -96.5150 2.8
47.3075 -122.2272 1
City13232 47.3075 -122.2272 3.6
47.3089 -122.0019 1
City13233 47.3089 -122.0019 3.9
47.3153 -95.9683 1
City13234 47.3153 -95.9683 4.4
47.3178 -119.5525 1
City13235 47.3178 -119.5525 3.9
47.3206 -93.2983 1
City13236 47.3206 -93.2983 4.4
47.3211 -101.3811 1
City13237 47.3211 -101.3811 4.3
47.3294 -122.5789 1
City13238 47.3294 -122.5789 2.9
47.3331 -93.7925 1
City13239 47.3331 -93.7925 3.1
47.3333 -118.6897 1
City13240 47.3333 -118.6897 4.2
47.3353 -116.8875 1
City13241 47.3353 -116.8875 2.7
47.3458 -105.5917 1
City13242 47.3458 -105.5917 2.7
47.3517 -96.8283 1
City13243 47.3517 -96.8283 3.6
47.3719 -102.7536 1
City13244 47.3719 -102.7536 3.8
47.3794 -94.6039 1
City13245 47.3794 -94.6039 2.6
47.3803 -93.1681 1
City13246 47.3803 -93.1681 3.9
47.3811 -122.2336 1
City13247 47.3811 -122.2336 4.3
47.3853 -117.1706 1
City13248 47.3853 -117.1706 3.6
47.3861 -110.9247 1
City13249 47.3861 -110.9247 4.1
47.3894 -119.4894 1
City13250 47.3894 -119.4894 2.7
47.3997 -93.0722 1
City13251 47.3997 -93.0722 2.8
47.4019 -122.3231 1
City13252 47.4019 -122.3231 3.7
47.4039 -97.0617 1
City13253 47.4039 -97.0617 2.6
47.4158 -120.2919 1
City13254 47.4158 -120.2919 2.6
47.4236 -120.3092 1
City13255 47.4236 -120.3092 3.2
47.4364 -122.3394 1
City13256 47.4364 -122.3394 2.8
47.4444 -98.1236 1
City13257 47.4444 -98.1236 4.3
47.4497 -99.1258 1
City13258 47.4497 -99.1258 4.2
47.4564 -101.1367 1
City13259 47.4564 -101.1367 2.8
47.4603 -114.8819 1
City13260 47.4603 -114.8819 3.7
47.4625 -92.5397 1
City13261 47.4625 -92.5397 3.7
47.4703 -115.8008 1
City13262 47.4703 -115.8008 4.0
47.4706 -122.3456 1
City13263 47.4706 -122.3456 4.2
47.4736 -94.8800 1
City13264 47.4736 -94.8800 3.2
47.4742 -115.9269 1
City13265 47.4742 -115.9269 3.8
47.4742 -122.2597 1
City13266 47.4742 -122.2597 4.0
47.4811 -118.2533 1
City13267 47.4811 -118.2533 2.9
47.4831 -122.2158 1
City13268 47.4831 -122.2158 2.9
47.4844 -122.2933 1
City13269 47.4844 -122.2933 3.0
47.4858 -100.4428 1
City13270 47.4858 -100.4428 2.9
47.4875 -117.5747 1
City13271 47.4875 -117.5747 2.9
47.4889 -92.4647 1
City13272 47.4889 -92.4647 3.0
47.4892 -92.8836 1
City13273 47.4892 -92.8836 3.5
47.4936 -92.7778 1
City13274 47.4936 -92.7778 2.9
47.4958 -121.7856 1
City13275 47.4958 -121.7856 3.4
47.4981 -97.3242 1
City13276 47.4981 -97.3242 2.8
47.4983 -97.3700 1
City13277 47.4983 -97.3700 3.0
47.5000 -111.3000 1
City13278 47.5000 -111.3000 3.0
47.5061 -115.9983 1
City13279 47.5061 -115.9983 3.7
47.5142 -97.8356 1
City13280 47.5142 -97.8356 3.2
47.5197 -92.1383 1
City13281 47.5197 -92.1383 3.5
47.5200 -100.8897 1
City13282 47.5200 -100.8897 3.8
47.5217 -95.3981 1
City13283 47.5217 -95.3981 3.5
47.5225 -120.4686 1
City13284 47.5225 -120.4686 4.4
47.5233 -92.5364 1
City13285 47.5233 -92.5364 3.2
47.5236 -122.6231 1
City13286 47.5236 -122.6231 3.3
47.5289 -114.1006 1
City13287 47.5289 -114.1006 3.7
47.5289 -121.8242 1
City13288 47.5289 -121.8242 3.1
47.5300 -92.2369 1
City13289 47.5300 -92.2369 3.1
47.5303 -122.0314 1
City13290 47.5303 -122.0314 3.1
47.5325 -92.6233 1
City13291 47.5325 -92.6233 4.3
47.5331 -92.3400 1
City13292 47.5331 -92.3400 3.1
47.5361 -96.2800 1
City13293 47.5361 -96.2800 3.4
47.5383 -116.1183 1
City13294 47.5383 -116.1183 2.6
47.5406 -122.6350 1
City13295 47.5406 -122.6350 4.3
47.5411 -122.1753 1
City13296 47.5411 -122.1753 3.1
47.5428 -116.1806 1
City13297 47.5428 -116.1806 3.4
47.5536 -122.6633 1
City13298 47.5536 -122.6633 3.8
47.5606 -111.5450 1
City13299 47.5606 -111.5450 2.6
47.5669 -122.1572 1
City13300 47.5669 -122.1572 3.6
47.5675 -122.6314 1
City13301 47.5675 -122.6314 3.6
47.5708 -122.2208 1
City13302 47.5708 -122.2208 3.2
47.5731 -117.6811 1
City13303 47.5731 -117.6811 3.2
47.5764 -95.7511 1
City13304 47.5764 -95.7511 3.1
47.5831 -122.7072 1
City13305 47.5831 -122.7072 3.2
47.5850 -122.5975 1
City13306 47.5850 -122.5975 3.8
47.5964 -120.6603 1
City13307 47.5964 -120.6603 2.6
47.5972 -115.3433 1
City13308 47.5972 -115.3433 4.1
47.6000 -122.6917 1
City13309 47.6000 -122.6917 4.1
47.6064 -122.3308 1
City13310 47.6064 -122.3308 2.6
47.6092 -114.6678 1
City13311 47.6092 -114.6678 3.0
47.6092 -122.6539 1
City13312 47.6092 -122.6539 4.2
47.6106 -122.1994 1
City13313 47.6106 -122.1994 3.9
47.6114 -119.2911 1
City13314 47.6114 -119.2911 4.1
47.6147 -111.9794 1
City13315 47.6147 -111.9794 4.1
47.6211 -122.2264 1
City13316 47.6211 -122.2264 3.8
47.6225 -122.0669 1
City13317 47.6225 -122.0669 3.3
47.6247 -122.5200 1
City13318 47.6247 -122.5200 2.8
47.6319 -122.2167 1
City13319 47.6319 -122.2167 3.5
47.6369 -95.8861 1
City13320 47.6369 -95.8861 3.5
47.6397 -97.4531 1
City13321 47.6397 -97.4531 3.1
47.6447 -117.5922 1
City13322 47.6447 -117.5922 2.7
47.6464 -122.2161 1
City13323 47.6464 -122.2161 3.1
47.6472 -120.0700 1
City13324 47.6472 -120.0700 4.3
47.6481 -121.9128 1
City13325 47.6481 -121.9128 4.1
47.6483 -117.0914 1
City13326 47.6483 -117.0914 4.1
47.6492 -99.6289 1
City13327 47.6492 -99.6289 4.3
47.6522 -101.4153 1
City13328 47.6522 -101.4153 2.9
47.6542 -118.1489 1
City13329 47.6542 -118.1489 3.1
47.6569 -117.1953 1
City13330 47.6569 -117.1953 2.5
47.6569 -117.2822 1
City13331 47.6569 -117.2822 3.6
47.6575 -117.2389 1
City13332 47.6575 -117.2389 3.6
47.6589 -117.4250 1
City13333 47.6589 -117.4250 4.1
47.6675 -96.0097 1
City13334 47.6675 -96.0097 2.8
47.6742 -122.1203 1
City13335 47.6742 -122.1203 3.5
47.6778 -116.7794 1
City13336 47.6778 -116.7794 3.5
47.6800 -99.1375 1
City13337 47.6800 -99.1375 3.7
47.6814 -117.2817 1
City13338 47.6814 -117.2817 3.5
47.6817 -122.2075 1
City13339 47.6817 -122.2075 4.0
47.6919 -95.4308 1
City13340 47.6919 -95.4308 4.0
47.6936 -114.1622 1
City13341 47.6936 -114.1622 3.1
47.7033 -122.2058 1
City13342 47.7033 -122.2058 2.9
47.7086 -91.9444 1
City13343 47.7086 -91.9444 4.0
47.7167 -104.1558 1
City13344 47.7167 -104.1558 2.6
47.7181 -116.9506 1
City13345 47.7181 -116.9506 3.1
47.7297 -116.7692 1
City13346 47.7297 -116.7692 4.1
47.7314 -122.5511 1
City13347 47.7314 -122.5511 3.7
47.7331 -94.5483 1
City13348 47.7331 -94.5483 4.2
47.7342 -97.5664 1
City13349 47.7342 -97.5664 3.9
47.7361 -122.6453 1
City13350 47.7361 -122.6453 3.0
47.7425 -121.9844 1
City13351 47.7425 -121.9844 4.3
47.7506 -90.3342 1
City13352 47.7506 -90.3342 2.9
47.7569 -122.2797 1
City13353 47.7569 -122.2797 3.7
47.7575 -122.2428 1
City13354 47.7575 -122.2428 3.1
47.7589 -118.7044 1
City13355 47.7589 -118.7044 3.4
47.7600 -122.2044 1
City13356 47.7600 -122.2044 3.7
47.7614 -122.3450 1
City13357 47.7614 -122.3450 3.3
47.7639 -98.1769 1
City13358 47.7639 -98.1769 2.8
47.7661 -116.7856 1
City13359 47.7661 -116.7856 3.1
47.7697 -99.9350 1
City13360 47.7697 -99.9350 3.5
47.7736 -97.1094 1
City13361 47.7736 -97.1094 3.6
47.7742 -96.6078 1
City13362 47.7742 -96.6078 3.7
47.7847 -122.2731 1
City13363 47.7847 -122.2731 3.6
47.7883 -122.3075 1
City13364 47.7883 -122.3075 2.8
47.7964 -122.3817 1
City13365 47.7964 -122.3817 2.5
47.8022 -103.2828 1
City13366 47.8022 -103.2828 2.5
47.8056 -92.2744 1
City13367 47.8056 -92.2744 2.9
47.8108 -122.3761 1
City13368 47.8108 -122.3761 3.1
47.8125 -116.8956 1
City13369 47.8125 -116.8956 3.0
47.8139 -112.6792 1
City13370 47.8139 -112.6792 3.8
47.8200 -110.6722 1
City13371 47.8200 -110.6722 3.8
47.8211 -122.3139 1
City13372 47.8211 -122.3139 3.2
47.8222 -122.2808 1
City13373 47.8222 -122.2808 3.1
47.8392 -95.8542 1
City13374 47.8392 -95.8542 4.3
47.8411 -120.0153 1
City13375 47.8411 -120.0153 4.1
47.8525 -92.6894 1
City13376 47.8525 -92.6894 3.1
47.8556 -121.9697 1
City13377 47.8556 -121.9697 2.7
47.8564 -104.0444 1
City13378 47.8564 -104.0444 3.6
47.8569 -121.6958 1
City13379 47.8569 -121.6958 3.7
47.8628 -121.8153 1
City13380 47.8628 -121.8153 2.9
47.8822 -96.2739 1
City13381 47.8822 -96.2739 3.9
47.9033 -91.8669 1
City13382 47.9033 -91.8669 2.7
47.9067 -97.6264 1
City13383 47.9067 -97.6264 3.7
47.9131 -122.0969 1
City13384 47.9131 -122.0969 2.6
47.9189 -97.3647 1
City13385 47.9189 -97.3647 4.0
47.9253 -97.0325 1
City13386 47.9253 -97.0325 2.5
47.9300 -97.0242 1
City13387 47.9300 -97.0242 3.8
47.9325 -119.0369 1
City13388 47.9325 -119.0369 4.0
47.9417 -119.0022 1
City13389 47.9417 -119.0022 4.2
47.9447 -122.3033 1
City13390 47.9447 -122.3033 4.4
47.9506 -124.3842 1
City13391 47.9506 -124.3842 3.7
47.9533 -102.1344 1
City13392 47.9533 -102.1344 2.8
47.9625 -99.5297 1
City13393 47.9625 -99.5297 4.3
47.9656 -118.9750 1
City13394 47.9656 -118.9750 4.3
47.9664 -116.8675 1
City13395 47.9664 -116.8675 2.7
47.9772 -102.4964 1
City13396 47.9772 -102.4964 3.2
47.9792 -122.2008 1
City13397 47.9792 -122.2008 3.7
48.0083 -119.6700 1
City13398 48.0083 -119.6700 3.8
48.0403 -122.4050 1
City13399 48.0403 -122.4050 4.3
48.0428 -98.3358 1
City13400 48.0428 -98.3358 3.1
48.0511 -119.9022 1
City13401 48.0511 -119.9022 3.0
48.0519 -122.1758 1
City13402 48.0519 -122.1758 3.6
48.0561 -100.9289 1
City13403 48.0561 -100.9289 2.6
48.0633 -114.0717 1
City13404 48.0633 -114.0717 3.4
48.0797 -123.1006 1
City13405 48.0797 -123.1006 3.7
48.0842 -121.9675 1
City13406 48.0842 -121.9675 3.1
48.0906 -105.6400 1
City13407 48.0906 -105.6400 3.9
48.0961 -119.7794 1
City13408 48.0961 -119.7794 2.5
48.0981 -109.0481 1
City13409 48.0981 -109.0481 2.8
48.1128 -98.8647 1
City13410 48.1128 -98.8647 2.8
48.1131 -105.1978 1
City13411 48.1131 -105.1978 3.1
48.1172 -122.7592 1
City13412 48.1172 -122.7592 2.9
48.1183 -123.4294 1
City13413 48.1183 -123.4294 4.1
48.1192 -96.1808 1
City13414 48.1192 -96.1808 4.3
48.1333 -103.6333 1
City13415 48.1333 -103.6333 4.3
48.1444 -104.5164 1
City13416 48.1444 -104.5164 3.5
48.1703 -111.9453 1
City13417 48.1703 -111.9453 4.0
48.1786 -110.1114 1
City13418 48.1786 -110.1114 2.6
48.1808 -117.0358 1
City13419 48.1808 -117.0358 3.6
48.1958 -114.3119 1
City13420 48.1958 -114.3119 4.3
48.1967 -96.7725 1
City13421 48.1967 -96.7725 3.1
48.1969 -106.6361 1
City13422 48.1969 -106.6361 4.2
48.1989 -122.1239 1
City13423 48.1989 -122.1239 3.3
48.2200 -122.6850 1
City13424 48.2200 -122.6850 3.5
48.2258 -114.2753 1
City13425 48.2258 -114.2753 2.7
48.2325 -101.2958 1
City13426 48.2325 -101.2958 3.1
48.2364 -101.1331 1
City13427 48.2364 -101.1331 2.7
48.2414 -122.3694 1
City13428 48.2414 -122.3694 4.0
48.2556 -121.6003 1
City13429 48.2556 -121.6003 2.7
48.2753 -101.4283 1
City13430 48.2753 -101.4283 2.8
48.2764 -117.7144 1
City13431 48.2764 -117.7144 3.7
48.2767 -116.5522 1
City13432 48.2767 -116.5522 2.8
48.2889 -99.4372 1
City13433 48.2889 -99.4372 2.7
48.2917 -97.3711 1
City13434 48.2917 -97.3711 3.2
48.2933 -122.6419 1
City13435 48.2933 -122.6419 3.0
48.3078 -112.2489 1
City13436 48.3078 -112.2489 2.7
48.3172 -102.3900 1
City13437 48.3172 -102.3900 2.6
48.3328 -96.8206 1
City13438 48.3328 -96.8206 4.0
48.3444 -103.1647 1
City13439 48.3444 -103.1647 3.2
48.3458 -100.4050 1
City13440 48.3458 -100.4050 3.2
48.3597 -107.8736 1
City13441 48.3597 -107.8736 4.3
48.3614 -119.5822 1
City13442 48.3614 -119.5822 3.5
48.3636 -120.1211 1
City13443 48.3636 -120.1211 4.4
48.3689 -99.9958 1
City13444 48.3689 -99.9958 4.2
48.3725 -114.1806 1
City13445 48.3725 -114.1806 3.2
48.3883 -115.5550 1
City13446 48.3883 -115.5550 4.0
48.3925 -122.4936 1
City13447 48.3925 -122.4936 3.5
48.3972 -102.9378 1
City13448 48.3972 -102.9378 4.2
48.3986 -97.7408 1
City13449 48.3986 -97.7408 3.6
48.3989 -93.5556 1
City13450 48.3989 -93.5556 2.5
48.4111 -114.3367 1
City13451 48.4111 -114.3367 3.1
48.4111 -119.5264 1
City13452 48.4111 -119.5264 3.5
48.4122 -97.4103 1
City13453 48.4122 -97.4103 3.7
48.4214 -122.3328 1
City13454 48.4214 -122.3328 4.3
48.4500 -96.8722 1
City13455 48.4500 -96.8722 3.3
48.4633 -115.8886 1
City13456 48.4633 -115.8886 3.9
48.4758 -122.3242 1
City13457 48.4758 -122.3242 4.3
48.4867 -99.2094 1
City13458 48.4867 -99.2094 3.4
48.5039 -122.2361 1
City13459 48.5039 -122.2361 3.3
48.5053 -111.8561 1
City13460 48.5053 -111.8561 3.3
48.5106 -110.9667 1
City13461 48.5106 -110.9667 3.5
48.5128 -122.6114 1
City13462 48.5128 -122.6114 3.1
48.5333 -108.7833 1
City13463 48.5333 -108.7833 2.9
48.5344 -123.0158 1
City13464 48.5344 -123.0158 3.7
48.5394 -121.7450 1
City13465 48.5394 -121.7450 3.2
48.5467 -117.9044 1
City13466 48.5467 -117.9044 2.9
48.5500 -109.6833 1
City13467 48.5500 -109.6833 3.4
48.5569 -113.0125 1
City13468 48.5569 -113.0125 3.0
48.5711 -97.1775 1
City13469 48.5711 -97.1775 2.9
48.5775 -96.5203 1
City13470 48.5775 -96.5203 4.2
48.5867 -93.3989 1
City13471 48.5867 -93.3989 4.0
48.5900 -109.2306 1
City13472 48.5900 -109.2306 4.2
48.6011 -93.4108 1
City13473 48.6011 -93.4108 4.0
48.6108 -118.0547 1
City13474 48.6108 -118.0547 3.9
48.6331 -112.3253 1
City13475 48.6331 -112.3253 4.2
48.6483 -118.7367 1
City13476 48.6483 -118.7367 2.8
48.6608 -99.8411 1
City13477 48.6608 -99.8411 3.7
48.6747 -102.0822 1
City13478 48.6747 -102.0822 4.3
48.6914 -116.3153 1
City13479 48.6914 -116.3153 2.9
48.7006 -96.1814 1
City13480 48.7006 -96.1814 3.9
48.7053 -119.4383 1
City13481 48.7053 -119.4383 3.1
48.7125 -94.5997 1
City13482 48.7125 -94.5997 4.3
48.7411 -117.4161 1
City13483 48.7411 -117.4161 2.7
48.7458 -122.4006 1
City13484 48.7458 -122.4006 4.4
48.7597 -122.4869 1
City13485 48.7597 -122.4869 4.3
48.7600 -98.3678 1
City13486 48.7600 -98.3678 4.3
48.7633 -101.5128 1
City13487 48.7633 -101.5128 3.0
48.7744 -96.9461 1
City13488 48.7744 -96.9461 4.3
48.7747 -104.5619 1
City13489 48.7747 -104.5619 2.5
48.7925 -105.4203 1
City13490 48.7925 -105.4203 3.7
48.7939 -97.6219 1
City13491 48.7939 -97.6219 2.9
48.8031 -102.2456 1
City13492 48.8031 -102.2456 3.0
48.8131 -100.0606 1
City13493 48.8131 -100.0606 3.3
48.8272 -100.4453 1
City13494 48.8272 -100.4453 2.8
48.8392 -99.7444 1
City13495 48.8392 -99.7444 3.1
48.8461 -95.7625 1
City13496 48.8461 -95.7625 3.6
48.8467 -122.5897 1
City13497 48.8467 -122.5897 4.1
48.8578 -99.6175 1
City13498 48.8578 -99.6175 2.7
48.8800 -115.0525 1
City13499 48.8800 -115.0525 3.4
48.9053 -95.3142 1
City13500 48.9053 -95.3142 3.5
48.9094 -101.0203 1
City13501 48.9094 -101.0203 4.1
48.9142 -103.2944 1
City13502 48.9142 -103.2944 3.4
48.9203 -122.3414 1
City13503 48.9203 -122.3414 3.2
48.9233 -97.9178 1
City13504 48.9233 -97.9178 3.2
48.9392 -119.4344 1
City13505 48.9392 -119.4344 3.9
48.9467 -122.4508 1
City13506 48.9467 -122.4508 3.3
48.9664 -97.2433 1
City13507 48.9664 -97.2433 3.0
48.9939 -122.7458 1
City13508 48.9939 -122.7458 3.7
49.0000 -122.2636 1
City13509 49.0000 -122.2636 3.5
44.3386 -68.2733 1
AcadiaNP,ME 44.3386 -68.2733 4.8
38.4755 -78.4535 1
ShenandoahNP,VA 38.4755 -78.4535 4.6
35.6118 -83.4895 1
GreatSmokyMountainsNP,TN 35.6118 -83.4895 4.8
37.1870 -86.1005 1
MammothCaveNP,KY 37.1870 -86.1005 4.5
33.7948 -80.7821 1
CongareeNP,SC 33.7948 -80.7821 4.3
25.2866 -80.8987 1
EvergladesNP,FL 25.2866 -80.8987 4.6
25.4824 -80.2083 1
BiscayneNP,FL 25.4824 -80.2083 4.4
24.6285 -82.8732 1
DryTortugasNP,FL 24.6285 -82.8732 4.7
37.9393 -81.0676 1
NewRiverGorgeNP,WV 37.9393 -81.0676 4.6
41.2808 -81.5678 1
CuyahogaValleyNP,OH 41.2808 -81.5678 4.3
41.6533 -87.0524 1
IndianaDunesNP,IN 41.6533 -87.0524 4.2
38.6247 -90.1848 1
GatewayArchNP,MO 38.6247 -90.1848 4.1
34.5217 -93.0424 1
HotSpringsNP,AR 34.5217 -93.0424 4.2
48.4839 -92.8383 1
VoyageursNP,MN 48.4839 -92.8383 4.6
48.0000 -88.5500 1
IsleRoyaleNP,MI 48.0000 -88.5500 4.7
46.9790 -103.5387 1
TheodoreRooseveltNP,ND 46.9790 -103.5387 4.6
43.5724 -103.4213 1
WindCaveNP,SD 43.5724 -103.4213 4.4
43.8554 -102.3397 1
BadlandsNP,SD 43.8554 -102.3397 4.7
29.1275 -103.2425 1
BigBendNP,TX 29.1275 -103.2425 4.8
31.9231 -104.8645 1
GuadalupeMountainsNP,TX 31.9231 -104.8645 4.5
32.1479 -104.5567 1
CarlsbadCavernsNP,NM 32.1479 -104.5567 4.6
32.7872 -106.3257 1
WhiteSandsNP,NM 32.7872 -106.3257 4.7
34.9100 -109.8068 1
PetrifiedForestNP,AZ 34.9100 -109.8068 4.4
32.2967 -111.1666 1
SaguaroNP,AZ 32.2967 -111.1666 4.5
36.1069 -112.1129 1
GrandCanyonNP,AZ 36.1069 -112.1129 5.0
37.2982 -113.0263 1
ZionNP,UT 37.2982 -113.0263 4.9
37.5930 -112.1871 1
BryceCanyonNP,UT 37.5930 -112.1871 4.9
38.3670 -111.2615 1
CapitolReefNP,UT 38.3670 -111.2615 4.7
38.2136 -109.9025 1
CanyonlandsNP,UT 38.2136 -109.9025 4.8
38.7331 -109.5925 1
ArchesNP,UT 38.7331 -109.5925 4.9
37.2309 -108.4618 1
MesaVerdeNP,CO 37.2309 -108.4618 4.6
38.5754 -107.7416 1
BlackCanyonNP,CO 38.5754 -107.7416 4.7
37.7916 -105.5943 1
GreatSandDunesNP,CO 37.7916 -105.5943 4.7
40.3428 -105.6836 1
RockyMountainNP,CO 40.3428 -105.6836 4.9
38.9833 -114.3000 1
GreatBasinNP,NV 38.9833 -114.3000 4.5
36.5054 -117.0794 1
DeathValleyNP,CA 36.5054 -117.0794 4.7
33.8734 -115.9010 1
JoshuaTreeNP,CA 33.8734 -115.9010 4.7
34.0069 -119.7785 1
ChannelIslandsNP,CA 34.0069 -119.7785 4.6
36.4906 -121.1825 1
PinnaclesNP,CA 36.4906 -121.1825 4.4
36.4864 -118.5658 1
SequoiaNP,CA 36.4864 -118.5658 4.8
36.8879 -118.5551 1
KingsCanyonNP,CA 36.8879 -118.5551 4.8
37.8651 -119.5383 1
YosemiteNP,CA 37.8651 -119.5383 5.0
40.4977 -121.4207 1
LassenVolcanicNP,CA 40.4977 -121.4207 4.6
41.2132 -124.0046 1
RedwoodNP,CA 41.2132 -124.0046 4.8
42.8684 -122.1685 1
CraterLakeNP,OR 42.8684 -122.1685 4.9
46.8800 -121.7269 1
MountRainierNP,WA 46.8800 -121.7269 4.9
47.8021 -123.6044 1
OlympicNP,WA 47.8021 -123.6044 4.8
48.7718 -121.2985 1
NorthCascadesNP,WA 48.7718 -121.2985 4.8
48.7596 -113.7870 1
GlacierNP,MT 48.7596 -113.7870 5.0
44.4280 -110.5885 1
YellowstoneNP,WY 44.4280 -110.5885 5.0
43.7904 -110.6818 1
GrandTetonNP,WY 43.7904 -110.6818 4.9
36.9980 -110.0985 1
MonumentValley,AZ 36.9980 -110.0985 4.8
36.8791 -111.5104 1
HorseshoeBend,AZ 36.8791 -111.5104 4.6
36.8619 -111.3743 1
AntelopeCanyon,AZ 36.8619 -111.3743 4.8
39.0968 -120.0324 1
LakeTahoe,CA 39.0968 -120.0324 4.8
43.0962 -79.0377 1
NiagaraFalls,NY 43.0962 -79.0377 4.7
43.8791 -103.4591 1
MountRushmore,SD 43.8791 -103.4591 4.5
44.5902 -104.7146 1
DevilsTower,WY 44.5902 -104.7146 4.6
36.2704 -121.8081 1
BigSur,CA 36.2704 -121.8081 4.9
